category,type,difficulty,question,correct_answer,incorrect_answers,scraped_at
General Knowledge,multiple,easy,Which restaurant's mascot is a clown?,McDonald's,Whataburger | Burger King | Sonic,2026-09-10T09:16:25.831705+00:00
General Knowledge,boolean,hard,"This is the correct spelling of ""Supercalifragilisticexpialidocious"".",True,False,2026-09-10T09:16:25.831727+00:00
General Knowledge,multiple,hard,"In linguistics, which of the following is not one of the Gricean Maxims under the Cooperative Principal?",Length,Quality | Relation | Manner,2026-09-10T09:16:25.831738+00:00
General Knowledge,multiple,medium,Which logical fallacy means to attack the character of your opponent rather than their arguments?,Ad hominem,Post hoc ergo propter hoc | Tu quoque | Argumentum ad populum,2026-09-10T09:16:25.832214+00:00
General Knowledge,multiple,hard,What is the name of the currency used in Ethiopia?,Birr,Dirham | U.S. Dollar | Rand,2026-09-10T09:16:25.832227+00:00
General Knowledge,boolean,easy,You can legally drink alcohol while driving in Mississippi.,True,False,2026-09-10T09:16:25.832233+00:00
General Knowledge,multiple,medium,"On average, Americans consume 100 pounds of what per second?",Chocolate,Potatoes | Donuts | Cocaine,2026-09-10T09:16:25.832241+00:00
General Knowledge,multiple,easy,"If you are traveling at a speed of 80 mph, how long will it take you to drive 80 miles?",60 minutes,90 minutes | 30 minutes | 50 minutes,2026-09-10T09:16:25.832257+00:00
General Knowledge,multiple,medium,What is the real name of viral internet meme Grumpy Cat?,Tardar Sauce,Lil Bub | Maru | Colonel Meow,2026-09-10T09:16:25.832269+00:00
General Knowledge,multiple,easy,Which American-owned brewery led the country in sales by volume in 2015?,"D. G. Yuengling and Son, Inc",Anheuser Busch | Boston Beer Company | Miller Coors,2026-09-10T09:16:25.832285+00:00
General Knowledge,boolean,easy,March 10th is also known as Mar10 Day.,True,False,2026-09-10T09:16:25.832291+00:00
General Knowledge,multiple,medium,Scotch whisky and Drambuie make up which cocktail?,Rusty Nail,Screwdriver | Sex on the Beach | Manhattan,2026-09-10T09:16:25.832301+00:00
General Knowledge,multiple,easy,Which company did Valve cooperate with in the creation of the Vive?,HTC,Oculus | Google | Razer,2026-09-10T09:16:25.832308+00:00
General Knowledge,boolean,easy,French is an official language in Canada.,True,False,2026-09-10T09:16:25.832315+00:00
General Knowledge,multiple,easy,Which of these Marvel games was released on the Playstation 2?,Spider-Man 2,Silver Surfer | Howard the Duck | Wolverine: Adamantium Rage,2026-09-10T09:16:25.832330+00:00
General Knowledge,multiple,easy,"According to the nursery rhyme, what fruit did Little Jack Horner pull out of his Christmas pie?",Plum,Apple | Peach | Pear,2026-09-10T09:16:25.832339+00:00
General Knowledge,multiple,medium,What year was the first Apple iPod introduced?,2001,2000 | 1999 | 1998,2026-09-10T09:16:25.832345+00:00
General Knowledge,multiple,easy,Which one of these is not a typical European sword design?,Scimitar,Falchion | Ulfberht | Flamberge,2026-09-10T09:16:25.832352+00:00
General Knowledge,multiple,hard,"The word ""aprosexia"" means which of the following?",The inability to concentrate on anything,The inability to make decisions | A feverish desire to rip one's clothes off | The inability to stand up,2026-09-10T09:16:25.832369+00:00
General Knowledge,boolean,easy,The disease cancer in itself is not contagious.,True,False,2026-09-10T09:16:25.832374+00:00
General Knowledge,multiple,medium,What is the average life span of a garden ant?,15 years,24 hours | 1 week | 3 years,2026-09-10T09:16:25.832387+00:00
General Knowledge,multiple,medium,What does a milliner make and sell?,Hats,Shoes | Belts | Shirts,2026-09-10T09:16:25.832393+00:00
General Knowledge,multiple,medium,"What was the height of Kingda Ka, the tallest roller coaster in the world from 2005 to 2024?",456 ft,500 ft | 429 ft | 396 ft,2026-09-10T09:16:25.832409+00:00
General Knowledge,multiple,hard,What was Bank of America originally established as?,Bank of Italy,Bank of Long Island | Bank of Pennsylvania | Bank of Charlotte,2026-09-10T09:16:25.832434+00:00
General Knowledge,boolean,hard,"""Number 16 Bus Shelter"" was a child's name that was approved by the New Zealand government.",True,False,2026-09-10T09:16:25.832442+00:00
General Knowledge,boolean,medium,The Original Jack-o-Lanterns were actually hollowed out turnips.,True,False,2026-09-10T09:16:25.832448+00:00
General Knowledge,multiple,easy,"The New York Times slogan is, “All the News That’s Fit to…”",Print,Digest | Look | Read,2026-09-10T09:16:25.832458+00:00
General Knowledge,multiple,medium,Earl Grey tea is black tea flavoured with what?,Bergamot oil,Lavender | Vanilla | Honey,2026-09-10T09:16:25.832466+00:00
General Knowledge,multiple,easy,What is the closest planet to our solar system's sun?,Mercury,Mars | Jupiter | Earth,2026-09-10T09:16:25.832473+00:00
General Knowledge,boolean,medium,Haggis is traditionally ate on Burns Night.,True,False,2026-09-10T09:16:25.832479+00:00
General Knowledge,multiple,easy," Which chemical element, number 11 in the Periodic table, has the symbol Na?",Sodium,Carbon | Lead | Nitrogen,2026-09-10T09:16:25.832487+00:00
General Knowledge,multiple,easy,"In Half-Life, what is the name of the alien that attaches to heads?",Headcrab,Bullsquid | Vortigaunt | Facehugger,2026-09-10T09:16:25.832494+00:00
General Knowledge,boolean,medium,The average woman is 5 inches / 13 centimeters shorter than the average man.,True,False,2026-09-10T09:16:25.832501+00:00
General Knowledge,multiple,easy,Which language is most widely spoken in Switzerland?,German,French | Italian | Swiss,2026-09-10T09:16:25.832508+00:00
General Knowledge,multiple,hard,Nephelococcygia is the practice of doing what?,Finding shapes in clouds,Sleeping with your eyes open | Breaking glass with your voice | Swimming in freezing water,2026-09-10T09:16:25.832523+00:00
General Knowledge,multiple,medium,"The term ""scientist"" was coined in which year?",1833,1933 | 1942 | 1796,2026-09-10T09:16:25.832529+00:00
General Knowledge,boolean,medium,"The word ""news"" originates from the first letters of the 4 main directions on a compass (North, East, West, South).",False,True,2026-09-10T09:16:25.832540+00:00
General Knowledge,multiple,medium,What was Mountain Dew's original slogan?,Yahoo! Mountain Dew... It'll tickle your innards!,Give Me A Dew | Do The Dew | Get' that barefoot feelin' drinkin' Mountain Dew,2026-09-10T09:16:25.832558+00:00
General Knowledge,multiple,easy,What geometric shape is generally used for stop signs?,Octagon,Hexagon | Circle | Triangle,2026-09-10T09:16:25.832564+00:00
General Knowledge,multiple,hard,What year was Queen Elizabeth II born?,1926,1923 | 1929 | 1930,2026-09-10T09:16:25.832569+00:00
General Knowledge,boolean,medium,Francis Bacon died from a fatal case of pneumonia while he was attempting to preserve meat by stuffing a chicken with snow.,True,False,2026-09-10T09:16:25.832578+00:00
General Knowledge,multiple,medium,"What was the original name of the search engine ""Google""?",BackRub,CatMassage | SearchPro | Netscape Navigator,2026-09-10T09:16:25.832586+00:00
General Knowledge,multiple,easy,"In past times, what would a gentleman keep in his fob pocket?",Watch,Money | Keys | Notebook,2026-09-10T09:16:25.832595+00:00
General Knowledge,boolean,easy,Video streaming website YouTube was purchased in it's entirety by Facebook for US$1.65 billion in stock.,False,True,2026-09-10T09:16:25.832602+00:00
General Knowledge,boolean,medium,"The French word for ""glass"" is ""glace"".",False,True,2026-09-10T09:16:25.832608+00:00
General Knowledge,multiple,medium,Which essential condiment is also known as Japanese horseradish?,Wasabi ,Mentsuyu | Karashi | Ponzu,2026-09-10T09:16:25.832617+00:00
General Knowledge,multiple,medium,Bob and Mike Bryan were well known brothers in which sport?,Tennis,Basketball | Football | Baseball,2026-09-10T09:16:25.832623+00:00
General Knowledge,multiple,medium,What is the name of the very first video uploaded to YouTube?,Me at the zoo,tribute | carrie rides a truck | Her new puppy from great grandpa vern.,2026-09-10T09:16:25.832637+00:00
General Knowledge,multiple,medium,"In what year did Halley's Comet, which will not appear again until the year 2061, previously approach Earth?",1986,2001 | 1942 | 1909,2026-09-10T09:16:25.832646+00:00
General Knowledge,multiple,medium,"In ancient Greece, if your job were a ""hippeus"" which of these would you own?",Horse,Weave | Guitar | Boat,2026-09-10T09:16:25.832655+00:00
General Knowledge,boolean,easy,"When you cry in space, your tears stick to your face.",True,False,2026-09-10T09:16:31.435797+00:00
General Knowledge,multiple,medium,Macintosh has named six of its operating systems after big cats. What big cat did Macintosh name their 2007 release after? ,Leopard,Tiger | Panther | Puma,2026-09-10T09:16:31.435817+00:00
General Knowledge,multiple,hard,Which of these anatomical terms refers to the tail end of the creature?,Caudal,Ventral | Proximal | Coronal,2026-09-10T09:16:31.435826+00:00
General Knowledge,boolean,medium,An eggplant is a vegetable.,False,True,2026-09-10T09:16:31.435832+00:00
General Knowledge,multiple,hard,"De Eemhof, Port Zelande and Het Heijderbos are holiday villas owned by what company?",Center Parcs,Yelloh Village | Keycamp | Villa Plus,2026-09-10T09:16:31.435846+00:00
General Knowledge,multiple,easy,Which country developed the AK-47 assault rifle?,Soviet Union,Iran | Israel | Poland,2026-09-10T09:16:31.435855+00:00
General Knowledge,multiple,easy,Which of the following nations was NOT a belligerent in World War I?,Denmark,Portugal | Greece | Romania,2026-09-10T09:16:31.435862+00:00
General Knowledge,multiple,easy,What word represents the letter 'T' in the NATO phonetic alphabet?,Tango,Target | Taxi | Turkey,2026-09-10T09:16:31.435870+00:00
General Knowledge,multiple,hard,What is the airspeed velocity of an unladen swallow?,24 MPH,15 MPH | 20 MPH | 200 MPH,2026-09-10T09:16:31.435883+00:00
General Knowledge,multiple,easy,What step in cellular respiration forms ATP?,Oxidative Phosphorylation,Glycolysis | Pyruvate Oxidation | Calvin Cycle,2026-09-10T09:16:31.435895+00:00
General Knowledge,multiple,easy,What fruit is a traditional ingredient of a Black Forest Gateau?,Cherries,Apricots | Raisins | Apples,2026-09-10T09:16:31.435902+00:00
General Knowledge,multiple,hard,Which of the following languages does NOT use gender as a part of its grammar?,Turkish,German | Danish | Polish,2026-09-10T09:16:31.435911+00:00
General Knowledge,multiple,medium,Where did the pineapple plant originate?,South America,Hawaii | Europe | Asia,2026-09-10T09:16:31.435918+00:00
General Knowledge,multiple,medium,Computer manufacturer Compaq was acquired for $25 billion dollars in 2002 by which company?,Hewlett-Packard,Toshiba | Asus | Dell,2026-09-10T09:16:31.435926+00:00
General Knowledge,multiple,easy,What is the name of the poker hand containing three of a kind and a pair?,Full House,Flush | Straight | High card,2026-09-10T09:16:31.435937+00:00
General Knowledge,boolean,easy,"King Gizzard & The Lizard Wizard's album ""Nonagon Infinity"" can be looped seamlessly.",True,False,2026-09-10T09:16:31.435946+00:00
General Knowledge,multiple,medium,What is the full title of the Prime Minister of the UK?,First Lord of the Treasury,Duke of Cambridge | Her Majesty's Loyal Opposition | Manager of the Crown Estate,2026-09-10T09:16:31.435962+00:00
General Knowledge,multiple,hard,Sciophobia is the fear of what?,Shadows,Eating | Bright lights | Transportation,2026-09-10T09:16:31.435969+00:00
General Knowledge,boolean,medium,Popcorn was invented in 1871 by Frederick W. Rueckheim in the USA where he sold the snack on the streets of Chicago.,False,True,2026-09-10T09:16:31.435978+00:00
General Knowledge,multiple,easy,What is the name of the main Character from the Series: Dead Space?,Isaac Clarke,Ellen Ripley | Commander Shepard | Captain Kirk,2026-09-10T09:16:31.435991+00:00
General Knowledge,boolean,medium,Crystal Pepsi was first sold in US markets in 1993.,False,True,2026-09-10T09:16:31.435997+00:00
General Knowledge,multiple,easy,"In blood typing, the (+) and (-) marker after an A, B, AB, or O is called Rh factor. Which of the following is the source of its discovery?",Rhesus Monkeys,Rheumatism Patients | Red-Haired People | Rhizomes,2026-09-10T09:16:31.436015+00:00
General Knowledge,multiple,easy,Earth is located in which galaxy?,The Milky Way Galaxy,The Mars Galaxy | The Galaxy Note | The Black Hole,2026-09-10T09:16:31.436056+00:00
General Knowledge,multiple,hard,"Which of the following is an existing family in ""The Sims""?",The Goth Family,The Family | The Simoleon Family | The Proud Family,2026-09-10T09:16:31.436075+00:00
General Knowledge,multiple,hard,The Panama Canal was officially opened by which US president?,Woodrow Wilson,Calvin Coolidge | Herbert Hoover | Theodore Roosevelt,2026-09-10T09:16:31.436090+00:00
General Knowledge,multiple,medium,Which language is NOT Indo-European?,Hungarian,Russian | Greek | Latvian,2026-09-10T09:16:31.436095+00:00
General Knowledge,multiple,medium,Which of these Nicktoons were NOT originally a short on Oh Yeah! Cartoons before becoming their own series?,Danny Phantom,ChalkZone | My Life as a Teenage Robot | The Fairly OddParents,2026-09-10T09:16:31.436110+00:00
General Knowledge,multiple,medium,What character was once considered to be the 27th letter of the alphabet?,Ampersand,Interrobang | Tilde | Pilcrow,2026-09-10T09:16:31.436117+00:00
General Knowledge,boolean,hard,"In Scandinavian languages, the letter Å means river.",True,False,2026-09-10T09:16:31.436124+00:00
General Knowledge,multiple,medium,A statue of Charles Darwin sits in what London museum?,Natural History Museum,Tate | British Museum | Science Museum,2026-09-10T09:16:31.436135+00:00
General Knowledge,multiple,easy,When was Pong released?,"November 29, 1972","March 29, 2017 | November 29, 1970 | December 14, 1974",2026-09-10T09:16:31.436148+00:00
General Knowledge,multiple,medium,Rolex is a company that specializes in what type of product?,Watches,Cars | Computers | Sports equipment,2026-09-10T09:16:31.436156+00:00
General Knowledge,multiple,medium,What fast food chain has the most locations globally? ,Subway,Starbucks | McDonalds | KFC,2026-09-10T09:16:31.436163+00:00
General Knowledge,multiple,hard,Which of these Indian languages is not part of the Indo-European language family?,Tamil,Hindi | Punjabi | Urdu,2026-09-10T09:16:31.436170+00:00
General Knowledge,multiple,medium,Which of the following carbonated soft drinks were introduced first?,Dr. Pepper,Coca-Cola | Sprite | Mountain Dew,2026-09-10T09:16:31.436179+00:00
General Knowledge,multiple,easy,"What is the French word for ""hat""?",Chapeau,Bonnet |  Écharpe |  Casque,2026-09-10T09:16:31.436190+00:00
General Knowledge,boolean,medium,Only a small percentage of the world's population is lactose intolerant.,False,True,2026-09-10T09:16:31.436196+00:00
General Knowledge,multiple,easy,What zodiac sign is represented by a pair of scales?,Libra,Aries | Capricorn | Sagittarius,2026-09-10T09:16:31.436202+00:00
General Knowledge,multiple,hard,"Originally another word for poppy, coquelicot is a shade of what?",Red,Green | Blue | Pink,2026-09-10T09:16:31.436209+00:00
General Knowledge,multiple,easy,Which of these fast-food chains is NOT mainly known to sell pizza?,Wendy's,Domino's | Little Caesars | Papa John's,2026-09-10T09:16:31.436222+00:00
General Knowledge,multiple,easy,"According to Sherlock Holmes, ""If you eliminate the impossible, whatever remains, however improbable, must be the...""",Truth,Answer | Cause | Source,2026-09-10T09:16:31.436230+00:00
General Knowledge,multiple,medium,Which item of clothing is usually worn by a Scotsman at a wedding?,Kilt,Skirt | Dress | Rhobes,2026-09-10T09:16:31.436237+00:00
General Knowledge,multiple,medium,Who invented Pastafarianism?,Bobby Henderson,Eric Tignor | Bill Nye | Zach Soldi,2026-09-10T09:16:31.436248+00:00
General Knowledge,multiple,easy,What is the name of the company in Lethal Company?,The Company,Planet Scrap Co. | Lethal Robotics | Gordian Shipping Co.,2026-09-10T09:16:31.436261+00:00
General Knowledge,multiple,easy,What is the official language of Brazil?,Portuguese,Brazilian | Spanish | English,2026-09-10T09:16:31.436267+00:00
General Knowledge,multiple,hard,Virtual reality company Oculus VR lost which of it's co-founders in a freak car accident in 2013?,Andrew Scott Reisse,Nate Mitchell | Jack McCauley | Palmer Luckey,2026-09-10T09:16:31.436284+00:00
General Knowledge,multiple,medium,"In a 1994 CBS interview, Microsoft co-founder Bill Gates performed what unusual trick on camera?",Jumping over an office chair,Jumping backwards over a desk | Standing on his head | Typing on a keyboard during a handstand,2026-09-10T09:16:31.436301+00:00
General Knowledge,multiple,easy,"What was the name of Sqiudward's bad painting in the Spongebob episode ""Artist Unknown?""",Bold and Brash,Squidward en Repose | Rippy Bits | Tilted Perspectives,2026-09-10T09:16:31.436316+00:00
General Knowledge,multiple,easy,"Where is the train station ""Llanfair­pwllgwyngyll­gogery­chwyrn­drobwll­llan­tysilio­gogo­goch""?",Wales,Moldova | Czech Republic | Denmark,2026-09-10T09:16:31.436327+00:00
General Knowledge,multiple,medium,"Linus Pauling, one of the only winners of multiple Nobel Prizes, earned his Nobel Prizes in Chemistry and what?",Peace,Physics | Economics | Physiology/Medicine,2026-09-10T09:16:31.436337+00:00
General Knowledge,multiple,hard,Who founded the Khan Academy?,Sal Khan,Ben Khan | Kitt Khan | Adel Khan,2026-09-10T09:16:37.025332+00:00
General Knowledge,multiple,hard,"What is the romanized Korean word for ""heart""?",Simjang,Aejeong | Jeongsin | Segseu,2026-09-10T09:16:37.025352+00:00
General Knowledge,multiple,medium,"What is the Italian word for ""tomato""?",Pomodoro,Aglio | Cipolla | Peperoncino,2026-09-10T09:16:37.025359+00:00
General Knowledge,multiple,medium,"What is the Swedish word for ""window""?",Fönster,Hål | Skärm | Ruta,2026-09-10T09:16:37.025374+00:00
General Knowledge,multiple,easy,What style of beer will typically have a higher than average hop content?,India Pale Ale,Stout | Extra Special Bitter | Scotch Ale,2026-09-10T09:16:37.025389+00:00
General Knowledge,multiple,easy,"What country has had prime ministers named Eden, Major, Peel, Law, Brown and Heath?",United Kingdom,Australia | New Zealand | Canada,2026-09-10T09:16:37.025402+00:00
General Knowledge,multiple,easy,Which of the following blood component forms a plug at the site of injuries?,Platelets,Red blood cells | White blood cells | Blood plasma,2026-09-10T09:16:37.025416+00:00
General Knowledge,multiple,easy,What company owns Outlook?,Microsoft,Google | Apple | Yahoo,2026-09-10T09:16:37.025421+00:00
General Knowledge,multiple,easy,A criminal who has “cooked the books” has engaged in what kind of illegal behavior?,Accounting Fraud,Money Laundering | Extortion | Blackmail,2026-09-10T09:16:37.025435+00:00
General Knowledge,multiple,easy,What is the currency of India and Pakistan as well as a few other Asian countries?,Rupee,Riyal | Peso | Dinar,2026-09-10T09:16:37.025443+00:00
General Knowledge,multiple,medium,In 2013 how much money was lost by Nigerian scams?,$12.7 Billion,$95 Million | $956 Million | $2.7 Billion,2026-09-10T09:16:37.025459+00:00
General Knowledge,multiple,easy,What is the nickname of the US state of California?,Golden State,Sunshine State | Bay State | Treasure State,2026-09-10T09:16:37.025472+00:00
General Knowledge,multiple,medium,What is a Burgee?,A flag,A rope | A window | A type of food,2026-09-10T09:16:37.025485+00:00
General Knowledge,multiple,easy,What element has the chemical symbol Kr?,Krypton,Kerosine | Kineticium | Curium,2026-09-10T09:16:37.025492+00:00
General Knowledge,boolean,medium,"A pencil's lead is typically made from graphite, not lead",True,False,2026-09-10T09:16:37.025499+00:00
General Knowledge,boolean,medium,The sum of all the numbers on a roulette wheel is 666.,True,False,2026-09-10T09:16:37.025505+00:00
General Knowledge,multiple,easy,Which American president appears on a one dollar bill?,George Washington,Thomas Jefferson | Abraham Lincoln | Benjamin Franklin,2026-09-10T09:16:37.025518+00:00
General Knowledge,multiple,easy,What is the name of the antagonist group in Danganronpa Another Episode: Ultra Despair Girls?,Warriors of Hope,The Monokubs | Warriors of Despair | The Ultimate Despair,2026-09-10T09:16:37.025534+00:00
General Knowledge,multiple,medium,"Who is the founder of ""The Lego Group""?",Ole Kirk Christiansen, Jens Niels Christiansen | Kirstine Christiansen |  Gerhardt Kirk Christiansen,2026-09-10T09:16:37.025569+00:00
General Knowledge,boolean,hard,"Spoon theory is a theory, utilizing ""Spoons"" as a metaphor for energy they can use in a day.",True,False,2026-09-10T09:16:37.025579+00:00
General Knowledge,multiple,easy,What does VR stand for?,Virtual Reality,Very Real | Visual Recognition | Voice Recognition,2026-09-10T09:16:37.025591+00:00
General Knowledge,multiple,medium,"What is the Portuguese word for ""Brazil""?",Brasil,Brazil | Brasilia | Brasíl,2026-09-10T09:16:37.025600+00:00
General Knowledge,multiple,easy,"The file hosting service, ""Google Drive"" was launched on what day?","April 24, 2012","January 12, 2014 | November 14, 2008 | January 20, 2010",2026-09-10T09:16:37.025616+00:00
General Knowledge,multiple,hard,"If you planted the seeds of Quercus robur, what would grow?",Trees,Grains | Vegetables | Flowers,2026-09-10T09:16:37.025623+00:00
General Knowledge,multiple,medium,"Out of these four buildings, which one is the tallest, with a height of 2,717 ft (828 m)?","Burj Khalifa, United Arab Emirates","Shanghai Tower, China | Lotte World Tower, South Korea | Ping An Finance Centre, China",2026-09-10T09:16:37.025650+00:00
General Knowledge,multiple,easy,Trypophobia is the fear of ,groups of holes,swimming in deep water | public speaking | eating too much,2026-09-10T09:16:37.025662+00:00
General Knowledge,multiple,medium,What is the highest number of Michelin stars a restaurant can receive?,Three,Four | Five | Six,2026-09-10T09:16:37.025669+00:00
General Knowledge,multiple,easy,In what year did Canada stop producing the penny?,2012,2013 | 2011 | 2010,2026-09-10T09:16:37.025676+00:00
General Knowledge,multiple,easy,"In a standard Gregorian calendar, how many months begin with the letter 'J'?",Three,Four | Five | Two,2026-09-10T09:16:37.025683+00:00
General Knowledge,boolean,medium,Coca-Cola's original colour was green.,False,True,2026-09-10T09:16:37.025688+00:00
General Knowledge,multiple,medium,Frank Lloyd Wright was the architect behind what famous building?,The Guggenheim,Villa Savoye | Sydney Opera House | The Space Needle,2026-09-10T09:16:37.025703+00:00
General Knowledge,boolean,hard,"Stagecoach owned ""South West Trains"" before losing the rights to FirstGroup and MTR in March of 2017.",True,False,2026-09-10T09:16:37.025711+00:00
General Knowledge,multiple,easy,"What is the French word for ""fish""?",poisson,fiche | escargot | mer,2026-09-10T09:16:37.025717+00:00
General Knowledge,multiple,easy,The Flag of the European Union has how many stars on it?,12,10 | 14 | 16,2026-09-10T09:16:37.025724+00:00
General Knowledge,multiple,easy,The likeness of which president is featured on the rare $2 bill of USA currency?,Thomas Jefferson,Martin Van Buren | Ulysses Grant | John Quincy Adams,2026-09-10T09:16:37.025738+00:00
General Knowledge,multiple,hard,"Named after the mallow flower, mauve is a shade of what?",Purple,Red | Brown | Pink,2026-09-10T09:16:37.025745+00:00
General Knowledge,multiple,medium,This field is sometimes known as “The Dismal Science.”,Economics,Philosophy | Politics | Physics,2026-09-10T09:16:37.025752+00:00
General Knowledge,multiple,easy,"Who is the origin of the quote ""What doesn't kill you makes you stronger""?",Friedrich Nietzsche, G. Gordon Liddy | Kelly Clarkson | Christopher Hitchens,2026-09-10T09:16:37.025768+00:00
General Knowledge,multiple,easy,In which fast food chain can you order a Jamocha Shake?,Arby's,McDonald's | Burger King | Wendy's,2026-09-10T09:16:37.025781+00:00
General Knowledge,multiple,easy,The Canadian $1 coin is colloquially known as a what?,Loonie,Boolie | Foolie | Moodie,2026-09-10T09:16:37.025788+00:00
General Knowledge,multiple,easy,Which of these holidays is NOT usually celebrated in the month of December?,Thanksgiving,Christmas | Kwanzaa | Hanukkah,2026-09-10T09:16:37.025795+00:00
General Knowledge,multiple,hard,Which of these cities does NOT have a United States Minting location?,"St. Louis, MO","San Fransisco, CA | Philidelphia, PA | West Point, NY",2026-09-10T09:16:37.025809+00:00
General Knowledge,boolean,medium,"""Typewriter"" is the longest word that can be typed using only the first row on a QWERTY keyboard.",False,True,2026-09-10T09:16:37.025817+00:00
General Knowledge,multiple,easy,What is the Zodiac symbol for Gemini?,Twins,Fish | Scales | Maiden,2026-09-10T09:16:37.025823+00:00
General Knowledge,multiple,easy,Which of these colours is NOT featured in the logo for Google?,Pink,Yellow | Blue | Green,2026-09-10T09:16:37.025829+00:00
General Knowledge,multiple,medium,When was Hubba Bubba first introduced?,1979,1984 | 1972 | 1980,2026-09-10T09:16:37.025835+00:00
General Knowledge,multiple,hard,"Which musician has collaborated with American producer Porter Robinson and released the 2016 song ""Shelter""?",Madeon,Mat Zo | deadmau5 | Zedd,2026-09-10T09:16:37.025844+00:00
General Knowledge,multiple,easy,"On a dartboard, what number is directly opposite No. 1?",19,20 | 12 | 15,2026-09-10T09:16:37.025851+00:00
General Knowledge,multiple,easy,In which cardinal direction does the Sun rise from?,East,West | North | South,2026-09-10T09:16:37.025857+00:00
General Knowledge,multiple,easy,In DC comics where does the Green Arrow (Oliver Queen) live?,Star City,Central City | Gotham City | Metropolis,2026-09-10T09:16:37.025869+00:00
General Knowledge,multiple,medium,"The Mexican Beer ""Corona"" is what type of beer?",Pale Lager,India Pale Ale | Pilfsner | Baltic Porter,2026-09-10T09:16:42.625550+00:00
General Knowledge,multiple,medium,"What is the romanized Russian word for ""winter""?",Zima,Leto | Vesna | Osen',2026-09-10T09:16:42.625569+00:00
General Knowledge,multiple,medium,What is the name given to Indian food cooked over charcoal in a clay oven?,Tandoori,Biryani | Pani puri | Tiki masala,2026-09-10T09:16:42.625581+00:00
General Knowledge,multiple,easy,What is the name of NASA’s most famous space telescope?,Hubble Space Telescope,Big Eye | Death Star | Millenium Falcon,2026-09-10T09:16:42.625597+00:00
General Knowledge,boolean,easy,"Romanian belongs to the Romance language family, shared with French, Spanish, Portuguese and Italian. ",True,False,2026-09-10T09:16:42.625605+00:00
General Knowledge,multiple,easy,What is Tasmania?,An Australian State,A flavor of Ben and Jerry's ice-cream | A Psychological Disorder | The Name of a Warner Brothers Cartoon Character,2026-09-10T09:16:42.625622+00:00
General Knowledge,boolean,hard,Is Luxembourgish a real language?,True,False,2026-09-10T09:16:42.625627+00:00
General Knowledge,multiple,easy,Which sign of the zodiac comes between Virgo and Scorpio?,Libra,Gemini | Taurus | Capricorn,2026-09-10T09:16:42.625633+00:00
General Knowledge,multiple,medium,"Out of these four buildings, which one is the tallest, with a height of 1,483 ft (451.9 m)?","Petronas Twin Towers, Malaysia","Zifeng Tower, China | Trump Intl. Hotel & Tower, United States | Al Hamra Tower, Kuwait",2026-09-10T09:16:42.625655+00:00
General Knowledge,boolean,easy,Bulls are attracted to the color red.,False,True,2026-09-10T09:16:42.625661+00:00
General Knowledge,boolean,easy,A scientific study on peanuts in bars found traces of over 100 unique specimens of urine.,False,True,2026-09-10T09:16:42.625668+00:00
General Knowledge,multiple,medium,Which of the following buildings is example of a structure primarily built in the Art Deco architectural style?,Niagara Mohawk Building,Taipei 101 | One Detroit Center | Westendstrasse 1,2026-09-10T09:16:42.625685+00:00
General Knowledge,multiple,hard,How long did it take the motorized window washers of the original World Trade Center to clean the entire exterior of the building?,1 Month,3 Weeks | 1 Week | 2 Months,2026-09-10T09:16:42.625702+00:00
General Knowledge,multiple,medium,What year was Walt Disney born?,1901,1902 | 1903 | 1900,2026-09-10T09:16:42.625707+00:00
General Knowledge,multiple,easy,Who is the youngest person to receive a Nobel Prize?,Malala Yousafzai,Lawrence Bragg | Werner Heisenberg | Yasser Arafat,2026-09-10T09:16:42.625720+00:00
General Knowledge,boolean,easy,The mitochondria is the powerhouse of the cell.,True,False,2026-09-10T09:16:42.625726+00:00
General Knowledge,boolean,medium,Kissing someone for one minute burns about 2 calories.,True,False,2026-09-10T09:16:42.625731+00:00
General Knowledge,multiple,hard,"The word ""astasia"" means which of the following?",The inability to stand up,The inability to make decisions | The inability to concentrate on anything | A feverish desire to rip one's clothes off,2026-09-10T09:16:42.625748+00:00
General Knowledge,multiple,easy,The Quran is the holy book of which Abrahamic religion?,Islam,Christianity | Judaism | Rastafarianism,2026-09-10T09:16:42.625754+00:00
General Knowledge,multiple,easy,"When one is ""envious"", they are said to be what color?",Green,Red | Blue | Yellow,2026-09-10T09:16:42.625761+00:00
General Knowledge,boolean,easy,It is automatically considered entrapment in the United States if the police sell you illegal substances without revealing themselves.,False,True,2026-09-10T09:16:42.625768+00:00
General Knowledge,multiple,medium,Which of the following is NOT one of Aesop's fables?,The Fox and the Hound,The Fox and the Grapes | The Tortoise and the Hare | The Frog and the Ox,2026-09-10T09:16:42.625784+00:00
General Knowledge,multiple,easy,Which of the following presidents is not on Mount Rushmore?,John F. Kennedy,Theodore Roosevelt | Abraham Lincoln | Thomas Jefferson,2026-09-10T09:16:42.625798+00:00
General Knowledge,multiple,easy,Which sign of the zodiac is represented by the Crab?,Cancer,Libra | Virgo | Sagittarius,2026-09-10T09:16:42.625821+00:00
General Knowledge,multiple,easy,"What is ""dabbing""?",A dance,A medical procedure | A sport | A language,2026-09-10T09:16:42.625839+00:00
General Knowledge,multiple,medium,"When did the website ""Facebook"" launch?",2004,2005 | 2003 | 2006,2026-09-10T09:16:42.625846+00:00
General Knowledge,multiple,hard,In the fictional SCP universe what “Object Class” is given to SCP’s that cannot be contained.,Apollyon,Thaumiel | Keter-Thaumiel | Esoteric/Narrative Classes,2026-09-10T09:16:42.625865+00:00
General Knowledge,multiple,easy,What does the F stand for in the FBI?,Federal,Foreign | Formal | First,2026-09-10T09:16:42.625876+00:00
General Knowledge,multiple,easy,What are Panama hats made out of?,Straw,Silk | Hemp | Flax,2026-09-10T09:16:42.625881+00:00
General Knowledge,boolean,medium,You are allowed to sell your soul on eBay.,False,True,2026-09-10T09:16:42.625887+00:00
General Knowledge,boolean,medium,Ecuador uses the Mexican Peso as its currency.,False,True,2026-09-10T09:16:42.625892+00:00
General Knowledge,multiple,easy,What does a funambulist walk on?,A Tight Rope,Broken Glass | Balls | The Moon,2026-09-10T09:16:42.625903+00:00
General Knowledge,multiple,hard,Xanthophobia is the fear of what color?,Yellow,Blue | Red | Green,2026-09-10T09:16:42.625909+00:00
General Knowledge,multiple,easy,Which of the following landmarks is not located in New York City?,Lincoln Memorial,Empire State Building | Times Square | Central Park,2026-09-10T09:16:42.625923+00:00
General Knowledge,multiple,medium,What nation produces roughly 40% of the world’s vanilla?,Madagascar,Indonesia | China | Mexico,2026-09-10T09:16:42.625930+00:00
General Knowledge,multiple,easy,"The American company ""Campbell's"" is most well known for making what food product?",Canned soups,Chocolate | Soft drinks | Sausages,2026-09-10T09:16:42.625940+00:00
General Knowledge,multiple,hard,"According to Fair Works Australia, how long do you have to work to get Long Service Leave?",7 years,2 years | 8 years | 6 months,2026-09-10T09:16:42.625955+00:00
General Knowledge,multiple,easy,What is the shape of the toy invented by Hungarian professor Ernő Rubik?,Cube,Sphere | Cylinder | Pyramid,2026-09-10T09:16:42.625963+00:00
General Knowledge,multiple,easy,How many syllables make up a haiku?,17,15 | 10 | 21,2026-09-10T09:16:42.625969+00:00
General Knowledge,boolean,easy,All strawberries are red.,False,True,2026-09-10T09:16:42.625973+00:00
General Knowledge,boolean,medium,"Kraft ""Cheez Whiz"" contains cheese culture, but doesn't actually contain cheese",True,False,2026-09-10T09:16:42.625980+00:00
General Knowledge,multiple,easy,"Which best selling toy of 1983 caused hysteria, resulting in riots breaking out in stores?",Cabbage Patch Kids,Transformers | Care Bears | Rubik’s Cube,2026-09-10T09:16:42.625993+00:00
General Knowledge,multiple,hard,What is the longest bridge in the world?,"Danyang–Kunshan Grand Bridge, China","Lake Pontchartrain Causeway, United States | King Fahd Causeway Bridge I, Saudi Arabia | Sultan Abdul Halim Muadzam Shah Bridge, Malaysia",2026-09-10T09:16:42.626011+00:00
General Knowledge,boolean,medium,There are 86400 seconds in a day.,True,False,2026-09-10T09:16:42.626016+00:00
General Knowledge,multiple,medium,"In the Morse code, which letter is indicated by 3 dots? ",S,O | A | C,2026-09-10T09:16:42.626024+00:00
General Knowledge,boolean,easy,Pluto is a planet.,False,True,2026-09-10T09:16:42.626029+00:00
General Knowledge,multiple,medium,Which is the most popular spoken language in the Southern Hemisphere?,Portuguese,English  | Spanish | French,2026-09-10T09:16:42.626037+00:00
General Knowledge,multiple,easy,Who played General Aladeen in The Dictator?,Sacha Baron Cohen,Johnny Depp | James Franco | Leonardo Dicaprio,2026-09-10T09:16:42.626050+00:00
General Knowledge,multiple,easy,How tall is the Burj Khalifa?,"2,722 ft","2,717 ft | 2,546 ft | 3,024 ft",2026-09-10T09:16:42.626063+00:00
General Knowledge,multiple,medium,"According to the BBPA, what is the most common pub name in the UK?",Red Lion,Royal Oak | White Hart | King's Head,2026-09-10T09:16:42.626077+00:00
General Knowledge,multiple,medium,What is the defining characteristic of someone who is described as hirsute?,Hairy,Rude | Funny | Tall,2026-09-10T09:16:48.215237+00:00
General Knowledge,multiple,easy,What is the largest living species of penguin?,Emperor,King | Gentoo | Adele,2026-09-10T09:16:48.215255+00:00
General Knowledge,multiple,easy,"What type of animal was Harambe, who was shot after a child fell into it's enclosure at the Cincinnati Zoo?",Gorilla,Tiger | Panda | Crocodile,2026-09-10T09:16:48.215266+00:00
General Knowledge,multiple,easy,Foie gras is a French delicacy typically made from what part of a duck or goose?,Liver,Heart | Stomach | Intestines,2026-09-10T09:16:48.215275+00:00
General Knowledge,boolean,medium,The vapor produced by e-cigarettes is actually water.,False,True,2026-09-10T09:16:48.215281+00:00
General Knowledge,multiple,medium,What year was Apple Inc. founded?,1976,1978 | 1980 | 1974,2026-09-10T09:16:48.215286+00:00
General Knowledge,multiple,medium,Which of the following correctly describes Japanese word order?,Subject Object Verb,Subject Verb Object | Verb Subject Object | Verb Object Subject,2026-09-10T09:16:48.215301+00:00
General Knowledge,multiple,medium,"""Gum arabic"" is a natural gum consisting of the hardened sap of which tree species?",Acacia,Palm | Ficus | Eucalyptus,2026-09-10T09:16:48.215309+00:00
General Knowledge,multiple,easy,What is the name of the extra pedal on a manual or standard transmission car?,Clutch,Shifter | Booster | Parking Brake,2026-09-10T09:16:48.215319+00:00
General Knowledge,multiple,easy,"""A3"", ""B1"", and ""Legal"" are typical names of sizes for what object?",Paper,Airplanes | Law books | Phone screens,2026-09-10T09:16:48.215331+00:00
General Knowledge,boolean,easy,Jingle Bells was originally meant for Thanksgiving,True,False,2026-09-10T09:16:48.215337+00:00
General Knowledge,multiple,easy,Which of the three astronauts of the Apollo 11 spaceflight did NOT walk on the moon?,Michael Collins,Buzz Aldrin | Neil Armstrong | None of them,2026-09-10T09:16:48.215351+00:00
General Knowledge,multiple,medium,What was the name given to Japanese military dictators who ruled the country through the 12th and 19th Century?,Shogun,Ninja | Samurai | Shinobi,2026-09-10T09:16:48.215359+00:00
General Knowledge,multiple,easy,What machine element is located in the center of fidget spinners?,Bearings,Axles | Gears | Belts,2026-09-10T09:16:48.215366+00:00
General Knowledge,multiple,easy,Why is the night sky dark? ,The universe is finite in age and size,Dust clouds absorb light  | Redshift doesn't let us see distant stars  | Quantum mechanics,2026-09-10T09:16:48.215382+00:00
General Knowledge,multiple,medium,When was WhatsApp founded?,2009,2007 | 2012 | 2010,2026-09-10T09:16:48.215387+00:00
General Knowledge,boolean,medium,Instant mashed potatoes were invented by Canadian Edward Asselbergs in 1962.,True,False,2026-09-10T09:16:48.215393+00:00
General Knowledge,boolean,medium,"Don Cheto is the host of the radio station ""East Los FM"" in GTA V.",True,False,2026-09-10T09:16:48.215400+00:00
General Knowledge,multiple,easy,"In ""Katamari Damacy"", you control a character known as:",The Prince,Fujio | Ichigo  | Foomin,2026-09-10T09:16:48.215411+00:00
General Knowledge,multiple,medium,"The Fields Medal, one of the most sought after awards in mathematics, is awarded every how many years?",4,3 | 5 | 6,2026-09-10T09:16:48.215420+00:00
General Knowledge,multiple,easy,Which country has the Union Jack in its flag?,New Zealand,South Africa | Canada | Hong Kong,2026-09-10T09:16:48.215431+00:00
General Knowledge,multiple,hard,"In ""Resident Evil 3"", how many inventory slots does Jill have at the start of the game?",8,6 | 10 | 12,2026-09-10T09:16:48.215439+00:00
General Knowledge,boolean,medium,Pure water effectively conducts electricity ,False,True,2026-09-10T09:16:48.215445+00:00
General Knowledge,multiple,hard,The Quadrangularis Reversum is best described as which of the following?,A percussion instrument,A building in Oxford University | A chess move | A geometric theorem,2026-09-10T09:16:48.215460+00:00
General Knowledge,multiple,hard,"Before the 19th Century, the ""Living Room"" was originally called the...",Parlor,Open Room | Sitting Room | Loft,2026-09-10T09:16:48.215470+00:00
General Knowledge,multiple,easy,"The word ""dozen"" usually refers to a group of how many objects?",12,6 | 20 | 10,2026-09-10T09:16:48.215477+00:00
General Knowledge,multiple,medium,All Souls and Merton are constituent colleges of what university?,Oxford,Cambridge | Manchester | Leeds,2026-09-10T09:16:48.215483+00:00
General Knowledge,multiple,medium,"What is the romanized Japanese word for ""university""?",Daigaku,Toshokan | Jimusho | Shokudou,2026-09-10T09:16:48.215491+00:00
General Knowledge,multiple,easy,"What is Cuba's official, most widely spoken language?",Spanish,Portuguese | French | Italian,2026-09-10T09:16:48.215498+00:00
General Knowledge,multiple,easy,Waluigi's first appearance was in what game?,Mario Tennis 64 (N64),Wario Land: Super Mario Land 3 | Mario Party (N64) | Super Smash Bros. Ultimate,2026-09-10T09:16:48.215514+00:00
General Knowledge,boolean,easy,Dihydrogen Monoxide was banned due to health risks after being discovered in 1983 inside swimming pools and drinking water.,False,True,2026-09-10T09:16:48.215521+00:00
General Knowledge,multiple,medium,Which mountain has the highest peak in South America?,"Aconcagua, Argentina","Ojos del Salado, Argentina/Chile border | Monte Pissis, Argentina | Huascarán, Peru",2026-09-10T09:16:48.215538+00:00
General Knowledge,multiple,hard,"The word ""abulia"" means which of the following?",The inability to make decisions,The inability to stand up | The inability to concentrate on anything | A feverish desire to rip one's clothes off,2026-09-10T09:16:48.215554+00:00
General Knowledge,boolean,easy,Studies suggest that approximately 40% of the world population is left-handed.,False,True,2026-09-10T09:16:48.215560+00:00
General Knowledge,multiple,easy,When was the Playstation 3 released?,"November 11, 2006","January 8, 2007 | December 25, 2007 | July 16, 2006",2026-09-10T09:16:48.215573+00:00
General Knowledge,boolean,medium,"The term ""Spam"" came before the food product ""Spam"".",False,True,2026-09-10T09:16:48.215609+00:00
General Knowledge,multiple,medium,"If a person's hair is described as 'Titian', what colour is it?",Red,Blonde | Brunette | Black,2026-09-10T09:16:48.215621+00:00
General Knowledge,multiple,medium,"In a standard set of playing cards, which is the only king without a moustache?",Hearts,Spades | Diamonds | Clubs,2026-09-10T09:16:48.215630+00:00
General Knowledge,boolean,easy,"""27 Club"" is a term used to refer to a list of famous actors, musicians, and artists who died at the age of 27.",True,False,2026-09-10T09:16:48.215640+00:00
General Knowledge,multiple,easy,What is the first book of the Old Testament?,Genesis,Exodus | Leviticus | Numbers,2026-09-10T09:16:48.215646+00:00
General Knowledge,multiple,medium,What is the last letter of the Greek alphabet?,Omega,Mu | Epsilon | Kappa,2026-09-10T09:16:48.215653+00:00
General Knowledge,multiple,medium,"The website ""Shut Up & Sit Down"" reviews which form of media?",Board Games,Television Shows | Video Games | Films,2026-09-10T09:16:48.215667+00:00
General Knowledge,multiple,hard,"The Swedish word ""Grunka"" means what in English?",Thing,People | Place | Pineapple,2026-09-10T09:16:48.215673+00:00
General Knowledge,multiple,medium,What is a dead mall?,A mall with high vacancy rates or low consumer foot traffic,A mall with no stores | A mall that has been condemed | A mall after business hours,2026-09-10T09:16:48.215702+00:00
General Knowledge,multiple,hard,"What is the romanized Arabic word for ""moon""?",Qamar,Najma | Kawkab | Shams,2026-09-10T09:16:48.215710+00:00
General Knowledge,multiple,easy,How many letters are there in the English alphabet?,26,28 | 23 | 24,2026-09-10T09:16:48.215721+00:00
General Knowledge,multiple,easy,"Which of these words refers to something made, distributed, or sold illegally?",Bootleg,Bootblack | Bootlace | Bootstrap,2026-09-10T09:16:48.215728+00:00
General Knowledge,multiple,hard,What is the most commonly used noun in the English language?,Time,Home | Water | Man,2026-09-10T09:16:48.215735+00:00
General Knowledge,boolean,easy,The Great Wall of China is visible from the moon.,False,True,2026-09-10T09:16:48.215740+00:00
General Knowledge,boolean,medium,Furby was released in 1998.,True,False,2026-09-10T09:16:48.215745+00:00
General Knowledge,multiple,easy,Who is the author of Jurassic Park?,Michael Crichton,Peter Benchley | Chuck Paluhniuk | Irvine Welsh,2026-09-10T09:16:53.815683+00:00
General Knowledge,multiple,easy,"Who is considered the ""Father of Modern Philosophy""?",René Descartes,Plato | Albert Einstein | Antoine Lavoiser,2026-09-10T09:16:53.815711+00:00
General Knowledge,multiple,medium,Which country has the most Trappist breweries?,Belgium,Netherlands | France | USA,2026-09-10T09:16:53.815718+00:00
General Knowledge,multiple,easy,The buried remains of which English explorer of Australia were found in London  in January 2019? ,Matthew Flinders,William Bourke | Abel Tasman | Dirk Hartog,2026-09-10T09:16:53.815734+00:00
General Knowledge,boolean,medium,The pickled gherkin was first added to hamburgers because a US health law required all fast-food to include a source of Vitamin C.,False,True,2026-09-10T09:16:53.815743+00:00
General Knowledge,multiple,medium,What is the star sign of someone born on Valentines day?,Aquarius,Pisces | Capricorn | Scorpio,2026-09-10T09:16:53.815750+00:00
General Knowledge,boolean,medium,Fast food restaurant chains Carl's Jr. and Hardee's are owned by the same company.,True,False,2026-09-10T09:16:53.815757+00:00
General Knowledge,multiple,medium,"The lesser-known continuation of the saying ""Curiosity killed the cat..."" is:","""...but satisfaction brought it back.""","""...and the silent mouse remained thereat."" | ""...which taught it not to do that."" | ""...but death by the truth is better than ignorance.""",2026-09-10T09:16:53.815778+00:00
General Knowledge,boolean,medium,"""Santa Claus"" is a variety of melon.",True,False,2026-09-10T09:16:53.815784+00:00
General Knowledge,multiple,medium,"According to the United States' CDC, one in how many Americans die annually due to smoking?",Five,Twenty | Ten | One hundred,2026-09-10T09:16:53.815808+00:00
General Knowledge,multiple,easy,How many letters are in the English alphabet?,26,30 | 17 | 5,2026-09-10T09:16:53.815818+00:00
General Knowledge,multiple,medium,Which month is Black History Month in the US?,February,May | November | August,2026-09-10T09:16:53.815826+00:00
General Knowledge,multiple,hard,Which of the following  British Monarchs never appeared on a circulated pound sterling coin?,Edward VIII,Victoria | George VI | Charles II,2026-09-10T09:16:53.815841+00:00
General Knowledge,boolean,easy,Scotland voted to become an independent country during the referendum from September 2014.,False,True,2026-09-10T09:16:53.815849+00:00
General Knowledge,multiple,easy,What is Cynophobia the fear of?,Dogs,Birds | Flying | Germs,2026-09-10T09:16:53.815856+00:00
General Knowledge,multiple,medium,"What English word means to ""think deeply""?",Contemplate,Confiscate | Constipate | Condensate,2026-09-10T09:16:53.815863+00:00
General Knowledge,multiple,easy,The “fairy” type made it’s debut in which generation of the Pokemon core series games?,6th,2nd | 7th | 4th,2026-09-10T09:16:53.815874+00:00
General Knowledge,multiple,medium,Which Italian automobile manufacturer gained majority control of U.S. automobile manufacturer Chrysler in 2011?,Fiat,Maserati | Alfa Romeo | Ferrari,2026-09-10T09:16:53.815883+00:00
General Knowledge,multiple,medium,"What is the largest rapid transit system in the world by number of stations, with 472 stations in operation?",New York City Subway,Shanghai Metro | London Underground | Berlin U-Bahn,2026-09-10T09:16:53.815900+00:00
General Knowledge,multiple,easy,"Which country, not including Japan, has the most people of Japanese descent?",Brazil,China | South Korea | United States of America,2026-09-10T09:16:53.815911+00:00
General Knowledge,multiple,easy,What technology is named after a tenth-century ruler of Denmark and Norway?,Bluetooth,Wi-Fi | GPS | Internet,2026-09-10T09:16:53.815924+00:00
General Knowledge,multiple,easy,What company developed the vocaloid Hatsune Miku?,Crypton Future Media,Sega | Sony | Yamaha Corporation,2026-09-10T09:16:53.815937+00:00
General Knowledge,multiple,medium,"What does the ""G"" mean in ""G-Man""?",Government,Going | Ghost | Geronimo,2026-09-10T09:16:53.815943+00:00
General Knowledge,multiple,easy,What planet is not named after a Greek or Roman god?,Earth,Jupiter | Mars | Mercury,2026-09-10T09:16:53.815950+00:00
General Knowledge,boolean,easy,Vietnam's national flag is a red star in front of a yellow background.,False,True,2026-09-10T09:16:53.815957+00:00
General Knowledge,multiple,medium,"What is the name of the popular animatronic singing fish prop, singing such hits such as ""Don't Worry, Be Happy""?",Big Mouth Billy Bass,Big Billy Bass | Singing Fish | Sardeen,2026-09-10T09:16:53.815972+00:00
General Knowledge,multiple,hard,How many calories are in a 355 ml can of Pepsi Cola?,150,200 | 100 | 155,2026-09-10T09:16:53.815979+00:00
General Knowledge,multiple,hard,"""Nephelococcygia"" is the practice of doing what? ",Finding shapes in clouds,Sleeping with your eyes open | Breaking glass with your voice | Swimming in freezing water,2026-09-10T09:16:53.815995+00:00
General Knowledge,multiple,easy,What is H2O?,Water,Oxygen | Hydrogen | None,2026-09-10T09:16:53.816000+00:00
General Knowledge,boolean,easy,The National Animal of Scotland is the Unicorn.,True,False,2026-09-10T09:16:53.816005+00:00
General Knowledge,multiple,medium,What direction does the Statue of Liberty face?,Southeast,Southwest | Northwest | Northeast,2026-09-10T09:16:53.816011+00:00
General Knowledge,multiple,easy,How many furlongs are there in a mile?,Eight,Two | Four | Six,2026-09-10T09:16:53.816017+00:00
General Knowledge,multiple,easy,Who was the 1st President of Mexico?,Guadalupe Victoria,Benito Juárez | Miguel Hidalgo Y Costilla | Vicente Guerrero,2026-09-10T09:16:53.816031+00:00
General Knowledge,multiple,hard,"In ""Battle Cats"", what is Moneko / MISS Moneko's critical percentage rate?",15%,20% | 10% | 25%,2026-09-10T09:16:53.816045+00:00
General Knowledge,multiple,hard,Which of the following chemicals are found in eggplant seeds?,Nicotine,Mescaline | Cyanide | Psilocybin,2026-09-10T09:16:53.816051+00:00
General Knowledge,multiple,medium,Apple co-founder Steve Jobs died from complications of which form of cancer?,Pancreatic,Bone | Liver | Stomach,2026-09-10T09:16:53.816058+00:00
General Knowledge,multiple,medium,What was the destination of the missing flight MH370?,Beijing,Kuala Lumpur | Singapore | Tokyo,2026-09-10T09:16:53.816066+00:00
General Knowledge,multiple,hard,What year was the RoboSapien toy robot released?,2004,2000 | 2001 | 2006,2026-09-10T09:16:53.816073+00:00
General Knowledge,multiple,medium,What is the currency of Poland?,Złoty,Ruble | Euro | Krone,2026-09-10T09:16:53.816081+00:00
General Knowledge,multiple,easy,What is the name of Poland in Polish?,Polska,Pupcia | Polszka | Póland,2026-09-10T09:16:53.816089+00:00
General Knowledge,multiple,medium,"Which of these words means ""idle spectator""?",Gongoozler,Gossypiboma | Jentacular | Meupareunia,2026-09-10T09:16:53.816095+00:00
General Knowledge,multiple,hard,"If someone said ""you are olid"", what would they mean?",You smell extremely unpleasant.,You are out of shape/weak. | Your appearance is repulsive. | You are incomprehensible/an idiot.,2026-09-10T09:16:53.816112+00:00
General Knowledge,multiple,easy,Which of these is NOT considered to be a colour that makes up the rainbow?,Pink,Blue | Violet | Orange,2026-09-10T09:16:53.816120+00:00
General Knowledge,boolean,easy,A pasodoble is a type of Italian pasta sauce.,False,True,2026-09-10T09:16:53.816125+00:00
General Knowledge,multiple,easy,How many cards are there in a standard deck of playing cards?,52,32 | 40 | 64,2026-09-10T09:16:53.816131+00:00
General Knowledge,multiple,hard,"In flight systems, what does the initialism ""TCAS"" stand for?",Traffic Collision Avoidance System,Traffic Communication Alert System | Traffic Configuration Alignment System | Traffic Call-sign Abbreviation System,2026-09-10T09:16:53.816146+00:00
General Knowledge,multiple,easy,When was the website reddit founded ?,2005,2008 | 2004 | 2006,2026-09-10T09:16:53.816152+00:00
General Knowledge,multiple,easy,What is on display in the Madame Tussaud's museum in London?,Wax sculptures,Designer clothing | Unreleased film reels | Vintage cars,2026-09-10T09:16:53.816165+00:00
General Knowledge,multiple,medium,Coleslaw originated from which European country?,The Netherlands,United Kingdom | Denmark | Germany,2026-09-10T09:16:53.816174+00:00
General Knowledge,boolean,medium,"SCP-173 was the first SCP article written for the web-based collaborative fiction project known as the ""SCP Foundation""",True,False,2026-09-10T09:16:53.816181+00:00
General Knowledge,multiple,medium,Which of these companies does NOT manufacture automobiles?,Ducati,Nissan | GMC | Fiat,2026-09-10T09:16:59.419666+00:00
General Knowledge,multiple,medium,"What did the Spanish autonomous community of Catalonia ban in 2010, that took effect in 2012?",Bullfighting,Fiestas | Flamenco | Mariachi,2026-09-10T09:16:59.419687+00:00
General Knowledge,multiple,medium,Which mountain has the highest peak in North America?,"Denali, USA","Mount Saint Elias, US/Canada border | Mount Logan, Canada | Pico de Orizaba, Mexico",2026-09-10T09:16:59.419705+00:00
General Knowledge,multiple,easy,"What is the Spanish word for ""donkey""?",Burro,Caballo | Toro | Perro,2026-09-10T09:16:59.419711+00:00
General Knowledge,multiple,medium,What alcoholic drink is mainly made from juniper berries?,Gin,Vodka | Rum | Tequila,2026-09-10T09:16:59.419718+00:00
General Knowledge,multiple,medium,Which mountain has the highest peak in Africa?,"Mount Kilimanjaro, Tanzania","Mount Kenya, Kenya | Mount Stanley, DR Congo/Uganda | Mount Speke, Uganda",2026-09-10T09:16:59.419733+00:00
General Knowledge,boolean,easy,Gumbo is a stew that originated in Louisiana.,True,False,2026-09-10T09:16:59.419738+00:00
General Knowledge,boolean,easy,"In architecture, a ""pecklesteiner"" is a set of doors that overlap each other when closed, and can be locked through a single keyhole.",False,True,2026-09-10T09:16:59.419748+00:00
General Knowledge,multiple,medium,"Which American manufactured submachine gun was informally known by the American soldiers that used it as ""Grease Gun""?",M3,Colt 9mm | Thompson | MAC-10,2026-09-10T09:16:59.419759+00:00
General Knowledge,boolean,easy,"In 2010, Twitter and the United States Library of Congress partnered together to archive every tweet by American citizens.",True,False,2026-09-10T09:16:59.419767+00:00
General Knowledge,multiple,easy,"What is the profession of Elon Musk's mom, Maye Musk?",Model,Professor | Biologist | Musician,2026-09-10T09:16:59.419774+00:00
General Knowledge,multiple,medium,"The phrase ""accident waiting to happen"" is an example of what type of figure of speech?",Idiom,Simile | Metaphor | Analogy,2026-09-10T09:16:59.419782+00:00
General Knowledge,boolean,easy,Ping-Pong originated in England,True,False,2026-09-10T09:16:59.419787+00:00
General Knowledge,multiple,easy,What is the famous Papa John's last name?,Schnatter,Chowder | Williams | ANDERSON,2026-09-10T09:16:59.419793+00:00
General Knowledge,multiple,easy,The Hyundai Motor Company was founded in which country?,South Korea,Russia | Japan | China,2026-09-10T09:16:59.419800+00:00
General Knowledge,multiple,easy,How many colors are there in a rainbow?,7,8 | 9 | 10,2026-09-10T09:16:59.419807+00:00
General Knowledge,boolean,medium,The British organisation CAMRA stands for The Campaign for Real Ale.,True,False,2026-09-10T09:16:59.419813+00:00
General Knowledge,multiple,easy,Which of the following is the IATA code for Manchester Airport?,MAN,EGLL | LHR | EGCC,2026-09-10T09:16:59.419820+00:00
General Knowledge,multiple,medium,Which of these American singers and songwriters won a Nobel Prize in Literature?,Bob Dylan,Buddy Holly | Johnny Cash | Alice Cooper,2026-09-10T09:16:59.419834+00:00
General Knowledge,multiple,easy,Which type of cutlery is most suited for eating soup?,Spoon,Fork | Knife | Chopsticks,2026-09-10T09:16:59.419840+00:00
General Knowledge,multiple,easy,"In the English language, what is the name of the ""&"" character?",Ampersand,Eightslash | And Sign | Obelus ,2026-09-10T09:16:59.419857+00:00
General Knowledge,multiple,medium,"Out of these four buildings, which one is the tallest, with a height of 1,250 ft (381 m)?","Empire State Building, United States","Bank of China Tower, Hong Kong | Federation Tower, Russia | Gevora Hotal, United Arab Emirates",2026-09-10T09:16:59.419878+00:00
General Knowledge,multiple,easy,Which of the following is not an Ivy League University?,Stanford,University of Pennsylvania | Harvard | Princeton,2026-09-10T09:16:59.419886+00:00
General Knowledge,multiple,easy,What is the full meaning of RAM?,Random Access Memory,Random Assist Memory | Rand Assist Mandate | Ram,2026-09-10T09:16:59.419898+00:00
General Knowledge,multiple,hard,"Going by the International Code of Signals, which single flag is interpreted as ""I require assistance (not distress)""?",Victor,Kilo | Papa | Delta,2026-09-10T09:16:59.419922+00:00
General Knowledge,multiple,hard,"Which product did Nokia, the telecommunications company, originally sell?",Paper,Phones | Computers | Processors,2026-09-10T09:16:59.419935+00:00
General Knowledge,multiple,hard,"What type of dog is 'Handsome Dan', the mascot of Yale University?",Bulldog,Yorkshire Terrier | Boxer | Pug,2026-09-10T09:16:59.419948+00:00
General Knowledge,multiple,medium,"What is the German word for ""spoon""?",Löffel,Gabel | Messer | Essstäbchen,2026-09-10T09:16:59.419962+00:00
General Knowledge,boolean,medium,"The bikini is named after the ""Bikini Atoll"", an island where the United States conducted tests on atomic bombs.",True,False,2026-09-10T09:16:59.419970+00:00
General Knowledge,multiple,medium,When was Nintendo founded?,"September 23rd, 1889","October 19th, 1891 | March 4th, 1887 | December 27th, 1894",2026-09-10T09:16:59.419983+00:00
General Knowledge,multiple,easy,What airline was the owner of the plane that crashed off the coast of Nova Scotia in 1998?,Swiss Air,Air France | British Airways | TWA,2026-09-10T09:16:59.419996+00:00
General Knowledge,multiple,medium,"Which of these is the name of a Japanese system of alternative medicine, literally meaning ""finger pressure""?",Shiatsu,Ukiyo | Majime | Ikigai,2026-09-10T09:16:59.420004+00:00
General Knowledge,multiple,hard,What was the third country to have a McDonald's restaurant?,Costa Rica,Japan | France | Australia,2026-09-10T09:16:59.420012+00:00
General Knowledge,multiple,medium,"What is a ""dakimakura""?",A body pillow,"A Chinese meal, essentially composed of fish | A yoga posture | A word used to describe two people who truly love each other",2026-09-10T09:16:59.420029+00:00
General Knowledge,multiple,easy,How many fingers does a single human hand have?,Four,Five | Ten | Eight,2026-09-10T09:16:59.420034+00:00
General Knowledge,multiple,medium,Only 9% of US Households owned a television in ,1950,1965 | 1913 | 1969,2026-09-10T09:16:59.420040+00:00
General Knowledge,multiple,hard,Disney's Haunted Mansion is home to a trio of Hitchhiking Ghosts. Which of these is NOT one of them?,Harry,Gus | Phineas | Ezra,2026-09-10T09:16:59.420049+00:00
General Knowledge,boolean,easy,The CEO of tech company Apple following Steve Jobs is named Tim Apple.,False,True,2026-09-10T09:16:59.420055+00:00
General Knowledge,multiple,medium,"Out of these four buildings, which one is the tallest, with a height of 1,776 ft (541.3 m)?","One World Trade Center, United States","Taipei 101, Taiwan | Willis Tower, United States | Jin Mao Tower, China",2026-09-10T09:16:59.420073+00:00
General Knowledge,boolean,easy,Slovakia is a member of European Union-,True,False,2026-09-10T09:16:59.420079+00:00
General Knowledge,multiple,medium,Which of the General Mills Corporation's monster cereals was the last to be released in the 1970's?,Fruit Brute,Count Chocula | Franken Berry | Boo-Berry,2026-09-10T09:16:59.420092+00:00
General Knowledge,multiple,medium,Which river flows through the Scottish city of Glasgow?,Clyde,Tay | Dee | Tweed,2026-09-10T09:16:59.420098+00:00
General Knowledge,multiple,easy,The tale of Robin Hood originates from which country?,England,France | Portugal | Scotland,2026-09-10T09:16:59.420104+00:00
General Knowledge,boolean,medium,"The French word to travel is ""Travail""",False,True,2026-09-10T09:16:59.420109+00:00
General Knowledge,multiple,easy,"In the video-game franchise Kingdom Hearts, the main protagonist, carries a weapon with what shape?",Key,Sword | Pen | Cellphone,2026-09-10T09:16:59.420117+00:00
General Knowledge,multiple,medium,In which country was the 1992 Summer Olympics Games held?,Spain,Russia | Korea | USA,2026-09-10T09:16:59.420123+00:00
General Knowledge,multiple,easy,What do sailors call the left side of a boat?,Port,Starboard | Bow | Stern,2026-09-10T09:16:59.420129+00:00
General Knowledge,multiple,hard,"According to the 2014-2015 Australian Bureau of Statistics, what percentage of Australians were born overseas?",28%,13% | 20% | 7%,2026-09-10T09:16:59.420145+00:00
General Knowledge,boolean,medium,"The commercial UK channel ITV stands for ""International Television"".",False,True,2026-09-10T09:16:59.420151+00:00
General Knowledge,multiple,easy,What do the letters of the fast food chain KFC stand for?,Kentucky Fried Chicken,Kentucky Fresh Cheese | Kibbled Freaky Cow | Kiwi Food Cut,2026-09-10T09:16:59.420165+00:00
General Knowledge,multiple,easy,What is the shortest month of the year?,February,December | April | September,2026-09-10T09:17:05.022230+00:00
General Knowledge,multiple,medium,Death Valley's Badwater Basin is North America's point of lowest elevation at how many feet below sea level?,282 feet,"79 feet | 1,640 feet | 12,092 feet",2026-09-10T09:17:05.022262+00:00
General Knowledge,multiple,easy,What do the letters in the GMT time zone stand for?,Greenwich Mean Time,Global Meridian Time | General Median Time | Glasgow Man Time,2026-09-10T09:17:05.022283+00:00
General Knowledge,multiple,easy,How would one say goodbye in Spanish?,Adiós, Hola | Au Revoir | Salir,2026-09-10T09:17:05.022295+00:00
General Knowledge,multiple,easy,"In ""Shrek"", what comedic actor voices Donkey?",Eddie Murphy,Chris Rock | Richard Pryor | Bernie Mac,2026-09-10T09:17:05.022309+00:00
General Knowledge,multiple,medium,"What Latin phrase roughly translates to ""seize the day""?",Carpe diem,Memento mori | Plus ultra | Sic semper tyrannis,2026-09-10T09:17:05.022323+00:00
General Knowledge,multiple,medium,Which mountain has the highest peak in Europe?,"Mount Elbrus, Russia","Shkhara, Georgia | Mount Ararat, Turkey | Mont Blanc, France",2026-09-10T09:17:05.022338+00:00
General Knowledge,multiple,easy,Five dollars is worth how many nickels?,100,50 | 25 | 69,2026-09-10T09:17:05.022343+00:00
General Knowledge,multiple,medium,What is the world's most expensive spice by weight?,Saffron,Cinnamon | Cardamom | Vanilla,2026-09-10T09:17:05.022350+00:00
General Knowledge,multiple,easy,"Virgin Trains, Virgin Atlantic and Virgin Racing, are all companies owned by which famous entrepreneur?   ",Richard Branson,Alan Sugar | Donald Trump | Bill Gates,2026-09-10T09:17:05.022366+00:00
General Knowledge,multiple,hard,What is the weight of a Gold Bar in Fallout: New Vegas?,35 Pounds,30 Pounds | 40 Pounds | 32.50 Pounds,2026-09-10T09:17:05.022379+00:00
General Knowledge,multiple,medium,"Which slogan did the fast food company, McDonald's, use before their ""I'm Lovin' It"" slogan?",We Love to See You Smile,Why Pay More!? | Have It Your Way | Making People Happy Through Food,2026-09-10T09:17:05.022398+00:00
General Knowledge,multiple,medium,"Which iconic Disneyland attraction was closed in 2017 to be remodeled as a ""Guardians of the Galaxy"" themed ride?",Twilight Zone Tower of Terror,The Haunted Mansion | Pirates of the Caribbean | Peter Pan's Flight,2026-09-10T09:17:05.022416+00:00
General Knowledge,multiple,hard,To which language family does Kazakh belong?,Turkic,Mongolic | Indo-European | Uralic,2026-09-10T09:17:05.022422+00:00
General Knowledge,multiple,easy,What is the most frequently used letter in the english alphabet?,E,A | I | O,2026-09-10T09:17:05.022429+00:00
General Knowledge,multiple,easy,"Of the following months, which has the most amount of days?",December,April | September | November ,2026-09-10T09:17:05.022438+00:00
General Knowledge,multiple,easy,What country does sushi & karaoke come from?,Japan,China | South Korea | Vietnam,2026-09-10T09:17:05.022447+00:00
General Knowledge,multiple,medium,"What are the tallest twin buildings in the world, with a height of 1,483 ft (451.9 m)?","Petronas Twin Towers, Malaysia","Emirates Towers, United Arab Emirates | Huaguoyuan Towers, China | Palm Towers, Qatar",2026-09-10T09:17:05.022464+00:00
General Knowledge,multiple,hard,Roughly how many ingested apple seeds would it take to receive a fatal dose of cyanide?,200,"20 | 2,000 | 20,000",2026-09-10T09:17:05.022476+00:00
General Knowledge,multiple,medium,When was the Declaration of Independence approved by the Second Continental Congress?,"July 4, 1776","May 4, 1776 | June 4, 1776 | July 2, 1776",2026-09-10T09:17:05.022491+00:00
General Knowledge,multiple,easy,Red Vines is a brand of what type of candy?,Licorice,Lollipop | Chocolate | Bubblegum,2026-09-10T09:17:05.022497+00:00
General Knowledge,multiple,easy,Which candy is NOT made by Mars?,Almond Joy,M&M's | Twix | Snickers,2026-09-10T09:17:05.022512+00:00
General Knowledge,boolean,hard,Samhainophobia is the term used for an abnormal and persistent fear of halloween.,True,False,2026-09-10T09:17:05.022519+00:00
General Knowledge,multiple,medium,"Which famed architect, who died in 2019 aged 102, designed the glass pyramid at the Louvre museum in Paris?",I. M. Pei,Pascale Guédot | Frank Gehry | Wang Shu,2026-09-10T09:17:05.022535+00:00
General Knowledge,multiple,medium,What is the most-visited website out of these options?,Google,YouTube | Facebook | Wikipedia,2026-09-10T09:17:05.022541+00:00
General Knowledge,boolean,easy,The Sun rises from the North.,False,True,2026-09-10T09:17:05.022546+00:00
General Knowledge,multiple,medium,The architect known as Le Corbusier was an important figure in what style of architecture?,Modernism,Neoclassical | Baroque | Gothic Revival,2026-09-10T09:17:05.022556+00:00
General Knowledge,boolean,hard,"NCIS stands for ""Navy Corps Investigative Service""",False,True,2026-09-10T09:17:05.022561+00:00
General Knowledge,multiple,easy,What is the perimeter of a circle more commonly known as?,Circumference,Diameter | Radius | Arc,2026-09-10T09:17:05.022568+00:00
General Knowledge,multiple,medium,In what year was McDonald's founded?,1955,1964 | 1951 | 1947,2026-09-10T09:17:05.022573+00:00
General Knowledge,multiple,medium,After how many years would you celebrate your crystal anniversary?,15,20 | 10 | 25,2026-09-10T09:17:05.022580+00:00
General Knowledge,boolean,easy,Dihydrogen Monoxide is a dangerous chemical.,False,True,2026-09-10T09:17:05.022584+00:00
General Knowledge,multiple,medium,"The new One World Trade Center in Manhattan, New York City was designed by which architect? ",David Childs,Bjarke Ingels | Michael Arad | Fumihiko Maki,2026-09-10T09:17:05.022598+00:00
General Knowledge,multiple,medium,What is the official language in Barcelona beside Spanish?,Catalan, Galician | French | Basque,2026-09-10T09:17:05.022606+00:00
General Knowledge,multiple,hard,"What does the Latin phrase ""Veni, vidi, vici"" translate into English?","I came, I saw, I conquered","See no evil, hear no evil, speak no evil | Life, liberty, and happiness | Past, present, and future",2026-09-10T09:17:05.022624+00:00
General Knowledge,multiple,hard,"Located in Chile, El Teniente is the world's largest underground mine for what metal?",Copper,Iron | Nickel | Silver,2026-09-10T09:17:05.022632+00:00
General Knowledge,multiple,easy,What kind of aircraft was developed by Igor Sikorsky in the United States in 1942?,Helicopter,Stealth Blimp | Jet | Space Capsule,2026-09-10T09:17:05.022642+00:00
General Knowledge,multiple,easy,"If you are caught ""Goldbricking"", what are you doing wrong?",Slacking,Smoking | Stealing | Cheating,2026-09-10T09:17:05.022649+00:00
General Knowledge,multiple,easy,"In aerodynamics, which force pushes an object upwards?",Lift,Drag | Weight | Thrust,2026-09-10T09:17:05.022657+00:00
General Knowledge,multiple,easy,Gouda cheese is from which European country?,The Netherlands,Belgium | Germany | France,2026-09-10T09:17:05.022664+00:00
General Knowledge,multiple,easy,What alcoholic drink is made from molasses?,Rum,Gin | Vodka | Whisky,2026-09-10T09:17:05.022670+00:00
General Knowledge,multiple,medium,Which country drives on the left side of the road?,Japan,Germany | Russia | China,2026-09-10T09:17:05.022676+00:00
General Knowledge,multiple,easy,Area 51 is located in which US state?,Nevada,Arizona | New Mexico | Utah,2026-09-10T09:17:05.022683+00:00
General Knowledge,multiple,hard,"In the MMO RPG ""Realm of the Mad God"", what dungeon is widely considered to be the most difficult?",The Shatter's,Snake Pit | The Tomb of the Acient's | The Puppet Master's Theater,2026-09-10T09:17:05.022700+00:00
General Knowledge,boolean,medium,"""Buffalo buffalo Buffalo buffalo buffalo buffalo Buffalo buffalo."" is a grammatically correct sentence.",True,False,2026-09-10T09:17:05.022711+00:00
General Knowledge,multiple,medium, In which country was the Michelin tire company founded in 1889?,France,United Kingdom | Italy | Germany,2026-09-10T09:17:05.022719+00:00
General Knowledge,multiple,hard,"Which church's interior in Vatican City was designed in 1503 by renaissance architects including Bramante, Michelangelo and Bernini?",St. Peter's Basilica,Catania Cathedral | St. Mark’s Basilica | The Duomo of Florence,2026-09-10T09:17:05.022738+00:00
General Knowledge,boolean,easy,Is a dog a mammal?,True,False,2026-09-10T09:17:05.022742+00:00
General Knowledge,multiple,medium,What is the unit of currency in Laos?,Kip,Ruble | Konra | Dollar,2026-09-10T09:17:05.022748+00:00
General Knowledge,boolean,easy,Water is naturally coloured blue.,False,True,2026-09-10T09:17:05.022752+00:00
General Knowledge,multiple,easy,What do sailors call the right side of a boat?,Starboard,Port | Stern | Bow,2026-09-10T09:17:10.604889+00:00
General Knowledge,multiple,easy,Which one of the following rhythm games was made by Harmonix?,Rock Band,Meat Beat Mania | Guitar Hero Live | Dance Dance Revolution,2026-09-10T09:17:10.604929+00:00
General Knowledge,multiple,medium,"What name represents the letter ""M"" in the NATO phonetic alphabet?",Mike,Matthew | Mark | Max,2026-09-10T09:17:10.604937+00:00
General Knowledge,boolean,medium,Albert Einstein had trouble with mathematics when he was in school.,False,True,2026-09-10T09:17:10.604944+00:00
General Knowledge,multiple,hard,"When was ""YouTube"" founded?","February 14, 2005","May 22, 2004 | September 12, 2005 | July 19, 2009",2026-09-10T09:17:10.604959+00:00
General Knowledge,multiple,easy,Who is depicted on the US hundred dollar bill?,Benjamin Franklin,George Washington | Abraham Lincoln | Thomas Jefferson,2026-09-10T09:17:10.604972+00:00
General Knowledge,boolean,medium,The scientific name for the Southern Lights is Aurora Australis?,True,False,2026-09-10T09:17:10.604978+00:00
General Knowledge,multiple,easy,Antibiotics are generally taken to combat what?,Bacterial infections,Viruses | Migraines | Muscular pains,2026-09-10T09:17:10.604988+00:00
General Knowledge,multiple,hard,"Where in La Coruña (Spain) is the headquarters of ""Inditex"", the biggest fashion group in the world?",Arteijo,Sanjenjo | Mugía | Órdenes,2026-09-10T09:17:10.605006+00:00
General Knowledge,multiple,hard,This Ghanaian entrepreneur is a pioneer of microlending.,Esther Afua Ocloo,Farida Bedwei | Ama Ata Aido | Sionne Neely,2026-09-10T09:17:10.605019+00:00
General Knowledge,multiple,hard,"What is the romanized Chinese word for ""airplane""?",Feiji,Qiche | Zongxian | Huojian,2026-09-10T09:17:10.605026+00:00
General Knowledge,multiple,easy,What was the name of the WWF professional wrestling tag team made up of the wrestlers Ax and Smash?,Demolition,The Dream Team | The Bushwhackers | The British Bulldogs,2026-09-10T09:17:10.605040+00:00
General Knowledge,multiple,medium,Which of the following Ivy League universities has its official motto in Hebrew as well as in Latin?,Yale University,Princeton University | Harvard University | Columbia University,2026-09-10T09:17:10.605055+00:00
General Knowledge,multiple,easy,Which canal connects the Mediterranean Sea with the Red Sea?,Suez Canal,Panama Canal | Sinai Canal | Qaraqum Canal,2026-09-10T09:17:10.605069+00:00
General Knowledge,boolean,easy,Nutella is produced by the German company Ferrero.,False,True,2026-09-10T09:17:10.605074+00:00
General Knowledge,boolean,easy,"""Ananas"" is mostly used as the word for Pineapple in other languages.",True,False,2026-09-10T09:17:10.605081+00:00
General Knowledge,multiple,medium,Amsterdam Centraal station is twinned with what station?,London Liverpool Street,Frankfurt (Main) Hauptbahnhof | Paris Gare du Nord | Brussels Midi,2026-09-10T09:17:10.605095+00:00
General Knowledge,multiple,medium,What was the soft drink Pepsi originally introduced as?,Brad's Drink,Pepsin Pop | Carolina Cola | Pepsin Syrup,2026-09-10T09:17:10.605108+00:00
General Knowledge,multiple,easy,"What does the 'S' stand for in the abbreviation SIM, as in SIM card? ",Subscriber,Single | Secure | Solid,2026-09-10T09:17:10.605117+00:00
General Knowledge,multiple,easy,What is the largest organ of the human body?,Skin,Heart | large Intestine | Liver,2026-09-10T09:17:10.605124+00:00
General Knowledge,multiple,easy,The drug cartel run by Pablo Escobar originated in which South American city?,Medellín,Bogotá | Quito | Cali,2026-09-10T09:17:10.605136+00:00
General Knowledge,multiple,hard,Electronic music producer Kygo's popularity skyrocketed after a certain remix. Which song did he remix?,Ed Sheeran - I See Fire,Marvin Gaye - Sexual Healing | Coldplay - Midnight | a-ha - Take On Me,2026-09-10T09:17:10.605153+00:00
General Knowledge,multiple,easy,What do sailors call the back of a boat?,Stern,Bow | Starboard | Port,2026-09-10T09:17:10.605159+00:00
General Knowledge,multiple,easy,What is the name of the Jewish New Year?,Rosh Hashanah,Elul | New Year | Succoss,2026-09-10T09:17:10.605168+00:00
General Knowledge,multiple,medium,Who is a co-founder of music streaming service Spotify?,Daniel Ek,Sean Parker | Felix Miller | Michael Breidenbruecker,2026-09-10T09:17:10.605184+00:00
General Knowledge,multiple,easy,What do sailors call the front of a boat?,Bow,Stern | Port | Starboard,2026-09-10T09:17:10.605194+00:00
General Knowledge,multiple,easy,In which year did Ghana gain independence?,1957,1947 | 1960 | 1958,2026-09-10T09:17:10.605200+00:00
General Knowledge,multiple,hard,Which film star has his statue in Leicester Square?,Charlie Chaplin,Paul Newman | Rowan Atkinson  | Alfred Hitchcock,2026-09-10T09:17:10.605212+00:00
General Knowledge,multiple,medium,Where does water from Poland Spring water bottles come from?,"Maine, United States","Hesse, Germany | Masovia, Poland | Bavaria, Poland",2026-09-10T09:17:10.605246+00:00
General Knowledge,multiple,easy,What was the first ever London Underground line to be built?,Metropolitan Line,Circle Line | Bakerloo Line | Victoria Line,2026-09-10T09:17:10.605261+00:00
General Knowledge,multiple,medium,Directly between the Washington Monument and the Reflecting Pool is a memorial to which war?,World War II,Vietnam War | American Civil War | American Revolutionary War,2026-09-10T09:17:10.605276+00:00
General Knowledge,multiple,easy,"Who invented the first ever chocolate bar, in 1847?",Joseph Fry,Andrew Johnson | John Cadbury | John Tyler,2026-09-10T09:17:10.605288+00:00
General Knowledge,multiple,hard,Which of these banks are NOT authorized to issue currency notes in Hong Kong?,OCBC,HSBC | Standard Chartered | Bank of China,2026-09-10T09:17:10.605300+00:00
General Knowledge,multiple,hard,Which one of these Swedish companies was founded in 1943?,IKEA,H & M | Lindex | Clas Ohlson,2026-09-10T09:17:10.605312+00:00
General Knowledge,multiple,medium,What are the three starter Pokemon available in Pokemon Black and White?,"Snivy, Tepig, Oshawott","Snivy, Fennekin, Froakie | Chespin, Tepig, Froakie | Chespin, Fennekin, Oshawott",2026-09-10T09:17:10.605328+00:00
General Knowledge,boolean,medium,Cucumbers are usually more than 90% water.,True,False,2026-09-10T09:17:10.605333+00:00
General Knowledge,multiple,hard,Which of the following is not another name for the eggplant?,Potimarron,Brinjal | Guinea Squash | Melongene,2026-09-10T09:17:10.605341+00:00
General Knowledge,multiple,medium,A doctor with a PhD is a doctor of what?,Philosophy,Psychology | Phrenology | Physical Therapy,2026-09-10T09:17:10.605349+00:00
General Knowledge,multiple,medium,Which mountain has the highest peak in Australia?,"Mount Kosciuszko, New South Wales","Mount Ossa, Tasmania | Mount Bartle Frere, Queensland | Mount Zeil, Northern Territory",2026-09-10T09:17:10.605364+00:00
General Knowledge,multiple,easy,Which of the following card games revolves around numbers and basic math?,Uno,Go Fish | Twister | Munchkin,2026-09-10T09:17:10.605373+00:00
General Knowledge,boolean,medium,The Happy Face was created by commercial artist Harvey Ball.,True,False,2026-09-10T09:17:10.605378+00:00
General Knowledge,multiple,easy,"When someone is cowardly, they are said to have what color belly?",Yellow,Green | Red | Blue,2026-09-10T09:17:10.605387+00:00
General Knowledge,multiple,medium,Astraphobia is the irrational fear of what?,Thunder,Rain | Wind | Snow,2026-09-10T09:17:10.605393+00:00
General Knowledge,boolean,medium,Sitting for more than three hours a day can cut two years off a person's life expectancy.,True,False,2026-09-10T09:17:10.605400+00:00
General Knowledge,multiple,medium,Whose greyscale face is on the kappa emoticon on Twitch?,Josh DeSeno,Justin DeSeno | John DeSeno | Jimmy DeSeno,2026-09-10T09:17:10.605413+00:00
General Knowledge,boolean,easy,"On average, at least 1 person is killed by a drunk driver in the United States every hour.",True,False,2026-09-10T09:17:10.605420+00:00
General Knowledge,multiple,hard,"The words ""bungalow"" and ""shampoo"" originate from the languages of which country?",India,Papua New Guinea | Ethiopia | China,2026-09-10T09:17:10.605430+00:00
General Knowledge,multiple,easy,Which is the second largest native language spoken in Spain by numbers of speakers?,Catalan,Portuguese | Spanish | French,2026-09-10T09:17:10.605437+00:00
General Knowledge,multiple,medium,What is real haggis made of?,"Sheep's Heart, Liver and Lungs","Sheep's Heart, Kidneys and Lungs | Sheep's Liver, Kidneys and Eyes | Whole Sheep",2026-09-10T09:17:10.605452+00:00
General Knowledge,multiple,hard,Chartreuse is a color between yellow and what?,Green,Red | Black | Purple,2026-09-10T09:17:10.605458+00:00
Entertainment: Books,multiple,hard,"In The Lies Of Locke Lamora, what does ""Lamora"" mean in Throne Therin?",Shadow,Thievery | Justice | Chaos,2026-09-10T09:17:21.905439+00:00
Entertainment: Books,multiple,easy,What is the name of the fourth book in Stephen King's The Dark Tower series?,Wizard and Glass,Wolves of the Calla | Hearts in Atlantis | The Dark Half,2026-09-10T09:17:21.905468+00:00
Entertainment: Books,multiple,hard,Which classic horror character killed Elizabeth Lavenza?,Frankenstein's Monster,Count Dracula | Werewolf | The Creature from the Black Lagoon,2026-09-10T09:17:21.905482+00:00
Entertainment: Books,multiple,medium,"In the ""The Hobbit"", who kills Smaug?",Bard,Bilbo Baggins | Gandalf the Grey | Frodo,2026-09-10T09:17:21.905493+00:00
Entertainment: Books,multiple,medium,"Which poet wrote ""The Ballad of Reading Gaol"" whilst imprisoned for being gay?",Oscar Wilde,Lord Byron | William Blake | Wilfred Owen,2026-09-10T09:17:21.905508+00:00
Entertainment: Books,multiple,medium,Mary Shelley is the author of what classic horror story?,Frankenstein,Dracula | Strange Case of Dr Jekyll and Mr Hyde | The Legend of Sleepy Hollow,2026-09-10T09:17:21.905520+00:00
Entertainment: Books,multiple,hard,"In the Magic: The Gathering universe, which plane does the Homelands expansion take place in?",Ulgrotha,Bant | Llanowar | Tazeem,2026-09-10T09:17:21.905529+00:00
Entertainment: Books,multiple,medium,"In Terry Pratchett's Discworld novel 'Wyrd Sisters', which of these are not one of the three main witches?",Winny Hathersham,Granny Weatherwax | Nanny Ogg | Magrat Garlick,2026-09-10T09:17:21.905547+00:00
Entertainment: Books,multiple,hard,"In which classic novel by Mark Twain did a beggar and Prince of Wales switch clothes, and learn about social class inequality?",The Prince and the Pauper,Hamlet | Wealthy Boy and the Schmuck | A Modern Twain Story,2026-09-10T09:17:21.905565+00:00
Entertainment: Books,multiple,easy,Which is NOT a book in the Harry Potter Series?,The House Elf,The Chamber of Secrets | The Prisoner of Azkaban | The Deathly Hallows,2026-09-10T09:17:21.905580+00:00
Entertainment: Books,boolean,easy,"""Elementary, my dear Watson"" is a phrase that is never truly said within the Conan Doyle books of Sherlock Holmes.",True,False,2026-09-10T09:17:21.905589+00:00
Entertainment: Books,multiple,medium,What position does Harry Potter play in Quidditch?,Seeker,Beater | Chaser | Keeper,2026-09-10T09:17:21.905595+00:00
Entertainment: Books,multiple,medium,Which of the following is not a work authored by Fyodor Dostoevsky?,Anna Karenina,Notes from the Underground | Crime and Punishment | The Brothers Karamazov,2026-09-10T09:17:21.905610+00:00
Entertainment: Books,multiple,hard,Which of the following is NOT a work done by Shakespeare?,Trial of Temperance,Measure For Measure | Titus Andronicus | Cymbeline,2026-09-10T09:17:21.905622+00:00
Entertainment: Books,multiple,medium,"In Rudyard Kipling's ""The Jungle Book"", what type of snake was Kaa?",Python,Cobra | Anaconda | Viper,2026-09-10T09:17:21.905630+00:00
Entertainment: Books,multiple,medium,What is the fourth book of the Old Testament?,Numbers,Genesis | Exodus | Leviticus,2026-09-10T09:17:21.905636+00:00
Entertainment: Books,multiple,easy,"George Orwell wrote this book, which is often considered a statement on government oversight.",1984,The Old Man and the Sea | Catcher and the Rye | To Kill a Mockingbird,2026-09-10T09:17:21.905651+00:00
Entertainment: Books,multiple,hard,In which classic novel is there a character named Homer Simpson?,The Day of the Locust,Catch-22 | Of Mice and Men | A Separate Peace,2026-09-10T09:17:21.905664+00:00
Entertainment: Books,boolean,easy,"The Harry Potter series of books, combined, are over 1,000,000 words in length.",True,False,2026-09-10T09:17:21.905673+00:00
Entertainment: Books,multiple,hard,"In the Beatrix Potter books, what type of animal is Tommy Brock?",Badger,Fox | Frog | Rabbit,2026-09-10T09:17:21.905681+00:00
Entertainment: Books,multiple,easy,What is the name of the three headed dog in Harry Potter and the Sorcerer's Stone?,Fluffy,Spike | Poofy | Spot,2026-09-10T09:17:21.905689+00:00
Entertainment: Books,boolean,easy,The book 1984 was published in 1949.,True,False,2026-09-10T09:17:21.905694+00:00
Entertainment: Books,multiple,hard,What is Ron Weasley's middle name?,Bilius,Arthur | John | Dominic,2026-09-10T09:17:21.905700+00:00
Entertainment: Books,multiple,medium,"In Michael Crichton's novel ""Jurassic Park"", John Hammond meets his demise at the claws of which dinosaur?",Procompsognathus,Dilophosaurus | Tyrannosaurus Rex | Velociraptor,2026-09-10T09:17:21.905710+00:00
Entertainment: Books,multiple,easy,"Who is the author of the ""A Song of Ice and Fire"" book series, starting with ""A Game of Thrones""?",George R. R. Martin,Brandon Sanderson | J. R. R. Tolkien | Steven Erikson,2026-09-10T09:17:21.905727+00:00
Entertainment: Books,boolean,hard,"Harry Potter was born on July 31st, 1980.",True,False,2026-09-10T09:17:21.905755+00:00
Entertainment: Books,multiple,easy,"Which famous spy novelist wrote the childrens' story ""Chitty-Chitty-Bang-Bang""?",Ian Fleming,Joseph Conrad | John Buchan | Graham Greene,2026-09-10T09:17:21.905774+00:00
Entertainment: Books,multiple,medium,Which of these books was NOT written by the Czech author Karel Čapek?,Journey to the Center of the Earth,"The War with the Newts | R.U.R. (Rossum's Universal Robots) | Dashenka, or the Life of a Puppy",2026-09-10T09:17:21.905796+00:00
Entertainment: Books,multiple,easy,"""Green Eggs And Ham"" is a book by which author?",Dr. Seuss,Beatrix Potter | Roald Dahl | A.A. Milne,2026-09-10T09:17:21.905811+00:00
Entertainment: Books,multiple,medium,"Who wrote the 1967 horror novel ""Rosemary's Baby""?",Ira Levin,Stephen King | Robert Bloch | Mary Shelley,2026-09-10T09:17:21.905824+00:00
Entertainment: Books,multiple,hard,"Who wrote the novel ""Moby-Dick""?",Herman Melville,William Golding | William Shakespeare | J. R. R. Tolkien,2026-09-10T09:17:21.905836+00:00
Entertainment: Books,multiple,medium,"Which of the following was the author of ""Username Evie""?",Joe Sugg,Zoe Sugg | Joe Weller | Alfie Deyes,2026-09-10T09:17:21.905849+00:00
Entertainment: Books,multiple,easy,"What was Sir Handel's original name in ""The Railway Series"" and it's animated counterpart ""Thomas and Friends?""",Falcon,Eagle | Kyte | Swallow,2026-09-10T09:17:21.905858+00:00
Entertainment: Books,multiple,hard,"Which author and poet famously wrote the line, ""The female of the species is more deadly than the male""?",Rudyard Kipling,Edgar Allan Poe | William Shakespeare | William Wordsworth,2026-09-10T09:17:21.905874+00:00
Entertainment: Books,multiple,hard,"According to Bram Stoker's novel, in which British coastal town did Dracula come ashore?",Whitby,Scarborough | Brighton | Portsmouth,2026-09-10T09:17:21.905882+00:00
Entertainment: Books,multiple,medium,"What is the name of Eragon's dragon in ""Eragon""?",Saphira,Glaedr | Thorn | Arya,2026-09-10T09:17:21.905888+00:00
Entertainment: Books,multiple,hard,"In the book series ""Odd Thomas"", Danny Jessup has what genetic disease? ", Osteogenesis Imperfecta,Spinocerebellar ataxia | Adrenoleukodystrophy | Cystic Fibrosis,2026-09-10T09:17:21.905901+00:00
Entertainment: Books,multiple,medium,"What is the make and model of the tour vehicles in ""Jurassic Park"" (1990)?",1989 Toyota Land Cruiser,1989 Jeep Wrangler YJ Sahar | 1989 Ford Explorer XLT | Mercedes M-Class,2026-09-10T09:17:21.905917+00:00
Entertainment: Books,boolean,easy,"""Green Eggs and Ham"" consists of only 50 different words.",True,False,2026-09-10T09:17:21.905924+00:00
Entertainment: Books,multiple,easy,"This play is generally considered to be the most adaptable of Shakespeare’s works, and follows two “star-crossed lovers”.",Romeo and Juliet,Hamlet | The Tempest | King Lear,2026-09-10T09:17:21.905941+00:00
Entertainment: Books,boolean,medium,"Originally, the character Charlie from Charlie and the Chocolate Factory was going to be black.",True,False,2026-09-10T09:17:21.905948+00:00
Entertainment: Books,multiple,medium,"In Romance of the Three Kingdoms, who was not a member of the Peach Garden Oath?",Zhao Yun,Liu Bei | Guan Yu | Zhang Fei,2026-09-10T09:17:21.905962+00:00
Entertainment: Books,multiple,medium,"J.K. Rowling completed ""Harry Potter and the Deathly Hallows"" in which hotel in Edinburgh, Scotland?",The Balmoral,The Dunstane Hotel | Hotel Novotel | Sheraton Grand Hotel & Spa,2026-09-10T09:17:21.905979+00:00
Entertainment: Books,multiple,hard,Abel Magwitch is a character from which Charles Dickens novel?,Great Expectations,The Pickwick Papers | Nicholas Nickleby | Oliver Twist,2026-09-10T09:17:21.905994+00:00
Entertainment: Books,multiple,easy,"Who wrote ""The Scarlet Letter"", published in 1850?",Nathaniel Hawthorne,Washington Irving | James Fenimore Cooper | Catherine Maria Sedgwick,2026-09-10T09:17:21.906007+00:00
Entertainment: Books,multiple,medium,"Who is the protagonist of the book: ""The Catcher in the Rye"" by J.D. Salinger",Holden Caulfield,Holden David | Jerome Caulfield | Jerome David,2026-09-10T09:17:21.906021+00:00
Entertainment: Books,multiple,hard,"The novel ""Jane Eyre"" was written by what author? ",Charlotte Brontë,Emily Brontë | Jane Austen | Louisa May Alcott,2026-09-10T09:17:21.906036+00:00
Entertainment: Books,multiple,medium,"In the year 1818, novelist Mary Shelly is credited with writing a fiction novel and creating this infamous character.",Frankenstein's monster,Dracula | The Thing | The Invisible Man,2026-09-10T09:17:21.906049+00:00
Entertainment: Books,multiple,easy,"Who wrote ""A Tale of Two Cities""?",Charles Dickens,Charles Darwin | Mark Twain | Roald Dahl,2026-09-10T09:17:21.906062+00:00
Entertainment: Books,multiple,medium,"The book ""The Little Prince"" was written by...",Antoine de Saint-Exupéry,Miguel de Cervantes Saavedra | Jane Austen | F. Scott Fitzgerald,2026-09-10T09:17:21.906076+00:00
Entertainment: Books,multiple,medium,How many books are in the Chronicles of Narnia series?,7,6 | 8 | 5,2026-09-10T09:17:27.510312+00:00
Entertainment: Books,multiple,medium,"Who is the author of the series ""Malazan Book of the Fallen""?",Steven Erikson,Ian Cameron Esslemont | George R. R. Martin | J. R. R. Tolkien,2026-09-10T09:17:27.510342+00:00
Entertainment: Books,multiple,easy,Under what pseudonym did Stephen King publish five novels between 1977 and 1984?,Richard Bachman,J. D. Robb | Mark Twain | Lewis Carroll,2026-09-10T09:17:27.510358+00:00
Entertainment: Books,multiple,medium,Which novel by John Grisham was conceived on a road trip to Florida while thinking about stolen books with his wife?,Camino Island,Rogue Lawyer | Gray Mountain | The Litigators,2026-09-10T09:17:27.510375+00:00
Entertainment: Books,multiple,easy,"Who was the author of the 1954 novel, ""Lord of the Flies""?",William Golding,Stephen King | F. Scott Fitzgerald | Hunter Fox,2026-09-10T09:17:27.510390+00:00
Entertainment: Books,multiple,hard,"In the Harry Potter universe, who does Draco Malfoy end up marrying?",Astoria Greengrass,Pansy Parkinson | Millicent Bulstrode | Hermione Granger,2026-09-10T09:17:27.510403+00:00
Entertainment: Books,boolean,easy,"The ""Berenstein Bears"" is the correct spelling of the educational children's book series' name.",False,True,2026-09-10T09:17:27.510411+00:00
Entertainment: Books,multiple,easy,"Who wrote ""Harry Potter""?",J.K. Rowling,J.R.R. Tolkien | Terry Pratchett | Daniel Radcliffe,2026-09-10T09:17:27.510423+00:00
Entertainment: Books,multiple,hard,"In Margaret Atwood's ""The Handmaid's Tale"", what is Offred's real name is implied to be?",June,August | April | May,2026-09-10T09:17:27.510432+00:00
Entertainment: Books,multiple,easy,Which of the following is the world's best-selling book?,The Lord of the Rings,The Little Prince | Harry Potter and the Philosopher's Stone | The Da Vinci Code,2026-09-10T09:17:27.510448+00:00
Entertainment: Books,multiple,easy,"Which classic book opens with the line ""Call me Ishmael""?",Moby Dick,A Tale of Two Cities | Kidnapped | Wuthering Heights,2026-09-10T09:17:27.510460+00:00
Entertainment: Books,multiple,medium,"Who wrote the ""A Song of Ice And Fire"" fantasy novel series?",George R. R. Martin,George Lucas | George Orwell | George Eliot,2026-09-10T09:17:27.510475+00:00
Entertainment: Books,multiple,medium,What is the name of the author of book series 'Percy Jackson'?,Rick Riordan,J.K. Rowling | Sandra Bullock  | Roald Dahl,2026-09-10T09:17:27.510488+00:00
Entertainment: Books,multiple,medium,"According to The Hitchhiker's Guide to the Galaxy book, the answer to life, the universe and everything else is...",42,Loving everyone around you | Chocolate | Death,2026-09-10T09:17:27.510499+00:00
Entertainment: Books,multiple,medium,"In the ""Harry Potter"" novels, what must a Hogwarts student do to enter the Ravenclaw Common Room?",Answer a riddle,Rhythmically tap barrels with a wand | Speak a password | Knock in sequence,2026-09-10T09:17:27.510516+00:00
Entertainment: Books,multiple,easy,Who wrote the novel 'Fear And Loathing In Las Vegas'?,Hunter S. Thompson,F. Scott Fitzgerald | Henry Miller | William S. Burroughs,2026-09-10T09:17:27.510530+00:00
Entertainment: Books,multiple,medium,By what name was the author Eric Blair better known?,George Orwell,Aldous Huxley | Ernest Hemingway | Ray Bradbury,2026-09-10T09:17:27.510543+00:00
Entertainment: Books,multiple,hard,"In the Harry Potter universe, what is Cornelius Fudge's middle name?",Oswald,James | Harold | Christopher,2026-09-10T09:17:27.510550+00:00
Entertainment: Books,multiple,medium,Which Russian author wrote the epic novel War and Peace?,Leo Tolstoy,Fyodor Dostoyevsky | Alexander Pushkin | Vladimir Nabokov,2026-09-10T09:17:27.510563+00:00
Entertainment: Books,multiple,hard,Which of these does Charlie NOT read in The Perks of Being a Wallflower?,The Grapes of Wrath,Hamlet | The Great Gatsby | Peter Pan,2026-09-10T09:17:27.510576+00:00
Entertainment: Books,multiple,medium,"What is the name of the gang that Ponyboy is a part of in the book, The Outsiders?",The Greasers,The Outsiders | The Mafia | The Socs,2026-09-10T09:17:27.510591+00:00
Entertainment: Books,multiple,easy,"In the novel 1984, written by George Orwell, what is the name of the totalitarian regime that controls Oceania?",INGSOC,Neo-Bolshevism | Obliteration of the Self | Earth Alliance,2026-09-10T09:17:27.510604+00:00
Entertainment: Books,multiple,medium,"The title of Adolf Hitler's autobiography ""Mein Kampf"" is what when translated to English?",My Struggle,My Hatred | My Sadness | My Desire,2026-09-10T09:17:27.510634+00:00
Entertainment: Books,multiple,medium,"In the novel ""Lord of the Rings"", how many rings of power were given to the race of man?",9,5 | 11 | 13,2026-09-10T09:17:27.510646+00:00
Entertainment: Books,boolean,easy,"Shub-Niggurath is a creature that was created by J. R. R. Tolkien in his novel ""The Lord of The Rings"".",False,True,2026-09-10T09:17:27.510655+00:00
Entertainment: Books,multiple,hard,"In the Magic: The Gathering universe, the Fallen Empires expansion takes place on which continent?",Sarpadia,Otaria | Terisiare | Shiv,2026-09-10T09:17:27.510664+00:00
Entertainment: Books,multiple,hard,"Which author co-wrote ""The Communist Manifesto"" alongside Karl Marx?",Friedrich Engels,Robert Owen | Alexander Kerensky | Paul Lafargue,2026-09-10T09:17:27.510682+00:00
Entertainment: Books,multiple,easy,What is the name of the protagonist of J.D. Salinger's novel Catcher in the Rye?,Holden Caulfield,Fletcher Christian | Jay Gatsby | Randall Flagg,2026-09-10T09:17:27.510703+00:00
Entertainment: Books,boolean,easy,Dracula is destroyed by contact with sunlight,False,True,2026-09-10T09:17:27.510709+00:00
Entertainment: Books,multiple,medium,Which American author was also a budding travel writer and wrote of his adventures with his dog Charley?,John Steinbeck,F. Scott Fitzgerald | Ernest Hemingway | William Faulkner,2026-09-10T09:17:27.510724+00:00
Entertainment: Books,multiple,medium,"What was the last message of the Dolphins in ""The Hitchhiker's Guide to the Galaxy""?","""So long, and thanks for all the fish.""","""The answer is 42."" | ""Land of the brave."" | ""Goodbye cruel world!""",2026-09-10T09:17:27.510744+00:00
Entertainment: Books,multiple,medium,"In ""Little Women"", which of the March sisters married Laurie?",Amy,Beth | Jo | Meg,2026-09-10T09:17:27.510751+00:00
Entertainment: Books,multiple,medium,Which of the following authors was not born in England? ,Arthur Conan Doyle,Graham Greene | H G Wells | Arthur C Clarke,2026-09-10T09:17:27.510764+00:00
Entertainment: Books,multiple,medium,"In the Lord of the Rings, who is the father of the dwarf Gimli?",Gloin,Thorin Oakenshield | Bombur | Dwalin,2026-09-10T09:17:27.510777+00:00
Entertainment: Books,multiple,medium,"Where does Stephen King's ""IT"" take place?","Derry, Maine","Rockford, Illinois | Innsmouth, Massachusetts | Kingsland, Texas",2026-09-10T09:17:27.510791+00:00
Entertainment: Books,multiple,medium,"George Orwell's novel ""Animal Farm"" was inspired by which historical event?",The rise of communism and Stalin's policies.,The rise of Imperial Japan and Pacific control. | The rise of fascism and Hitler's influences. | Franklin D. Roosevelt's New Deal and its effects on The Great Depression.,2026-09-10T09:17:27.510811+00:00
Entertainment: Books,multiple,easy,Which famous book is sub-titled 'The Modern Prometheus'?,Frankenstein,Dracula | The Strange Case of Dr. Jekyll and Mr. Hyde  | The Legend of Sleepy Hollow,2026-09-10T09:17:27.510822+00:00
Entertainment: Books,multiple,easy,American illustrator and writer Maurice Sendak is most well-known for writing which children's book?,Where The Wild Things Are,The Neverending Story | Charlie and the Chocolate Factory | The Cat in the Hat,2026-09-10T09:17:27.510839+00:00
Entertainment: Books,multiple,medium,"By what nickname is Jack Dawkins known in the Charles Dickens novel, 'Oliver Twist'?",The Artful Dodger,Fagin | Bull’s-eye | Mr. Fang,2026-09-10T09:17:27.510854+00:00
Entertainment: Books,multiple,easy,What is the name of Sherlock Holmes's brother?,Mycroft Holmes,Mederi Holmes | Martin Holmes | Herbie Hancock Holmes,2026-09-10T09:17:27.510866+00:00
Entertainment: Books,multiple,hard,What is Hermione Granger's middle name?,Jean,Jane | Emma | Jo,2026-09-10T09:17:27.510872+00:00
Entertainment: Books,boolean,hard,"In Harry Potter and the Deathly Hallows, Hermione destroyed the fourth Horcrux by stabbing it with the Sword of Gryffindor.",False,True,2026-09-10T09:17:27.510881+00:00
Entertainment: Books,multiple,easy,"What was the name of Captain Nemo's submarine in ""20,000 Leagues Under the Sea""?",The Nautilus,The Neptune | The Poseidon   | The Atlantis,2026-09-10T09:17:27.510895+00:00
Entertainment: Books,multiple,medium,"In the children's book series, where is Paddington Bear originally from?",Peru,India | Iceland | Canada,2026-09-10T09:17:27.510902+00:00
Entertainment: Books,multiple,medium,What book series published by Jim Butcher follows a wizard in modern day Chicago?,The Dresden Files,A Hat in Time | The Cinder Spires | My Life as a Teenage Wizard,2026-09-10T09:17:27.510917+00:00
Entertainment: Books,multiple,medium,"In Alice in Wonderland, what is the name of Alice's kitten?",Dinah,Oscar | Heath | Smokey,2026-09-10T09:17:27.510924+00:00
Entertainment: Books,multiple,easy,What's Harry Potter's dad's name?,James Potter,Joey Potter | Frank Potter | Hairy Potter Sr.,2026-09-10T09:17:27.510936+00:00
Entertainment: Books,multiple,hard,Which fictional English county was the setting for Thomas Hardy's novels?,Wessex,Barsetshire | Fulchester | Ambridge,2026-09-10T09:17:27.510943+00:00
Entertainment: Books,multiple,medium,"Of the following, which Stephen King novel was published earliest?","""Cujo""","""Misery"" | ""Christine"" | ""IT""",2026-09-10T09:17:27.510957+00:00
Entertainment: Books,multiple,medium,"The book ""Fahrenheit 451"" was written by whom?",Ray Bradbury,R. L. Stine | Wolfgang Amadeus Mozart | Stephen King,2026-09-10T09:17:27.510970+00:00
Entertainment: Film,multiple,easy,Which of the following actors has only been in a Quentin Tarantino directed film once?,John Travolta,Christoph Waltz | Harvey Keitel | Samuel L. Jackson,2026-09-10T09:17:38.710272+00:00
Entertainment: Film,multiple,medium,"In the Friday The 13th series, what is Jason's mother's first name?",Pamela,Mary | Christine | Angeline,2026-09-10T09:17:38.710291+00:00
Entertainment: Film,multiple,easy,"In ""Mean Girls"", who has breasts that tell when it's raining?",Karen Smith,Gretchen Weiners | Janice Ian | Cady Heron,2026-09-10T09:17:38.710307+00:00
Entertainment: Film,multiple,medium,"Who voices the main character Blu in the 2011 animated film ""Rio""?",Jesse Eisenberg,Michael Cera | Jonah Hill | Zach Galifianakis,2026-09-10T09:17:38.710321+00:00
Entertainment: Film,multiple,medium,"In Finding Nemo, what was the name of Nemo's mom?",Coral,Sandy | Pearl | Shelly,2026-09-10T09:17:38.710328+00:00
Entertainment: Film,multiple,medium,"In Mulan (1998), who is the leader of the Huns?",Shan Yu,Chien-Po | Li Shang | Fa Zhou,2026-09-10T09:17:38.710340+00:00
Entertainment: Film,multiple,medium,"This movie contains the quote, ""I love the smell of napalm in the morning!""",Apocalypse Now,Platoon | The Deer Hunter | Full Metal Jacket,2026-09-10T09:17:38.710354+00:00
Entertainment: Film,multiple,easy,"Who directed the 2015 movie ""The Revenant""?",Alejandro G. Iñárritu,Christopher Nolan | David Fincher | Wes Anderson,2026-09-10T09:17:38.710369+00:00
Entertainment: Film,multiple,easy,Which of the following movies was not based on a novel by Stephen King? ,The Thing,Carrie | Misery | The Green Mile,2026-09-10T09:17:38.710380+00:00
Entertainment: Film,multiple,easy,"Who in Pulp Fiction says ""No, they got the metric system there, they wouldn't know what the f*** a Quarter Pounder is.""",Vincent Vega,Jules Winnfield | Jimmie Dimmick | Butch Coolidge,2026-09-10T09:17:38.710397+00:00
Entertainment: Film,multiple,medium,Who voiced the character Draco in the 1996 movie 'DragonHeart'?,Sean Connery,Dennis Quaid | Pete Postlethwaite | Brian Thompson,2026-09-10T09:17:38.710410+00:00
Entertainment: Film,multiple,easy,"At the end of the 2001 film ""Rat Race"", whose concert do the contestants crash?",Smash Mouth,Bowling for Soup | Sum 41 | Linkin Park,2026-09-10T09:17:38.710425+00:00
Entertainment: Film,multiple,medium,"What was Marilyn Monroe`s character's first name in the film ""Some Like It Hot""?",Sugar,Honey | Caramel | Candy,2026-09-10T09:17:38.710434+00:00
Entertainment: Film,multiple,hard,"In the film ""Harry Potter and the Order of The Phoenix"", why was Harry Potter's scream, after Sirius Black died, muted?",Too Agonizing,Too Loud | Too Harsh | Too Violent,2026-09-10T09:17:38.710450+00:00
Entertainment: Film,multiple,hard,"In the movie ""Scream"" who is Ghost Face?",Billy Loomis and Stu Macher,Dewey Riley | Sidney Prescott | Archie Prescott and Philip Marv,2026-09-10T09:17:38.710485+00:00
Entertainment: Film,multiple,hard,What was the first movie to ever use a Wilhelm Scream?,Distant Drums,Treasure of the Sierra Madre | The Charge at Feather River | Indiana Jones,2026-09-10T09:17:38.710502+00:00
Entertainment: Film,multiple,easy,Which movie released in 2016 features Superman and Batman fighting?,Batman v Superman: Dawn of Justice,Batman v Superman: Superapocalypse | Batman v Superman: Black of Knight | Batman v Superman: Knightfall,2026-09-10T09:17:38.710519+00:00
Entertainment: Film,multiple,medium,What is the birth name of Michael Caine?,Maurice Micklewhite,Morris Coleman | Carl Myers | Martin Michaels,2026-09-10T09:17:38.710531+00:00
Entertainment: Film,multiple,medium,Which former Star Trek actor directed Three Men and a Baby (1987)?,Leonard Nimoy,William Shatner | George Takei | James Doohan,2026-09-10T09:17:38.710555+00:00
Entertainment: Film,multiple,medium,What character in the Winnie the Pooh films was added by Disney and does not appear in the original books?,Gopher,Tigger | Heffalumps | Rabbit,2026-09-10T09:17:38.710564+00:00
Entertainment: Film,multiple,medium,"Peter Jackson's film series ""The Lord of the Rings"" was shot entirely in which country?",New Zealand,Scotland | Canada | Iceland,2026-09-10T09:17:38.710573+00:00
Entertainment: Film,multiple,hard,"What is the species of the ""Predator"" in the 1987 movie ""Predator""?",Yautja,Xenomorph | Praetorian | Phocrex,2026-09-10T09:17:38.710581+00:00
Entertainment: Film,multiple,hard,"In Youtuber Jerma985's 2014 film ""Rat Movie: Mystery of the Mayan Treasure,"" who is the man who tries to steal the Mayan Treasure?",Dick Dastardly Richards,"Gabe ""The Glue Man"" Degrossi | Bootleg Duck Dynasty Byeah Batman | Demon Lord Zeraxos",2026-09-10T09:17:38.710600+00:00
Entertainment: Film,multiple,medium,"Which star actor was in ""Top Gun"", ""Jerry Maguire"" and ""Born on the Fourth of July""?",Tom Cruise,Kelly McGillis | John Travolta | George Clooney,2026-09-10T09:17:38.710615+00:00
Entertainment: Film,multiple,easy,Which year was the first official Youtube Rewind released?,2010,2012 | 2011 | 2013,2026-09-10T09:17:38.710622+00:00
Entertainment: Film,multiple,easy,"Who plays Jack Burton in the movie ""Big Trouble in Little China?""",Kurt Russell,Patrick Swayze | John Cusack | Harrison Ford,2026-09-10T09:17:38.710635+00:00
Entertainment: Film,multiple,medium,What is the correct spelling of the protagonist of the book in The NeverEnding Story (1984)?,Atreyu,Atrayu | Atraiyu | Atraeyu,2026-09-10T09:17:38.710643+00:00
Entertainment: Film,multiple,medium,Which actor auditioned for the role of Luke Skywalker?,Kurt Russell,Christopher Lambert | Laurence Fishburne | James Remar,2026-09-10T09:17:38.710655+00:00
Entertainment: Film,multiple,medium,What film did James Cameron's Avatar dethrone as the highest-grossing film ever?,Titanic,Star Wars | Gone with the Wind | Jaws,2026-09-10T09:17:38.710666+00:00
Entertainment: Film,multiple,hard,"In what Disney movie can you spot the character ""Pac-Man"" in if you look closely enough in some scenes?",Tron,"Big Hero 6 | Fantasia | Monsters, Inc.",2026-09-10T09:17:38.710678+00:00
Entertainment: Film,multiple,easy,"In Avengers: Infinity War, the Reality Stone (aka the Aether) was kept under safe possession by who?",The Collector,Doctor Strange | The Grandmaster | Scarlet Witch,2026-09-10T09:17:38.710693+00:00
Entertainment: Film,multiple,medium,What is the name of the robot in the 1951 science fiction film classic 'The Day the Earth Stood Still'?,Gort,Robby | Colossus | Box,2026-09-10T09:17:38.710702+00:00
Entertainment: Film,multiple,medium,"Who is the director of the 1991 film ""Silence of the Lambs""?",Jonathan Demme,Stanley Kubrick | Frank Darabont | Michael Bay,2026-09-10T09:17:38.710715+00:00
Entertainment: Film,multiple,medium,Which retired American football quarterback played himself in 'Ace Ventura: Pet Detective' and 'Little Nicky'?,Dan Marino,John Elway | Tom Brady | Joe Montana,2026-09-10T09:17:38.710730+00:00
Entertainment: Film,multiple,medium,"What is the name of the Artificial Intelligence system in the 1983 film, ""WarGames""?",War Operation Plan Response,Self Evolving Thought Helix | Master Control Program | West Campus Analog Computer,2026-09-10T09:17:38.710745+00:00
Entertainment: Film,boolean,easy,"The film ""2001: A Space Odyssey"" was released on December 31st, 2000.",False,True,2026-09-10T09:17:38.710752+00:00
Entertainment: Film,multiple,easy,Which movie includes a giant bunny-like spirit who has magic powers including growing trees?,My Neighbor Totoro,Hop | Rise of the Guardians | Alice in Wonderland,2026-09-10T09:17:38.710765+00:00
Entertainment: Film,multiple,medium,"In the 1999 movie Fight Club, which of these is not a rule of the ""fight club""?",Always wear a shirt,You do not talk about FIGHT CLUB | Only two guys to a fight | Fights will go on as long as they have to,2026-09-10T09:17:38.710784+00:00
Entertainment: Film,multiple,hard,What did the first moving picture depict?,A galloping horse,A woman in a dress | A man walking | A crackling fire,2026-09-10T09:17:38.710798+00:00
Entertainment: Film,multiple,medium,"What is the name of the character Nicolas Cage plays in the movie ""National Treasure?""",Benjamin Franklin Gates,Thomas Jefferson Walker | George Washington Swanson | John Quincy Beckett,2026-09-10T09:17:38.710813+00:00
Entertainment: Film,multiple,easy,"Who is frozen at the end of the movie ""Goldeneye""?",Boris Grishenko,James Bond | Natalya Simonova | Alec Travelyan,2026-09-10T09:17:38.710826+00:00
Entertainment: Film,boolean,medium,"There aren't any live-action clones in ""Star Wars: Episode III - Revenge of the Sith"".",True,False,2026-09-10T09:17:38.710834+00:00
Entertainment: Film,multiple,easy,"In ""ALF"", what was ALF's real name?",Gordon Shumway,Gordon Milipp | Gordon Foster | Gordon von Gam,2026-09-10T09:17:38.710847+00:00
Entertainment: Film,multiple,hard,Which boxer was famous for striking the gong in the introduction to J. Arthur Rank films?,Bombardier Billy Wells,Freddie Mills | Terry Spinks | Don Cockell,2026-09-10T09:17:38.710948+00:00
Entertainment: Film,multiple,easy,"In the movie ""Cast Away"" the main protagonist's best friend while on the island is named",Wilson,Carson | Jackson | Willy,2026-09-10T09:17:38.710958+00:00
Entertainment: Film,multiple,easy,"In the 2012 film, ""The Lorax"", who is the antagonist?",Aloysius O'Hare,Ted Wiggins | The Once-Ler | Grammy Norma,2026-09-10T09:17:38.710972+00:00
Entertainment: Film,multiple,medium,Who did the score to the original Blade Runner?,Vangelis,Kitaro | Yanni | Enya,2026-09-10T09:17:38.710979+00:00
Entertainment: Film,multiple,easy,What name did Tom Hanks give to his volleyball companion in the film `Cast Away`?,Wilson,Friday | Jones | Billy,2026-09-10T09:17:38.710987+00:00
Entertainment: Film,multiple,medium,Which of these Disney classics was released in 1970?,The Aristocats,One Hundred and One Dalmatians | The Fox and the Hound | The Little Mermaid,2026-09-10T09:17:38.711001+00:00
Entertainment: Film,multiple,hard,What was the first superhero film James Gunn was involved with?,The Specials,Super | Guardians of the Galaxy | Brightburn,2026-09-10T09:17:38.711011+00:00
Entertainment: Film,boolean,medium,"The movie ""Tron"" received an Oscar nomination for Best Visual Effects.",False,True,2026-09-10T09:17:44.300176+00:00
Entertainment: Film,multiple,easy,The 1996 film 'Fargo' is primarily set in which US state?,Minnesota,North Dakota | South Dakota | Wisconsin,2026-09-10T09:17:44.300204+00:00
Entertainment: Film,multiple,medium,"Who played Baron Victor Frankestein in the 1957 Hammer horror film ""The Curse of Frankenstein""?",Peter Cushing,Boris Karloff | Vincent Price | Lon Chaney Jr.,2026-09-10T09:17:44.300222+00:00
Entertainment: Film,multiple,medium,"What was another suggested name for, the 1985 film, Back to the Future?",Spaceman From Pluto,Hill Valley Time Travelers | The Time Travelers | The Lucky Man,2026-09-10T09:17:44.300238+00:00
Entertainment: Film,multiple,medium,Bela Lugosi was a Hungarian-American actor best known for his starring role of what 1931 horror film?,Count Dracula,Dr Frankenstein | Werewolf | The Creature from the Black Lagoon,2026-09-10T09:17:44.300252+00:00
Entertainment: Film,multiple,medium,"What year did the James Cameron film ""Titanic"" come out in theaters?",1997,1996 | 1998 | 1999,2026-09-10T09:17:44.300260+00:00
Entertainment: Film,multiple,easy,What was the first monster to appear alongside Godzilla?,Anguirus,King Kong | Mothra | King Ghidora,2026-09-10T09:17:44.300270+00:00
Entertainment: Film,multiple,easy,"Who played the female lead in the 1933 film ""King Kong""?",Fay Wray,Jean Harlow | Vivien Leigh | Mae West,2026-09-10T09:17:44.300283+00:00
Entertainment: Film,multiple,hard,"According to ""Star Wars"" lore, which planet does Obi-Wan Kenobi come from?",Stewjon,Alderaan | Tatooine | Naboo,2026-09-10T09:17:44.300291+00:00
Entertainment: Film,multiple,easy,"What is the orange and white bot's name in ""Star Wars: The Force Awakens""?",BB-8,BB-3 | AA-A | R2-D2,2026-09-10T09:17:44.300299+00:00
Entertainment: Film,multiple,easy,"Who starred in the film 1973 movie ""Enter The Dragon""?",Bruce Lee,Jackie Chan | Jet Li |  Yun-Fat Chow,2026-09-10T09:17:44.300312+00:00
Entertainment: Film,multiple,medium,Which town is the setting for the Disney movie The Love Bug (1968)?,San Francisco,Los Angeles | Sacramento | San Jose,2026-09-10T09:17:44.300324+00:00
Entertainment: Film,multiple,medium,"In the film ""John Wick"" why does John Wick get out of retirement?",His puppy is killed and his car was stolen,He was punched in the face | He got mugged | He needed money,2026-09-10T09:17:44.300341+00:00
Entertainment: Film,multiple,easy,"In the Super Mario Bros. Movie (2023), who plays Toad?",Keegan-Michael Key,Seth Rogan | Charlie Day | Jack Black,2026-09-10T09:17:44.300355+00:00
Entertainment: Film,multiple,medium,"Brendan Fraser starred in the following movies, except which one?",Titanic,Monkeybone | Encino Man | Mrs. Winterbourne,2026-09-10T09:17:44.300365+00:00
Entertainment: Film,boolean,easy,Actor Tommy Chong served prison time.,True,False,2026-09-10T09:17:44.300369+00:00
Entertainment: Film,boolean,easy,"The word ""Inception"" came from the 2010 blockbuster hit ""Inception"".",False,True,2026-09-10T09:17:44.300383+00:00
Entertainment: Film,multiple,easy,Which actress danced the twist with John Travolta in 'Pulp Fiction'?,Uma Thurman,Kathy Griffin | Pam Grier | Bridget Fonda,2026-09-10T09:17:44.300400+00:00
Entertainment: Film,multiple,easy,Which of these films is NOT set in Los Angeles?,RoboCop,Blade Runner | The Terminator | Predator 2,2026-09-10T09:17:44.300411+00:00
Entertainment: Film,multiple,hard,"In the ""Jurassic Park"" universe, when did ""Jurassic Park: San Diego"" begin construction?",1985,1988 | 1986 | 1993,2026-09-10T09:17:44.300420+00:00
Entertainment: Film,multiple,medium,"Which documentary film maker wrote and starred in the film ""My Scientology Movie"" which first debuted in 2015?",Louis Theroux,Errol Morris | Joe Berlinger | Adam Curtis,2026-09-10T09:17:44.300435+00:00
Entertainment: Film,multiple,medium,In which 1973 film does Yul Brynner play a robotic cowboy who malfunctions and goes on a killing spree?,Westworld,Runaway | Android | The Terminators,2026-09-10T09:17:44.300445+00:00
Entertainment: Film,multiple,medium,"In what year was the movie ""Police Academy"" released?",1984,1986 | 1985 | 1983,2026-09-10T09:17:44.300451+00:00
Entertainment: Film,multiple,easy,Where does the original Friday The 13th movie take place?,Camp Crystal Lake,Packanack | Higgins Haven | Camp Forest Green,2026-09-10T09:17:44.300462+00:00
Entertainment: Film,multiple,medium,In which 1955 film does Frank Sinatra play Nathan Detroit?,Guys and Dolls,Anchors Aweigh | From Here to Eternity | High Society,2026-09-10T09:17:44.300476+00:00
Entertainment: Film,multiple,medium,"In the 1979 British film ""Quadrophenia"" what is the name of the main protagonist?",Jimmy Cooper,Pete Townshend | Franc Roddam | Archie Bunker,2026-09-10T09:17:44.300489+00:00
Entertainment: Film,multiple,medium,Darth Vader's famous reveal to Luke is iconic. But which of these is the right one?,"""No. I am your father.""","""Luke, I am your father."" | ""You're wrong. I am your father."" | ""The truth is that I am your father.""",2026-09-10T09:17:44.300510+00:00
Entertainment: Film,multiple,medium,Leonardo Di Caprio won his first Best Actor Oscar for his performance in which film?,The Revenant,The Wolf Of Wall Street | Shutter Island | Inception,2026-09-10T09:17:44.300540+00:00
Entertainment: Film,multiple,medium,Who played Sgt. Gordon Elias in 'Platoon' (1986)?,Willem Dafoe,Charlie Sheen | Matt Damon | Johnny Depp,2026-09-10T09:17:44.300557+00:00
Entertainment: Film,boolean,easy,"The movie ""The Nightmare before Christmas"" was all done with physical objects.",True,False,2026-09-10T09:17:44.300565+00:00
Entertainment: Film,multiple,easy,What is the name of the fictional retro-mod band starring Austin Powers as the lead vocalist?,Ming Tea,Cough Fi | Spear Mint | Mister E,2026-09-10T09:17:44.300579+00:00
Entertainment: Film,multiple,medium,Which 1958 movie starred Kirk Douglas and Tony Curtis as half-brothers Einar and Eric?,The Vikings ,The Long Ships | Prince Valiant | Spartacus,2026-09-10T09:17:44.300592+00:00
Entertainment: Film,multiple,medium,"Which famous singer was portrayed by actor Kevin Spacey in the 2004 biographical film ""Beyond the Sea""?",Bobby Darin,Louis Armstrong | Frank Sinatra | Dean Martin,2026-09-10T09:17:44.300606+00:00
Entertainment: Film,multiple,hard,What was Humphrey Bogart's middle name?,DeForest,DeWinter | Steven | Bryce,2026-09-10T09:17:44.300612+00:00
Entertainment: Film,boolean,easy,In Alfred Hitchcock's film 'Psycho' it is said he used chocolate syrup to simulate the blood in the famous shower scene from ,True,False,2026-09-10T09:17:44.300621+00:00
Entertainment: Film,boolean,easy,"Leonardo DiCaprio won an Oscar for Best Actor in 2004's ""The Aviator"".",False,True,2026-09-10T09:17:44.300628+00:00
Entertainment: Film,multiple,easy,"What movie starring Bruce Willis contains the line ""I see dead people""? ",The Sixth Sense,The Fifth Element | Die Hard | Armageddon,2026-09-10T09:17:44.300641+00:00
Entertainment: Film,multiple,medium,"What is the name of the villian in the 2015 Russian-American Sci-Fi Movie ""Hardcore Henry""?",Akan,Estelle | Jimmy | Henry,2026-09-10T09:17:44.300649+00:00
Entertainment: Film,multiple,medium,Who is revealed to be the villain at the end of the first live action Scooby Doo movie?,Scrappy Doo,Old Man Mason | The Local News Team | Fred,2026-09-10T09:17:44.300662+00:00
Entertainment: Film,boolean,easy,"Samuel L. Jackson had the words, 'Bad Motherf*cker' in-scripted on his lightsaber during the filming of Star Wars.",True,False,2026-09-10T09:17:44.300670+00:00
Entertainment: Film,multiple,medium,"Which of the following actors does not play a role in the movie ""The Usual Suspects?""",Steve Buscemi,Kevin Spacey | Benicio Del Toro | Gabriel Byrne,2026-09-10T09:17:44.300684+00:00
Entertainment: Film,multiple,medium,"Which actor plays the role of the main antagonist in the 2011 movie ""Tower Heist?""",Alan Alda,Eddie Murphy | Alec Baldwin | Kevin Nealon,2026-09-10T09:17:44.300698+00:00
Entertainment: Film,multiple,medium,"Which DC superhero was NOT included in the 2017 movie ""Justice League""?",Green Arrow,Batman | Cyborg | Wonder Woman,2026-09-10T09:17:44.300708+00:00
Entertainment: Film,multiple,medium,"After India, which country produces the second most movies per year?",Nigeria,United States | China | France,2026-09-10T09:17:44.300717+00:00
Entertainment: Film,multiple,easy,The Queen song `A Kind Of Magic` is featured in which 1986 film?,Highlander,Flash Gordon | Labyrinth | Howard the Duck,2026-09-10T09:17:44.300727+00:00
Entertainment: Film,multiple,hard,What was the wifi password given to Stephen Strange in Doctor Strange?,Shambala,Peace | Ancient | Chakra,2026-09-10T09:17:44.300734+00:00
Entertainment: Film,multiple,medium,Who plays the Nemesis in the Resident Evil movies?,Matthew Taylor,Jason Dip | Eric Mabius | Jimmy Matts,2026-09-10T09:17:44.300746+00:00
Entertainment: Film,multiple,easy,What was the first feature-length computer-animated movie?,Toy Story,Tron | Lion king | 101 Dalmatians,2026-09-10T09:17:44.300757+00:00
Entertainment: Film,multiple,medium,"What is the name of the dog that played Toto in the 1939 film ""The Wizard of Oz""?",Terry,Tommy | Teddy | Toto,2026-09-10T09:17:44.300765+00:00
Entertainment: Film,multiple,easy,"Who directed the movies ""Pulp Fiction"", ""Reservoir Dogs"" and ""Django Unchained""?",Quentin Tarantino,Martin Scorcese | Steven Spielberg | James Cameron,2026-09-10T09:17:44.300779+00:00
Entertainment: Film,multiple,medium,Actress Susan Sarandon caught pneumonia during filming of which movie?,The Rocky Horror Picture Show,Thelma and Louise | Dead Man Walking | Enchanted,2026-09-10T09:17:49.900580+00:00
Entertainment: Film,multiple,easy,"Who is the main protagonist in, the 1985 film, Back to the Future?",Marty McFly,"Emmett ""Doc"" Brown | Biff Tannen | George McFly",2026-09-10T09:17:49.900607+00:00
Entertainment: Film,multiple,medium,"In the 1979 British film ""Quadrophenia"" what is the name of the seaside city the mods are visiting?",Brighton,Eastbourne | Mousehole | Bridlington,2026-09-10T09:17:49.900617+00:00
Entertainment: Film,multiple,medium,What is the name of the queen's pet in A Bug's Life?,Aphie,Flik | Hopper | Dot,2026-09-10T09:17:49.900625+00:00
Entertainment: Film,multiple,medium,"Who was the director of ""Scott Pilgrim vs. the World (2010)""?",Edgar Wright,Phil Lord | Chris Miller | Seth Rogan,2026-09-10T09:17:49.900639+00:00
Entertainment: Film,multiple,medium,"What is the name of the first ""Star Wars"" film by release order?",A New Hope,The Phantom Menace | The Force Awakens | Revenge of the Sith,2026-09-10T09:17:49.900655+00:00
Entertainment: Film,multiple,easy,"In the 1986 film ""The Wraith"", what concept car is used for the Turbo Interceptor?",Dodge M4S,Pontiac Banshee | General Motors Firebird | Dodge Copperhead,2026-09-10T09:17:49.900671+00:00
Entertainment: Film,multiple,medium,"What year did the movie ""Napoleon Dynamite"" come out?",2004,2002 | 2003 | 2005,2026-09-10T09:17:49.900678+00:00
Entertainment: Film,multiple,hard,Which sci-fi cult films plot concerns aliens attempting to prevent humans from creating a doomsday weapon?,Plan 9 from Outer Space,The Man from Planet X | It Came from Outer Space | The Day The Earth Stood Still,2026-09-10T09:17:49.900696+00:00
Entertainment: Film,multiple,medium,Which one of these action movies are shot entirely in one take?,Victoria,Ip Man 2 | The Bourne Legacy | Léon: The Professional,2026-09-10T09:17:49.900710+00:00
Entertainment: Film,multiple,medium,"Which actor plays the character ""Tommy Jarvis"" in ""Friday the 13th: The Final Chapter"" (1984)?",Corey Feldman,Macaulay Culkin | Mel Gibson | Mark Hamill,2026-09-10T09:17:49.900726+00:00
Entertainment: Film,multiple,easy,"In which film does Humphrey Bogart say the famous line, ""Here's looking at you, kid""?",Casablanca,The Maltese Falcon | The Treasure of the Sierra Madre | Citizen Kane,2026-09-10T09:17:49.900740+00:00
Entertainment: Film,multiple,medium,In which movie does Robin Williams' character have to disguise themselves into a woman?,Mrs. Doubtfire,Old Dogs | Jumanji | Awakenings,2026-09-10T09:17:49.900751+00:00
Entertainment: Film,multiple,medium,Which one of these actors is said to be cut from the film 'E.T. the Extra-Terrestrial'?,Harrison Ford,Michael J. Fox | Andy Kaufman | Arnold Schwarzenegger,2026-09-10T09:17:49.900766+00:00
Entertainment: Film,multiple,medium,"In the movie “The Iron Giant,” this character is the protagonist.",Hogarth Hughes,Kent Mansley | Dean McCoppin | Annie Hughes,2026-09-10T09:17:49.900782+00:00
Entertainment: Film,multiple,hard,How old was Laurence Fishburne when Francis Ford Coppola cast him in Apocalypse Now (1979)? ,14,16 | 18 | 20,2026-09-10T09:17:49.900790+00:00
Entertainment: Film,multiple,easy,Which film has been critically regarded as the best film of all time?,Citizen Kane,Avatar | The Godfather Part II | The Room,2026-09-10T09:17:49.900803+00:00
Entertainment: Film,multiple,easy,"This movie contains the quote, ""Houston, we have a problem.""",Apollo 13,The Right Stuff | Capricorn One | Marooned,2026-09-10T09:17:49.900814+00:00
Entertainment: Film,multiple,medium,"What Queen song plays during the final fight scene of the film ""Hardcore Henry""?",Don't Stop Me Now,Brighton Rock | Another Bites the Dust | We Will Rock You,2026-09-10T09:17:49.900830+00:00
Entertainment: Film,multiple,medium,"Who played Batman in the 1997 film ""Batman and Robin""?",George Clooney,Michael Keaton | Val Kilmer | Christian Bale,2026-09-10T09:17:49.900843+00:00
Entertainment: Film,multiple,easy,"""The first rule is: you don't talk about it"" is a reference to which movie?",Fight Club,The Island | Unthinkable | American Pie,2026-09-10T09:17:49.900867+00:00
Entertainment: Film,multiple,medium,"About how much money did it cost for Tommy Wiseau to make his masterpiece ""The Room"" (2003)?",$6 Million,"$20,000 | $1 Million | $10 Million",2026-09-10T09:17:49.900885+00:00
Entertainment: Film,multiple,easy," In the 1951 movie ""The Day The Earth Stood Still"" which US city did the alien spaceship land in?",Washington D.C., Los Angeles | New York | Philadelphia,2026-09-10T09:17:49.900900+00:00
Entertainment: Film,multiple,easy,"Which of the following is not the name of a ""Bond Girl""? ",Vanessa Kensington,Pam Bouvier | Mary Goodnight | Wai Lin,2026-09-10T09:17:49.900930+00:00
Entertainment: Film,boolean,hard,"The weapon Clint Eastwood uses in ""Dirty Harry"" was a .44 Automag.",False,True,2026-09-10T09:17:49.900940+00:00
Entertainment: Film,multiple,easy,"In the movie ""V for Vendetta,"" what is the date that masked vigilante ""V"" urges people to remember?",November 5th,November 6th | November 4th | September 5th,2026-09-10T09:17:49.900958+00:00
Entertainment: Film,multiple,medium,"Who directed the 1973 film ""American Graffiti""?",George Lucas,Ron Howard | Francis Ford Coppola | Steven Spielberg,2026-09-10T09:17:49.900972+00:00
Entertainment: Film,multiple,medium,"Before getting the shotgun, what did the titular hobo in 'Hobo with a Shotgun' want to purchase?",a lawnmower,a revolver | a guitar | a suit,2026-09-10T09:17:49.900988+00:00
Entertainment: Film,multiple,medium,What is Lilo's last name from Lilo and Stitch?,Pelekai,Anoaʻi | Kealoha | Kuʻulei,2026-09-10T09:17:49.900999+00:00
Entertainment: Film,boolean,medium,"The Xenomorph from the science fiction film ""Alien"" has acidic blood.",True,False,2026-09-10T09:17:49.901006+00:00
Entertainment: Film,multiple,medium, In what movie does Eddie Murphy swap identities with Dan Aykroyd?,Trading Places,Ghostbusters | Coming to America | The Blues Brothers,2026-09-10T09:17:49.901019+00:00
Entertainment: Film,multiple,hard,"In the Friday The 13th series, what year did Jason drown in?",1957,1955 | 1953 | 1959,2026-09-10T09:17:49.901026+00:00
Entertainment: Film,multiple,easy,"This movie contains the quote, ""I feel the need ... the need for speed!""",Top Gun,Days of Thunder | The Color of Money | Cocktail,2026-09-10T09:17:49.901039+00:00
Entertainment: Film,multiple,easy,What historical time period was the center of the Assassin’s Creed movie (2016)?,Spanish Inquisition,Victorian England | French Revolution | Colonial America,2026-09-10T09:17:49.901054+00:00
Entertainment: Film,boolean,hard,"""Cube"", ""Cube 2: Hypercube"" and ""Cube Zero"" were directed by the same person.",False,True,2026-09-10T09:17:49.901062+00:00
Entertainment: Film,multiple,hard,In what year was the first Indian movie submitted for an Oscar?,1957,1962 | 1938 | 1954,2026-09-10T09:17:49.901069+00:00
Entertainment: Film,multiple,hard,"What was the name of the planet in ""Aliens""?",LV-426,Weyland Yutani Corporation Base | FR-838 | DI-621,2026-09-10T09:17:49.901078+00:00
Entertainment: Film,multiple,medium,What is the birth name of Michael Keaton?,Michael Douglas,Michael Fox | Michael Richards | Michael Kane,2026-09-10T09:17:49.901090+00:00
Entertainment: Film,boolean,easy,"Shaquille O'Neal appeared in the 1997 film ""Space Jam"".",False,True,2026-09-10T09:17:49.901096+00:00
Entertainment: Film,boolean,easy,George Lucas directed the entire original Star Wars trilogy.,False,True,2026-09-10T09:17:49.901102+00:00
Entertainment: Film,multiple,medium,Which movie sequel had improved box office results compared to its original film?,Toy Story 2,Sin City: A Dame to Kill For | Speed 2: Cruise Control | Son of the Mask,2026-09-10T09:17:49.901118+00:00
Entertainment: Film,boolean,easy,"""Minions"" was released on the June 10th, 2015.",False,True,2026-09-10T09:17:49.901124+00:00
Entertainment: Film,multiple,medium,"Who played the Cenobite called ""Pinhead"" in the original Hellraiser films?",Doug Bradley,Doug Jones | Doug Savant | Doug Benson,2026-09-10T09:17:49.901137+00:00
Entertainment: Film,multiple,easy,7-Eleven stores were temporarily converted into Kwik E-marts to promote the release of what movie?,The Simpsons Movie,Spider-Man 3 | Shrek the Third | Ratatouille,2026-09-10T09:17:49.901150+00:00
Entertainment: Film,multiple,medium,"In the 2002 film ""Kung Pow! Enter the Fist"", why was Wimp Lo purposely trained wrong?",As a joke,For cheating | Revenge | To test him,2026-09-10T09:17:49.901164+00:00
Entertainment: Film,multiple,medium,"In ""Jurassic World"", which company purchases InGen and creates Jurassic World?",Masrani Global Corporation ,Biology Synthetics Technologies | International Genetics Incorporated | International Genetic Technologies,2026-09-10T09:17:49.901179+00:00
Entertainment: Film,multiple,easy,"Which of the following was not one of ""The Magnificent Seven""?",Clint Eastwood,Steve McQueen | Charles Bronson | Robert Vaughn,2026-09-10T09:17:49.901192+00:00
Entertainment: Film,multiple,medium,"Which director directed the movie ""Pan's Labyrinth""?",Guillermo Del Toro,Alfonso Cuarón | Alejandro González Iñárritu |  Alejandro Jodorowsky,2026-09-10T09:17:49.901208+00:00
Entertainment: Film,multiple,easy,Who played Thanos in Avengers: Infinity War and Avengers: End Game?,Josh Brolin,Tom Hiddleston | Adam Sandler | Sean Gunn,2026-09-10T09:17:49.901221+00:00
Entertainment: Film,multiple,hard,"Which of the following films was directed by Ivan Reitman, written by Gary Ross, featured Kevin Kline, and was released in 1993?",Dave,John | Will | Carl,2026-09-10T09:17:49.901231+00:00
Entertainment: Film,multiple,medium,"This movie contains the quote, ""What we've got here is a failure to communicate.""",Cool Hand Luke,Bonnie and Clyde | The Graduate | In the Heat of the Night,2026-09-10T09:17:55.447708+00:00
Entertainment: Film,multiple,medium,"What is the name of James Dean's character in the 1955 movie ""Rebel Without a Cause""?",Jim Stark,Ned Stark | Jim Kane | Frank Stark,2026-09-10T09:17:55.447740+00:00
Entertainment: Film,multiple,easy,What was Bruce Campbell's iconic one-liner after getting a chainsaw hand in Evil Dead 2?,Groovy.,Gnarly. | Perfect. | Nice.,2026-09-10T09:17:55.447750+00:00
Entertainment: Film,multiple,medium,"What type of cheese, loved by Wallace and Gromit, had it's sale prices rise after their successful short films?",Wensleydale,Cheddar | Moon Cheese | Edam,2026-09-10T09:17:55.447761+00:00
Entertainment: Film,multiple,medium,Which of these movies is NOT considered to be part of the Marvel Cinematic Universe?,Fantastic Four (2015), Spider-Man: Homecoming (2017) | The Incredible Hulk (2008) | Captain Marvel (2019),2026-09-10T09:17:55.447781+00:00
Entertainment: Film,multiple,easy,"This movie contains the quote, ""Nobody puts Baby in a corner.""",Dirty Dancing,Three Men and a Baby | Ferris Bueller's Day Off | Pretty in Pink,2026-09-10T09:17:55.447797+00:00
Entertainment: Film,multiple,easy,Which of these Movies was NOT released in 1996?,Gladiator,Independence Day | The Rock | Mission: Impossible,2026-09-10T09:17:55.447809+00:00
Entertainment: Film,multiple,medium,"Which actor played the main character in the 1990 film ""Edward Scissorhands""?",Johnny Depp, Clint Eastwood | Leonardo DiCaprio | Ben Stiller,2026-09-10T09:17:55.447824+00:00
Entertainment: Film,multiple,medium,Johnny Depp made his big-screen acting debut in which film?,A Nightmare on Elm Street,My Bloody Valentine | Halloween | Friday the 13th,2026-09-10T09:17:55.447837+00:00
Entertainment: Film,multiple,easy,"For the film ""Raiders of The Lost Ark"", what was Harrison Ford sick with during the filming of the Cairo chase?",Dysentery,Anemia | Constipation | Acid Reflux ,2026-09-10T09:17:55.447849+00:00
Entertainment: Film,multiple,medium,Which of the following James Bond villains is not affiliated with the SPECTRE organization?,Auric Goldfinger,Dr. Julius No | Rosa Klebb | Emilio Largo,2026-09-10T09:17:55.447864+00:00
Entertainment: Film,multiple,hard,"What was the name of the actor who played Leatherface in the 1974 horror film, The Texas Chainsaw Massacre?",Gunnar Hansen,Edwin Neal | John Dugan | Joe Bill Hogan,2026-09-10T09:17:55.447879+00:00
Entertainment: Film,multiple,medium,"In ""The Hobbit,"" who was head of the White Council? ",Saruman,Lady Galadriel  | Gandalf | Elrond,2026-09-10T09:17:55.447889+00:00
Entertainment: Film,boolean,easy,Ewan McGregor did not know the name of the second prequel film of Star Wars during and after filming.,True,False,2026-09-10T09:17:55.447897+00:00
Entertainment: Film,multiple,hard,"Which one of these films did David Lynch direct, but not write?",The Straight Story,Inland Empire | Lost Highway | Twin Peaks Fire Walk With Me,2026-09-10T09:17:55.447912+00:00
Entertainment: Film,multiple,hard,"Before ""Jurassic Park III"" was finalized and the Spinosaurus was chosen, which dinosaur was going to be the star?",Baryonyx,Tyrannosaurus Rex | Velociraptor | Suchomimus,2026-09-10T09:17:55.447923+00:00
Entertainment: Film,multiple,medium,"Ed Koch, the Mayor of New York in 1984, played himself in which Muppets movie?",The Muppets Take Manhattan,The Great Muppet Caper | The Muppet Christmas Carol | The Muppet Movie,2026-09-10T09:17:55.447957+00:00
Entertainment: Film,multiple,easy,Which of these actors have NOT played Spiderman in the movies?,Michael Cera,Tobey Maguire | Andrew Garfield | Tom Holland,2026-09-10T09:17:55.447979+00:00
Entertainment: Film,multiple,easy,Who plays Alice in the Resident Evil movies?,Milla Jovovich,Madison Derpe | Milla Johnson | Kim Demp,2026-09-10T09:17:55.447993+00:00
Entertainment: Film,multiple,hard,The film Mad Max: Fury Road features the Dies Irae  from which composer's requiem?,Verdi,Mozart | Berlioz | Brahms,2026-09-10T09:17:55.448001+00:00
Entertainment: Film,boolean,easy,"Brandon Routh plays the titular character in the movie ""John Wick"".",False,True,2026-09-10T09:17:55.448007+00:00
Entertainment: Film,boolean,easy,"In the original script of ""The Matrix"", the machines used humans as additional computing power instead of batteries.",True,False,2026-09-10T09:17:55.448015+00:00
Entertainment: Film,multiple,medium,"What city did the monster attack in the film, ""Cloverfield""?","New York, New York","Las Vegas, Nevada | Chicago, Illinois | Orlando, Florida",2026-09-10T09:17:55.448032+00:00
Entertainment: Film,multiple,medium,"What is the name of the foley artist who designed the famous sounds of Star Wars, including Chewbacca's roar and R2-D2's beeps and whistles?",Ben Burtt,Ken Burns | Ralph McQuarrie | Miranda Keyes,2026-09-10T09:17:55.448049+00:00
Entertainment: Film,multiple,easy,"Who played Deputy Marshal Samuel Gerard in the 1993 film ""The Fugitive""?",Tommy Lee Jones,Harrison Ford | Harvey Keitel | Martin Landau,2026-09-10T09:17:55.448062+00:00
Entertainment: Film,multiple,easy,"When does ""Rogue One: A Star Wars Story"" take place chronologically in the series?",Between Episode 3 and 4,After Episode 6 | Before Episode 1 | Between Episode 4 and 5,2026-09-10T09:17:55.448078+00:00
Entertainment: Film,multiple,hard,Which movie did NOT feature the late actor John Candy?,Ghostbusters,Little Shop Of Horrors | Home Alone | Planes Trains and Automobiles,2026-09-10T09:17:55.448090+00:00
Entertainment: Film,multiple,easy,"In the 1992 film ""Army of Darkness"", what name does Ash give to his double-barreled shotgun?",Boomstick,Bloomstick | Blastbranch | 2-Pump Chump,2026-09-10T09:17:55.448100+00:00
Entertainment: Film,boolean,medium,"Stanley Kubrick's ""Dr. Strangelove"" (1964) originally ended with a large pie fight in the war room.",True,False,2026-09-10T09:17:55.448108+00:00
Entertainment: Film,multiple,hard,"Which actress portrayed Dr. Grace Augustine in the James Cameron movie ""Avatar""?",Sigourney Weaver,Jessica Chastain | Melissa Beckett | Alyssa Monroe ,2026-09-10T09:17:55.448123+00:00
Entertainment: Film,multiple,hard,"In the 1974 Christmas flick ""The Year Without a Santa Claus,"" what are the names of the two elves who help Mrs. Claus save Christmas?",Jingle & Jangle,Buddy & Bobby | Holly & Jolly | Snowflake & Icicle,2026-09-10T09:17:55.448143+00:00
Entertainment: Film,boolean,medium,"The original ending of ""Little Shop Of Horrors"" has the plants taking over the world.",True,False,2026-09-10T09:17:55.448151+00:00
Entertainment: Film,multiple,medium,What mutated animals act as monsters in the movie 'Night of the Lepus'?,Rabbits,Dogs | Rats | Bats,2026-09-10T09:17:55.448158+00:00
Entertainment: Film,multiple,easy,Which Batman villain is Mark Hamill known for having voiced?,The Joker,Two-Face | Bane | Hush,2026-09-10T09:17:55.448166+00:00
Entertainment: Film,multiple,medium,"In Back to the Future Part II, Marty and Dr. Emmett Brown go to which future date?","October 21, 2015","August 28, 2015 | July 20, 2015 | January 25, 2015",2026-09-10T09:17:55.448182+00:00
Entertainment: Film,multiple,medium,"In the ""Jurassic Park"" universe, what is the name of the island that contains InGen's Site B?",Isla Sorna,Isla Nublar | Isla Pena | Isla Muerta,2026-09-10T09:17:55.448197+00:00
Entertainment: Film,multiple,hard,"In what year did Clint Eastwood star as Inspector Harry Callahan in the film ""Dirty Harry""?",1971,1975 | 1983 | 1969,2026-09-10T09:17:55.448205+00:00
Entertainment: Film,multiple,medium,"In the 2014 film ""Birdman"", what is the primary instrument in the score?",Drums,Saxophone | Violin | Actual Live Birds Singing,2026-09-10T09:17:55.448216+00:00
Entertainment: Film,multiple,medium,"According to the Star Wars lore, what is Han Solo's home planet?",Corellia,Tatooine | Naboo | Coruscant,2026-09-10T09:17:55.448223+00:00
Entertainment: Film,multiple,medium,"In the movie ""Back to the Future,"" what speed does Doc Brown's DeLorean need to reach in order to travel through time?",88 mph,77 mph | 100 mph | 70 mph,2026-09-10T09:17:55.448239+00:00
Entertainment: Film,multiple,easy,"Who directed ""E.T. the Extra-Terrestrial"" (1982)?",Steven Spielberg,Stanley Kubrick | James Cameron | Tim Burton,2026-09-10T09:17:55.448252+00:00
Entertainment: Film,multiple,easy,"Who directed the 2017 movie ""The Shape of Water""?",Guillermo del Toro,Steven Spielberg | James Cameron | Martin Scorsese,2026-09-10T09:17:55.448265+00:00
Entertainment: Film,multiple,medium,Velma Kelly and Roxie Hart are the protagonists of which Oscar winning movie?,Chicago,Dreamgirls | Cabaret | All That Jazz,2026-09-10T09:17:55.448275+00:00
Entertainment: Film,multiple,easy,Who wrote and directed the 1986 film 'Platoon'?,Oliver Stone,Francis Ford Coppola | Stanley Kubrick | Michael Cimino,2026-09-10T09:17:55.448287+00:00
Entertainment: Film,multiple,hard,"In the film ""Interstellar"", how long did they spend on Miller's planet?","23 years, 4 months, and 8 days","15 years, 2 months, and 15 days | 10 months and 6 days | 26 years, 4 months, and 10 days",2026-09-10T09:17:55.448306+00:00
Entertainment: Film,multiple,hard,"Which actors made up the trio in ""The Good, the Bad, and the Ugly""? ","Clint Eastwood, Eli Wallach, and Lee Van Cleef","Sergio Leone, Ennio Morricone, and Tonino Delli Colli | Yul Brynner, Steve McQueen, and Charles Bronson | Aldo Giuffrè, Mario Brega, and Luigi Pistilli",2026-09-10T09:17:55.448328+00:00
Entertainment: Film,multiple,medium,"What American actor directed and co-starred alongside Emily Blunt in 2018's horror film ""A Quiet Place""?",John Krasinski,Keanu Reeves | Willem Dafoe | Josh Brolin,2026-09-10T09:17:55.448343+00:00
Entertainment: Film,multiple,easy,What is the oldest Disney film?,Snow White and the Seven Dwarfs,Pinocchio | Dumbo | Fantasia,2026-09-10T09:17:55.448351+00:00
Entertainment: Film,multiple,easy,"In Avengers: Infinity War, where was the Soul Stone located?",Vormir,Xandar | Knowhere | Asgard,2026-09-10T09:17:55.448358+00:00
Entertainment: Film,multiple,medium,Which actor and martial artist starred as Colonel Guile in the 1994 action film adaptation of Street Fighter?,Jean-Claude Van Damme,Chuck Norris | Steven Seagal | Scott Adkins,2026-09-10T09:17:55.448372+00:00
Entertainment: Film,multiple,medium,"In The Lord of the Rings: The Fellowship of the Ring, which one of the following characters from the book was left out of the film?",Tom Bombadil,Strider | Barliman Butterbur | Celeborn,2026-09-10T09:18:01.036074+00:00
Entertainment: Film,multiple,easy,"What breed of dog was Marley in the film ""Marley & Me"" (2008)?",Labrador Retriever,Golden Retriever | Dalmatian | Shiba Inu,2026-09-10T09:18:01.036100+00:00
Entertainment: Film,multiple,medium,Which movie of film director Stanley Kubrick is known to be an adaptation of a Stephen King novel?,The Shining,2001: A Space Odyssey |  Dr. Strangelove  | Eyes Wide Shut,2026-09-10T09:18:01.036120+00:00
Entertainment: Film,multiple,hard,"In order to cut costs, what were most of the extras of Mad Max (1979) paid with?",Beer,Fast food | Food stamps | They weren't paid,2026-09-10T09:18:01.036135+00:00
Entertainment: Film,multiple,easy,"In the movie ""Blade Runner"", what is the term used for human-like androids ?",Replicants,Cylons | Synthetics | Skinjobs,2026-09-10T09:18:01.036143+00:00
Entertainment: Film,multiple,easy,"Who plays protagonist Ethan Hunt in the ""Mission: Impossible"" film-series?",Tom Cruise,Johnny Depp | Sean Connery | Pierce Brosnan,2026-09-10T09:18:01.036157+00:00
Entertainment: Film,multiple,medium,The killer in the 1981 film 'My Bloody Valentine' wears what sort of outfit?,Mining gear,Clown costume | Santa suit | Police uniform,2026-09-10T09:18:01.036171+00:00
Entertainment: Film,multiple,easy,"In Big Hero 6, what fictional city is the Big Hero 6 from?",San Fransokyo,San Tokyo | Tokysisco | Sankyo,2026-09-10T09:18:01.036182+00:00
Entertainment: Film,multiple,medium,This trope refers to minor characters that are killed off to show how a monster works.,Red Shirt,Minions | Expendables | Cannon Fodder,2026-09-10T09:18:01.036194+00:00
Entertainment: Film,multiple,medium,In which African country was the 2006 film 'Blood Diamond' mostly set in?,Sierra Leone,Liberia | Burkina Faso | Central African Republic,2026-09-10T09:18:01.036207+00:00
Entertainment: Film,multiple,hard,"Which 1994 film did Roger Ebert famously despise, saying ""I hated hated hated hated hated this movie"".",North,3 Ninjas Kick Back | The Santa Clause | Richie Rich,2026-09-10T09:18:01.036221+00:00
Entertainment: Film,multiple,medium,"Who plays ""Bruce Wayne"" in the 2008 movie ""The Dark Knight""?",Christian Bale,Michael Caine | Ron Dean | Heath Ledger,2026-09-10T09:18:01.036235+00:00
Entertainment: Film,multiple,medium,"In Tron: Legacy, Kevin Flynn wrote a program to create the perfect system. What was the program's name?",Clu,Tron | MCP | Quorra,2026-09-10T09:18:01.036244+00:00
Entertainment: Film,boolean,easy,"Han Solo's co-pilot and best friend, ""Chewbacca"", is an Ewok.",False,True,2026-09-10T09:18:01.036251+00:00
Entertainment: Film,multiple,medium,"In Star Wars, what's the name of the new Government created after the defeat of the Galactic Empire?",The New Republic,The Rebel Alliance | The Crimson Dawn | The First Order,2026-09-10T09:18:01.036266+00:00
Entertainment: Film,multiple,easy,Which of these movies did Jeff Bridges not star in?,The Hateful Eight,Tron: Legacy | The Giver | True Grit,2026-09-10T09:18:01.036279+00:00
Entertainment: Film,multiple,medium,"In the 2002 film ""Kung Pow! Enter the Fist"", Master Pain changes his name to what?",Betty,Sally | Amy | Kitty,2026-09-10T09:18:01.036287+00:00
Entertainment: Film,multiple,easy,Which animated movie was first to feature a celebrity as a voice actor?,Aladdin,Toy Story | James and the Giant Peach | The Hunchback of Notre Dame,2026-09-10T09:18:01.036301+00:00
Entertainment: Film,multiple,easy,"In the 1995 film ""Balto"", who are Steele's accomplices?","Kaltag, Nikki, and Star","Dusty, Kirby, and Ralph | Nuk, Yak, and Sumac | Jenna, Sylvie, and Dixie",2026-09-10T09:18:01.036317+00:00
Entertainment: Film,multiple,easy,"In the movie Gremlins, after what time of day should you not feed Mogwai?",Midnight,Evening | Morning | Afternoon,2026-09-10T09:18:01.036324+00:00
Entertainment: Film,multiple,hard,Which singer is portrayed by Bruce Campbell in the 2002 film 'Bubba Ho-Tep'?,Elvis Presley,"Johnny Cash | Hank Williams, Sr. | Buddy Holly",2026-09-10T09:18:01.036356+00:00
Entertainment: Film,multiple,medium,"How much money did the 2019 Marvel movie ""Avengers: Endgame"" gross for it's record-breaking worldwide opening weekend?",1.2 billion USD,640 million USD | 456 million USD | 392 million USD,2026-09-10T09:18:01.036374+00:00
Entertainment: Film,multiple,medium,"In the 1984 movie ""The Terminator"", what model number is the Terminator portrayed by Arnold Schwarzenegger?",T-800,I-950 | T-888 | T-1000,2026-09-10T09:18:01.036383+00:00
Entertainment: Film,boolean,hard,YouTube personality Jenna Marbles served as an executive producer of the film Maximum Ride (2016).,True,False,2026-09-10T09:18:01.036390+00:00
Entertainment: Film,multiple,hard,What was the last Marx Brothers film to feature Zeppo?,Duck Soup,A Night at the Opera | A Day at the Races | Monkey Business,2026-09-10T09:18:01.036405+00:00
Entertainment: Film,multiple,hard,"What is the name of the assassin in the first ""Hellboy"" movie?",Karl Ruprecht Kroenen,Klaus Werner von Krupt | Grigori Efimovich Rasputin | Ilsa Haupstein,2026-09-10T09:18:01.036419+00:00
Entertainment: Film,multiple,easy,"In the Lord of the Rings: The Two Towers, where are the party of orcs taking the hobbits?",Isengard,Rivendell | Mordor | Moria,2026-09-10T09:18:01.036428+00:00
Entertainment: Film,multiple,easy,"What superhero has been played in film by actors Michael Keaton, Val Kilmer, George Clooney and Christian Bale?",Batman,Superman | Iron Man | Spiderman,2026-09-10T09:18:01.036439+00:00
Entertainment: Film,multiple,medium,"In the film ""Requiem for a Dream"", what drug does Jared Leto's character get addicted to?",Heroin,Cocaine | Marijuana | Oxycodone,2026-09-10T09:18:01.036447+00:00
Entertainment: Film,multiple,easy,When was the movie 'Con Air' released?,1997,1985 | 1999 | 1990,2026-09-10T09:18:01.036453+00:00
Entertainment: Film,multiple,easy,What was Dorothy's surname in 'The Wizard Of Oz'?,Gale,Perkins | Day | Parker,2026-09-10T09:18:01.036459+00:00
Entertainment: Film,multiple,hard,Which was the first of Alfred Hitchcock's movies to be filmed in colour?,Rope,Psycho | Vertigo | Rebecca,2026-09-10T09:18:01.036466+00:00
Entertainment: Film,multiple,medium,Which of the following is NOT a quote from the 1942 film Casablanca? ,"""Frankly, my dear, I don't give a damn.""","""Here's lookin' at you, kid."" | “Of all the gin joints, in all the towns, in all the world, she walks into mine…” | ""Round up the usual suspects.""",2026-09-10T09:18:01.036496+00:00
Entertainment: Film,boolean,easy,Matt Damon played an astronaut stranded on an extraterrestrial planet in both of the movies Interstellar and The Martian.,True,False,2026-09-10T09:18:01.036504+00:00
Entertainment: Film,multiple,medium,What were the Chilled Monkey Brains made from during Indiana Jones and the Temple of Doom?,Custard and Raspberry Sauce,Strawberry Ice Cream | Cherry Yogurt | Raspberry Sorbet,2026-09-10T09:18:01.036519+00:00
Entertainment: Film,multiple,medium,"What does TIE stand for in reference to the TIE Fighter in ""Star Wars""?",Twin Ion Engine,Twin Iron Engine | Twin Intercepter Engine | Twin Inception Engine,2026-09-10T09:18:01.036534+00:00
Entertainment: Film,boolean,easy,"In the original Star Wars trilogy, Alec Guinness provided the voice for Darth Vader.",False,True,2026-09-10T09:18:01.036541+00:00
Entertainment: Film,multiple,easy,Who portrayed Han Solo in the Star Wars main film series?,Harrison Ford,Peter Cushing | Mark Hamill | Alec Guinness,2026-09-10T09:18:01.036554+00:00
Entertainment: Film,multiple,medium,Which of the following films was NOT directed by Quentin Tarantino?,From Dusk till Dawn,Jackie Brown | Pulp Fiction | Reservoir Dogs,2026-09-10T09:18:01.036567+00:00
Entertainment: Film,multiple,easy,"Max Schreck, a famous German silent film actor, plays a famous monster in which 1922 film?",Nosferatu,Frankenstein  | The Headless Horseman | Häxan,2026-09-10T09:18:01.036581+00:00
Entertainment: Film,multiple,easy,"In the movie ""Spaceballs"", what are the Spaceballs attempting to steal from Planet Druidia?",Air,The Schwartz | Princess Lonestar | Meatballs,2026-09-10T09:18:01.036592+00:00
Entertainment: Film,multiple,easy,Who directed Marvel's Avengers Endgame?,The Russo Brothers,Zack Synder | Josh Whedon | Kevin Feige,2026-09-10T09:18:01.036604+00:00
Entertainment: Film,multiple,hard,"In what year does Jurassic World open in the ""Jurassic Park"" universe?",2005,2007 | 2015 | 2020,2026-09-10T09:18:01.036611+00:00
Entertainment: Film,multiple,medium,"Which stand-up comedian voiced the talking parrot ""Iago"" in Disney's 1992 adaptation of Aladdin?",Gilbert Gottfried,Robin Williams | Pauly Shore | Jonathan Freeman,2026-09-10T09:18:01.036625+00:00
Entertainment: Film,multiple,hard,"In Big Hero 6, what were Baymax's motions modeled after?",Baby penguins,Baby monkeys | Baby ostriches | Baby bears,2026-09-10T09:18:01.036638+00:00
Entertainment: Film,boolean,medium,"Sean Connery wasn't in ""Indiana Jones and the Kingdom of the Crystal Skull"" because he found retirement too enjoyable.",True,False,2026-09-10T09:18:01.036646+00:00
Entertainment: Film,multiple,hard,Who Voices the Devil on Devil's Flight in Final Destination 3?,Tony Todd,Wendy Christensen | Ian McKinley | Kevin Fischer,2026-09-10T09:18:01.036659+00:00
Entertainment: Film,multiple,easy,"What was the title of the first Bond movie, released in 1962?",Dr. No,From Russia with Love | Goldfinger | Thunderball,2026-09-10T09:18:01.036670+00:00
Entertainment: Film,multiple,medium,Which animated film did Steven Lisberger direct in 1980 before going on to direct Tron?,Animalympics,The Fox and the Hound | The Black Cauldron | The Great Mouse Detecive,2026-09-10T09:18:01.036683+00:00
Entertainment: Film,multiple,medium,"Which 90's comedy cult classic features cameos appearances from Meat Loaf, Alice Cooper and Chris Farley?",Wayne's World,Bill & Ted's Excellent Adventure | Dumb and Dumber | Austin Powers: International Man of Mystery,2026-09-10T09:18:01.036702+00:00
Entertainment: Film,multiple,medium,"What is the correct phrase for the Latin saying ""Romanes Eunt Domus"" in Monty Python's Life of Brian?",Romani Ite Domum,Romans Go Home | Roxani Ite Domum | Tomate Ite Domum,2026-09-10T09:18:06.629396+00:00
Entertainment: Film,multiple,hard,"In the ""Jurassic Park"" universe, what was the first dinosaur cloned by InGen in 1986?",Velociraptor,Triceratops | Troodon | Brachiosaurus,2026-09-10T09:18:06.629425+00:00
Entertainment: Film,multiple,easy,What was the first James Bond film?,Dr. No,Goldfinger | From Russia With Love | Thunderball,2026-09-10T09:18:06.629437+00:00
Entertainment: Film,multiple,easy,Who directed the Kill Bill movies?,Quentin Tarantino,Arnold Schwarzenegger | David Lean | Stanley Kubrick,2026-09-10T09:18:06.629450+00:00
Entertainment: Film,boolean,easy,"In the original Star Wars: A New Hope, Han Solo is the first to shoot his blaster in a conversation with Greedo.",True,False,2026-09-10T09:18:06.629460+00:00
Entertainment: Film,multiple,medium,"In the 2010 Nightmare on Elm Street reboot, who played Freddy Kruger?",Jackie Earle Haley,Tyler Mane | Derek Mears | Gunnar Hansen,2026-09-10T09:18:06.629475+00:00
Entertainment: Film,multiple,easy,"What is the name of the island that ""Jurassic Park"" is built on?",Isla Nublar,Isla Sorna | Isla Muerta | Isla Pena,2026-09-10T09:18:06.629489+00:00
Entertainment: Film,boolean,easy,"The 2010 film ""The Social Network"" is a biographical drama film about MySpace founder Tom Anderson.",False,True,2026-09-10T09:18:06.629498+00:00
Entertainment: Film,multiple,easy,"Who starred as Bruce Wayne and Batman in Tim Burton's 1989 movie ""Batman""?",Michael Keaton,George Clooney | Val Kilmer | Adam West,2026-09-10T09:18:06.629513+00:00
Entertainment: Film,multiple,hard,"What is the name of the supercomputer located in the control room in ""Jurassic Park"" (1993)?",Thinking Machines CM-5,Cray X-MP | Cray XK7 | IBM Blue Gene/Q,2026-09-10T09:18:06.629528+00:00
Entertainment: Film,multiple,medium,"Who directed the movie ""Alien""?",Ridley Scott,Christopher Nolan | Michael Bay | James Cameron,2026-09-10T09:18:06.629540+00:00
Entertainment: Film,multiple,medium,"Who performed the opening theme song for the James Bond 007 movie ""Goldfinger""?",Shirley Basey,Tom Jones | John Barry | Sheena Easton,2026-09-10T09:18:06.629553+00:00
Entertainment: Film,multiple,medium,"Which musical artist had a prominent role in the 2017 film ""Kingsman: The Golden Circle""?",Elton John,Lady Gaga | Rihanna | Justin Bieber,2026-09-10T09:18:06.629566+00:00
Entertainment: Film,boolean,easy,"""Foodfight!"" earned less than $80,000 at box office.",True,False,2026-09-10T09:18:06.629573+00:00
Entertainment: Film,multiple,hard,"What three movies, in order from release date, make up the ""Dollars Trilogy""?","""A Fistful of Dollars"", ""For a Few Dollars More"", ""The Good, the Bad, and the Ugly""","""The Good, the Bad, and the Ugly"", ""For A Few Dollars More"", ""A Fistful of Dollars"" | ""For a Few Dollars More"", ""The Good, the Bad, and the Ugly"", ""A Fistful of Dollars"" | ""For a Few Dollars More"", ""A Fistful of Dollars"", ""The Good, the Bad, and the Ugly""",2026-09-10T09:18:06.629606+00:00
Entertainment: Film,multiple,medium,"In the Mad Max franchise, what type of car is the Pursuit Special driven by Max?",Ford Falcon,Holden Monaro | Chrysler Valiant Charger | Pontiac Firebird,2026-09-10T09:18:06.629621+00:00
Entertainment: Film,multiple,easy,"Which of these actors does NOT appear in the 1998 movie ""Saving Private Ryan""?",Ralph Fiennes,Tom Hanks | Vin Diesel | Matt Damon,2026-09-10T09:18:06.629635+00:00
Entertainment: Film,multiple,medium,"Who voiced Metalbeard in ""The Lego Movie""?",Nick Offerman,Liam Neeson | Morgan Freeman | Will Arnet,2026-09-10T09:18:06.629648+00:00
Entertainment: Film,multiple,medium,"Which iconic character is featured in movies such as ""The Enforcer"", ""Sudden Impact"", and ""The Dead Pool""?",Dirty Harry,Indiana Jones | James Bond | Harry Potter,2026-09-10T09:18:06.629664+00:00
Entertainment: Film,multiple,medium,Mark Wahlberg played the titular character of which 2008 video-game adaptation?,Max Payne,Alan Wake | Hitman | God Of War,2026-09-10T09:18:06.629676+00:00
Entertainment: Film,multiple,hard,"What did Alfred Hitchcock use as blood in the film ""Psycho""? ",Chocolate syrup,Ketchup | Red food coloring | Maple syrup,2026-09-10T09:18:06.629688+00:00
Entertainment: Film,multiple,easy,"Who is the protagonist of the 2002 film ""Kung Pow! Enter the Fist""?",Chosen One,Dragon King | Iron Monkey | Master Tang,2026-09-10T09:18:06.629702+00:00
Entertainment: Film,boolean,easy,"In the movie The Revenant, DiCaprio's character hunts down the killer of his son.",True,False,2026-09-10T09:18:06.629709+00:00
Entertainment: Film,multiple,easy,Daniel Radcliffe became a global star in the film industry due to his performance in which film franchise?,Harry Potter,Ted | Spy Kids | Pirates of the Caribbean ,2026-09-10T09:18:06.629722+00:00
Entertainment: Film,multiple,hard,"In 2012, which movie won every category in the 32nd ""Golden Raspberry Awards""?",Jack and Jill,The Girl with the Dragon Tattoo | Thor | The King's Speech,2026-09-10T09:18:06.629736+00:00
Entertainment: Film,multiple,easy,The 2016 Disney animated film 'Moana' is based on which culture?,Polynesian,Native American | Japanese | Nordic,2026-09-10T09:18:06.629744+00:00
Entertainment: Film,boolean,medium,The color of the pills in the Matrix were Blue and Yellow.,False,True,2026-09-10T09:18:06.629750+00:00
Entertainment: Film,multiple,easy,Which actor plays Obi-Wan Kenobi in Star Wars Episodes I-III?,Ewan McGregor,Alec Guinness | Hayden Christensen | Liam Neeson,2026-09-10T09:18:06.629845+00:00
Entertainment: Film,multiple,medium,Which one of these films are shot entirely in one-take?,Russian Ark,Good Will Hunting | Birdman | Schindler's List,2026-09-10T09:18:06.629867+00:00
Entertainment: Film,multiple,hard,"In ""Star Trek Nemesis"", why was Praetor Shinzon created?",To replace Picard as a Romulan Agent,To destroy the Enterprise | To become Picard's friend  | To steal the Enterprise,2026-09-10T09:18:06.629885+00:00
Entertainment: Film,multiple,easy,"The 2002 film ""28 Days Later"" is mainly set in which European country?",United Kingdom,France | Italy | Germany,2026-09-10T09:18:06.629895+00:00
Entertainment: Film,boolean,medium,"Joan Cusack starred in the 2009 disaster movie, ""2012"".",False,True,2026-09-10T09:18:06.629901+00:00
Entertainment: Film,multiple,easy,Which James Bond film had the theme song written and performed by English singer-songwriter Adele?,Skyfall,Casino Royale | Quantum Solace | Spectre,2026-09-10T09:18:06.629911+00:00
Entertainment: Film,multiple,easy,Who plays the character of Po in the Kung Fu Panda movies?,Jack Black,Mirana Jonnes | McConahey Ramses | Jim Petersson,2026-09-10T09:18:06.629925+00:00
Entertainment: Film,multiple,medium,Which Marvel superhero did Chris Evans play prior to his role as Captain America?,Human Torch,Cyclops | Iceman | Daredevil,2026-09-10T09:18:06.629933+00:00
Entertainment: Film,multiple,easy,"Which of these actors/actresses is NOT a part of the cast for the 2016 movie ""Suicide Squad""?",Scarlett Johansson,Jared Leto | Will Smith | Margot Robbie,2026-09-10T09:18:06.629947+00:00
Entertainment: Film,multiple,hard,"In the 1964 film ""Zulu"", what song does the British Army company sing before the final battle?",Men of Harlech,Scotland the Brave | Colonel Bogey March | The British Grenadiers,2026-09-10T09:18:06.629963+00:00
Entertainment: Film,multiple,hard,"In the 1976 film 'Taxi Driver', how many guns did Travis buy from the salesman?",4,2 | 6 | 1,2026-09-10T09:18:06.629971+00:00
Entertainment: Film,boolean,medium,"The movie ""The Rocky Horror Picture Show"" (1975) opens with giant floating lips singing the opening song",True,False,2026-09-10T09:18:06.629979+00:00
Entertainment: Film,multiple,medium,Which of the following movies was not based on a book?,Citizen Kane,The Godfather | Forrest Gump | Jurassic Park,2026-09-10T09:18:06.629992+00:00
Entertainment: Film,multiple,medium,"What is the make and model of the tour vehicles in ""Jurassic Park"" (1993)?",1992 Ford Explorer XLT,1992 Toyota Land Cruiser | 1992 Jeep Wrangler YJ Sahar | Mercedes M-Class,2026-09-10T09:18:06.630008+00:00
Entertainment: Film,multiple,medium,"In the 1971 film ""Willy Wonka & the Chocolate Factory"", who played Willy Wonka?",Gene Wilder,Shia LeBouf | Peter Ostrum | Johnny Depp,2026-09-10T09:18:06.630025+00:00
Entertainment: Film,multiple,medium,"In the 1994 movie ""Speed"", what is the minimum speed the bus must go to prevent to bomb from exploding?",50 mph,60 mph | 40 mph | 70 mph,2026-09-10T09:18:06.630041+00:00
Entertainment: Film,multiple,medium,In what year was the first Transformers movie released?,1986,2007 | 1984 | 2009,2026-09-10T09:18:06.630047+00:00
Entertainment: Film,boolean,easy,"In the original Star Wars trilogy, David Prowse was the actor who physically portrayed Darth Vader.",True,False,2026-09-10T09:18:06.630054+00:00
Entertainment: Film,multiple,medium,"Who provided a majority of the songs and lyrics for ""Spirit: Stallion of the Cimarron""?",Bryan Adams,Smash Mouth | Oasis | Air Supply,2026-09-10T09:18:06.630066+00:00
Entertainment: Film,multiple,medium,What was the name of the protagonist in the movie Commando (1985)?,John Matrix,Ben Richards | Douglas Quaid | Harry Tasker,2026-09-10T09:18:06.630080+00:00
Entertainment: Film,multiple,easy,"Which movie contains the quote, ""Say hello to my little friend!""?",Scarface,Reservoir Dogs | Heat | Goodfellas,2026-09-10T09:18:06.630088+00:00
Entertainment: Film,multiple,easy,"In ""Jurassic World"", what is the name of the dinosaur that is a genetic hybrid?",Indominus Rex,Mosasaurus | Pteranodon | Tyrannosaurus Rex ,2026-09-10T09:18:06.630099+00:00
Entertainment: Film,multiple,medium,"The 1939 movie ""The Wizard of Oz"" contained a horse that changed color, what material did they use to achieve this effect?",Gelatin,Dye | Paint | CGI Effect,2026-09-10T09:18:06.630110+00:00
Entertainment: Music,multiple,easy,What was Rage Against the Machine's debut album?,Rage Against the Machine,Evil Empire | Bombtrack | The Battle Of Los Angeles,2026-09-10T09:18:17.839422+00:00
Entertainment: Music,boolean,hard,The song Scatman's World was released after Scatman (Ski-Ba-Bop-Ba-Dop-Bop).,True,False,2026-09-10T09:18:17.839441+00:00
Entertainment: Music,multiple,hard,Which member of the Wu-Tang Clan had only one verse in their debut album Enter the Wu-Tang (36 Chambers)?,Masta Killa,Method Man | Inspectah Deck | GZA,2026-09-10T09:18:17.839458+00:00
Entertainment: Music,boolean,easy,American rapper Dr. Dre actually has a Ph.D. doctorate.,False,True,2026-09-10T09:18:17.839464+00:00
Entertainment: Music,multiple,hard,What song originally performed by The Bee Gees in 1978 had a cover version by Steps 20 years later?,Tragedy,Night Fever | Stayin' Alive | You Should Be Dancing,2026-09-10T09:18:17.839484+00:00
Entertainment: Music,multiple,medium,"The 2010 song ""Eenie Meenie"" was a collaboration between which two popular artists?",Sean Kingston & Justin Bieber,Eminem & Rihanna | Usher & Pitbull | Lady Gaga & Beyoncé,2026-09-10T09:18:17.839505+00:00
Entertainment: Music,multiple,hard,Which iconic album cover features the pulsar waves of CP 1919 placed in the center of the cover?,Unknown Pleasures,The Dark Side of the Moon | London Calling | The Velvet Underground & Nico,2026-09-10T09:18:17.839523+00:00
Entertainment: Music,multiple,easy,"Sting, the lead vocalist of The Police, primarily plays what instrument?",Bass Guitar,Drums | Guitar | Keyboards,2026-09-10T09:18:17.839532+00:00
Entertainment: Music,multiple,medium,Which of these artists do NOT originate from France?,The Chemical Brothers,Air | Justice | Daft Punk,2026-09-10T09:18:17.839542+00:00
Entertainment: Music,multiple,medium,Which of these Johns was murdered by gunshots outside the Dakota in New York in 1980?,John Lennon,Johnny Thunders | John Denver | John Cascella,2026-09-10T09:18:17.839557+00:00
Entertainment: Music,multiple,hard,Which company did the animation for Peter Gabriel's Video Sledgehammer (1986)?,Aardman Animations,HIT Entertainment | Illumination Entertainment | VIZ Media,2026-09-10T09:18:17.839610+00:00
Entertainment: Music,boolean,medium,"""Neutral Milk Hotel"" is a real band.",True,False,2026-09-10T09:18:17.839619+00:00
Entertainment: Music,multiple,medium,What is the real name of Canadian electronic music producer deadmau5?,Joel Zimmerman,Sonny Moore | Adam Richard Wiles | Thomas Wesley Pentz,2026-09-10T09:18:17.839635+00:00
Entertainment: Music,multiple,hard,What is Pink Floyd's first album?,The Piper at the Gates of Dawn,The Dark Side of the Moon | Wish You Were Here | Meddle,2026-09-10T09:18:17.839648+00:00
Entertainment: Music,boolean,easy,Scatman John's real name was John Paul Larkin.,True,False,2026-09-10T09:18:17.839654+00:00
Entertainment: Music,multiple,medium,"Which of these is not a single by Pink Floyd guitarist, David Gilmour?",Sunset Strip,Rattle That Lock | Blue Light | Arnold Layne,2026-09-10T09:18:17.839669+00:00
Entertainment: Music,multiple,medium,Which of these artists has NOT been a member of dancehall group Major Lazer?,Skrillex,Diplo | Jillionaire | Walshy Fire,2026-09-10T09:18:17.839678+00:00
Entertainment: Music,multiple,medium,Which of these is NOT the name of an album released by American rapper Viper?,The Life of Pablo,Kill Urself My Man | You'll Cowards Don't Even Smoke Crack | Yo Wife Handcuffin' Me,2026-09-10T09:18:17.839695+00:00
Entertainment: Music,multiple,medium,Which of the following music bands is not from Finland?,Sabaton,Apocalyptica | Waltari | Lordi,2026-09-10T09:18:17.839702+00:00
Entertainment: Music,multiple,medium,Which British band did Keith Moon play in until his death in 1978?,The Who,The Kinks | The Yardbirds | The Small Faces,2026-09-10T09:18:17.839716+00:00
Entertainment: Music,multiple,easy,Which Nirvana album had a naked baby on the cover?,Nevermind,Bleach | In Utero | Incesticide,2026-09-10T09:18:17.839724+00:00
Entertainment: Music,multiple,hard,Which of these is Daft Punk's debut single?,The New Wave,Da Funk | Discovery | Around the World,2026-09-10T09:18:17.839736+00:00
Entertainment: Music,boolean,medium,The country song  “A Boy Named Sue” was written by Shel Silverstein.,True,False,2026-09-10T09:18:17.839745+00:00
Entertainment: Music,multiple,easy,Which country does the band Rammstein hail from?,Germany,Austria | Armenia | Belgium,2026-09-10T09:18:17.839751+00:00
Entertainment: Music,multiple,medium,"Which band had hits in 1975 with the songs, 'One Of These Nights' & 'Lyin Eyes'?",The Eagles,Fools Gold | The Doobie Brothers | Fleetwood Mac,2026-09-10T09:18:17.839768+00:00
Entertainment: Music,multiple,medium,Which of these is NOT an album released by The Beatles?,The Wall,Abbey Road | Magical Mystery Tour | Revolver,2026-09-10T09:18:17.839780+00:00
Entertainment: Music,multiple,easy,"The ""British Invasion"" was a cultural phenomenon in music where British boy bands became popular in the USA in what decade?",60's,50's | 40's | 30's,2026-09-10T09:18:17.839795+00:00
Entertainment: Music,multiple,easy,"What band featured Sting, Stewart Copeland and Andy Summers?",The Police,Def Leppard | The Cure | Bon Jovi,2026-09-10T09:18:17.839809+00:00
Entertainment: Music,multiple,medium,"Which chain restaurant increased sales after it was mentioned in the 2016 Beyoncé song: ""Formation""?",Red Lobster,Outback Steakhouse | TGI Fridays | Applebee's,2026-09-10T09:18:17.839824+00:00
Entertainment: Music,multiple,medium,"In The Bangles' 'Manic Monday', what time is it already?",Six o'clock,Five o'clock | Four o'clock | Seven o'clock,2026-09-10T09:18:17.839839+00:00
Entertainment: Music,multiple,medium,"Who performed the guitar solo on Michael Jackson's hit ""Beat It""?",Eddie Van Halen,Steve Vai | Kirk Hammett | Zakk Wylde,2026-09-10T09:18:17.839853+00:00
Entertainment: Music,boolean,medium,Metallica collaborated with Rowan Atkinson's Mr Bean on a 1992 comic relief single.,False,True,2026-09-10T09:18:17.839859+00:00
Entertainment: Music,multiple,hard,"What event inspired The Cranberries song ""Zombie"" ?",The Warrington Bombings,September 11 Attacks | The Manchester Arena Bombing | The July 7th bombings,2026-09-10T09:18:17.839874+00:00
Entertainment: Music,multiple,medium,Who was walking like an Egyptian in 1981?,The Bangles,R.E.M. | The Ocean Blue | The Connells,2026-09-10T09:18:17.839885+00:00
Entertainment: Music,multiple,medium,In which city did American rap producer DJ Khaled originate from?,Miami,New York | Detroit | Atlanta,2026-09-10T09:18:17.839893+00:00
Entertainment: Music,multiple,easy,"Which group performs the song ""Crash into Me""?",Dave Matthews Band,Phish | The Grateful Dead | Destiny's Child,2026-09-10T09:18:17.839905+00:00
Entertainment: Music,multiple,medium,Which musical instrument is nicknamed 'the clown of the orchestra'?,Bassoon,Piccolo | Tuba | Flute,2026-09-10T09:18:17.839916+00:00
Entertainment: Music,multiple,easy,"Which band released songs suchs as ""Rio"", ""Girls on Film"", and ""The Reflex""?",Duran Duran,The Cure | New Order | Depeche Mode,2026-09-10T09:18:17.839931+00:00
Entertainment: Music,multiple,medium,Who sung the opening theme song to the 1995 James Bond film 'Goldeneye'?,Tina Turner,Shirley Bassey | Sheryl Crow | Madonna,2026-09-10T09:18:17.839944+00:00
Entertainment: Music,multiple,medium,What was the birthplace of musical artist 'Sir Robert Bryson Hall II' (aka. Logic)?,"Maryland, United States","Atlanta, United States | London, United Kingdom |  Botswana, Africa",2026-09-10T09:18:17.839960+00:00
Entertainment: Music,multiple,medium,"Which artist curated the official soundtrack for ""The Hunger Games: Mockingjay - Part 1""?",Lorde,Kanye West | Tove Lo | Charli XCX,2026-09-10T09:18:17.839973+00:00
Entertainment: Music,multiple,medium,"In what year was the smash hit song ""Scatman's World"" released?",1995,1996 | 1994 | 1993,2026-09-10T09:18:17.839980+00:00
Entertainment: Music,multiple,medium,"Which band, with Boy George on lead vocals, won the Brit Awards in 1984?",Culture Club	,Eurythmics | UB40 | The Police,2026-09-10T09:18:17.839991+00:00
Entertainment: Music,multiple,medium,"In August 1964, who introduced the Beatles to cannabis?",Bob Dylan,Jim Morrison | Brian Epstein | Jerry Garcia,2026-09-10T09:18:17.840003+00:00
Entertainment: Music,multiple,hard,Which of Michael Jackson's albums sold the most copies?,Thriller,Dangerous | Bad | Off the Wall,2026-09-10T09:18:17.840012+00:00
Entertainment: Music,multiple,easy,How many strings are there on a cello?,4,5 | 6 | 8,2026-09-10T09:18:17.840019+00:00
Entertainment: Music,multiple,easy,Of which 90s boy band was Justin Timberlake a member?,*NSYNC,Backstreet Boys | Westlife | Boyzone,2026-09-10T09:18:17.840029+00:00
Entertainment: Music,multiple,medium,"""The Day the Music Died"" was a tragic plane crash that killed three musicians in which decade?",50's,60's | 70's | 40's,2026-09-10T09:18:17.840044+00:00
Entertainment: Music,multiple,medium,Which of the following bands is Tom DeLonge not a part of?,+44,Box Car Racer | Blink-182 | Angels & Airwaves,2026-09-10T09:18:17.840056+00:00
Entertainment: Music,multiple,medium,Who is the artist of the recent new album the Uncanny Valley?,Perturbator,Carpenter Brut | GOST | Dan Terminus ,2026-09-10T09:18:17.840067+00:00
Entertainment: Music,multiple,medium,Which of these is NOT a song featured on Green Day's 21st Century Breakdown album?,She's A Rebel,Know Your Enemy | ¿Viva la Gloria? (Little Girl) | Before The Lobotomy,2026-09-10T09:18:23.572030+00:00
Entertainment: Music,multiple,medium,"In music theory, how many notes are in a seventh chord?",4,3 | 7 | 2,2026-09-10T09:18:23.572050+00:00
Entertainment: Music,multiple,medium,Which of these is NOT a song by Pegboard Nerds?,WiFi Tears,Swamp Thing | Emoji | BAMF,2026-09-10T09:18:23.572062+00:00
Entertainment: Music,multiple,easy,"What is the name of Death Grips Front Man, MC Ride?",Stefan Burnett,Zach Hill | Andy Morin | Stanley Burrell,2026-09-10T09:18:23.572076+00:00
Entertainment: Music,multiple,medium,Ellie Goulding's earliest album was named?,Lights,Halcyon | Bright Lights | Halcyon Days,2026-09-10T09:18:23.572086+00:00
Entertainment: Music,boolean,easy,Daft Punk originated in France.,True,False,2026-09-10T09:18:23.572091+00:00
Entertainment: Music,multiple,hard,"Who designed the album cover for True Romance, an album by Estelle?",Rebecca Sugar,Matt Burnett | Ian Jones Quartey | Ben Leven,2026-09-10T09:18:23.572105+00:00
Entertainment: Music,multiple,medium,"Where did the British Boy Band ""Bros"" come from?",Camberley,Guildford | Aldershot | Bagshot,2026-09-10T09:18:23.572112+00:00
Entertainment: Music,multiple,medium,"Which of these songs by artist Eminem contain the lyric ""Nice to meet you. Hi, my name is... I forgot my name!""?",Rain Man,Without Me | Kim | Square Dance,2026-09-10T09:18:23.572127+00:00
Entertainment: Music,boolean,medium,"The band, HEALTH, is called HEALTH because they wanted to choose an everyday word for the band name.",True,False,2026-09-10T09:18:23.572134+00:00
Entertainment: Music,multiple,medium,What was David Bowie's real surname?,Jones,Johnson | Edwards | Carter,2026-09-10T09:18:23.572140+00:00
Entertainment: Music,multiple,hard,"Which of these artists did NOT feature in the fitfh studio album ""Humanz"" by British virtual band Gorillaz?",Snoop Dogg,Vince Staples | Pusha T | Danny Brown,2026-09-10T09:18:23.572155+00:00
Entertainment: Music,multiple,medium,What was the name of the Wu-Tang Clan album Martin Shkreli bought for $2 million dollars?,Once Upon a Time in Shaolin,A Better Tomorrow | 8 Diagrams | The Saga Continues,2026-09-10T09:18:23.572172+00:00
Entertainment: Music,multiple,hard,What was the progressive rock band Rush's first single?,Not Fade Away,Tom Sawyer | Working Man | Owner of a Lonely Heart,2026-09-10T09:18:23.572186+00:00
Entertainment: Music,multiple,medium,"In Prokofiev's 'Peter and the Wolf', the wolf itself is represented by a trio of which musical instrument?",French horn,Oboe | Clarinet | Cello,2026-09-10T09:18:23.572196+00:00
Entertainment: Music,multiple,medium,"""Make You Feel My Love"" was originally written and performed by which singer-songwriter?",Bob Dylan,Elvis | Adele | Billy Joel,2026-09-10T09:18:23.572207+00:00
Entertainment: Music,multiple,easy,Which of the following is not a studio album by the band Pink Floyd?,Moving Pictures,The Dark Side of the Moon | Wish You Were Here | Animals,2026-09-10T09:18:23.572241+00:00
Entertainment: Music,multiple,easy,What is the name of Finnish DJ Darude's hit single released in October 1999?,Sandstorm,Dust Devil | Sirocco | Khamsin,2026-09-10T09:18:23.572254+00:00
Entertainment: Music,multiple,easy,Which of these is NOT the name of an album released by English singer-songwriter Adele?,12,19 | 21 | 25,2026-09-10T09:18:23.572262+00:00
Entertainment: Music,multiple,medium,"Which song by Swedish electronic musician Avicii samples the song ""Something's Got A Hold On Me"" by Etta James?",Levels,Fade Into Darkness | Silhouettes | Seek Bromance,2026-09-10T09:18:23.572279+00:00
Entertainment: Music,multiple,medium,Who is the lead singer of Bastille?,Dan Smith,Will Farquarson | Kyle Simmons | Chris Wood,2026-09-10T09:18:23.572292+00:00
Entertainment: Music,multiple,medium,"According to a Beatles song, who kept her face in a jar by the door?",Eleanor Rigby,Loretta Martin | Molly Jones | Lady Madonna,2026-09-10T09:18:23.572306+00:00
Entertainment: Music,boolean,hard,"Pete Townshend's solo album, ""White City: A Novel"", is set in the metropolitan area of Chicago.",False,True,2026-09-10T09:18:23.572314+00:00
Entertainment: Music,multiple,hard,"Which year was the album ""Floral Shoppe"" by Macintosh Plus released?",2011,2014 | 2013 | 2012,2026-09-10T09:18:23.572321+00:00
Entertainment: Music,multiple,medium,"Which popular jazz standard begins with the line ""Someday, when I'm awfully low""?",The Way You Look Tonight,Autumn Leaves | Dream a Little Dream of Me | All the Things You Are,2026-09-10T09:18:23.572337+00:00
Entertainment: Music,multiple,medium,The 'In the Flesh' tour was used in support of what Pink Floyd album?,Animals,The Wall | Wish You Were Here | The Final Cut,2026-09-10T09:18:23.572350+00:00
Entertainment: Music,boolean,medium,Soulja Boy's 'Crank That' won a Grammy for Best Rap Song in 2007.,False,True,2026-09-10T09:18:23.572357+00:00
Entertainment: Music,multiple,easy,"What is the stage name of English female rapper Mathangi Arulpragasam, who is known for the song ""Paper Planes""?",M.I.A.,K.I.A. | C.I.A. | A.I.A.,2026-09-10T09:18:23.572365+00:00
Entertainment: Music,multiple,easy,"According to the American rapper Nelly, what should you do when its hot in here?",Take off all your clothes,Take a cool shower | Drink some water | Go skinny dipping,2026-09-10T09:18:23.572381+00:00
Entertainment: Music,multiple,easy,Which Canadian reggae musician had a 1993 hit with the song 'Informer'?,Snow,Rain | Hail | Sleet,2026-09-10T09:18:23.572388+00:00
Entertainment: Music,boolean,easy,"The song ""Stronger Than You"" is a single by Estelle, who played Garnet in Steven Universe.",True,False,2026-09-10T09:18:23.572395+00:00
Entertainment: Music,multiple,medium,Which artist released his third and final studio album 'Electric Ladyland' before his death in 1970?,Jimi Hendrix,Prince | Eric Clapton | Captain Sensible,2026-09-10T09:18:23.572408+00:00
Entertainment: Music,multiple,medium,"What was the release date of the They Might Be Giants album, 'Mink Car?'","September 11th, 2001","April 17th, 2003 | November 4th, 1999 | December 20th, 2002",2026-09-10T09:18:23.572423+00:00
Entertainment: Music,boolean,hard,The band STRFKR was also briefly known as Pyramiddd.,True,False,2026-09-10T09:18:23.572429+00:00
Entertainment: Music,multiple,medium,Who performed the hit single 'Call Me' for the 1980 film 'American Gigolo'?,Blondie,Madonna | Tina Turner | Janet Jackson,2026-09-10T09:18:23.572439+00:00
Entertainment: Music,boolean,medium,Pete Townshend was the first musician to destroy their intrument live on stage.,False,True,2026-09-10T09:18:23.572446+00:00
Entertainment: Music,multiple,hard,"What is the first Studio Album to be released on the Internet with a ""Pay-What-You-Want"" price?",In Rainbows,The Help Album | Skrillex and Diplo Present Jack Ü | Blackstar,2026-09-10T09:18:23.572460+00:00
Entertainment: Music,multiple,medium,"""Lift Your Spirit"" is an album by which artist?",Aloe Blacc,Lena Meyer-Landrut | Stevie Wonder | Taylor Swift,2026-09-10T09:18:23.572473+00:00
Entertainment: Music,multiple,medium,"Irish musician Hozier released a music track in 2013 titled, ""Take Me to ______""",Church,Mosque | Synagogue | Temple,2026-09-10T09:18:23.572481+00:00
Entertainment: Music,multiple,hard,"Panic! At the Disco's sixth album ""Pray For The Wicked"" was released on which date?","June 22, 2018","May 9, 2018 | March 13, 2018 | February 21, 2018",2026-09-10T09:18:23.572496+00:00
Entertainment: Music,multiple,hard,Where was Nicki Minaj born?,Trinidad and Tobago,Haiti | Saint Lucia | Grenada,2026-09-10T09:18:23.572505+00:00
Entertainment: Music,multiple,hard,Which Death Grips album is the only one to feature a band member?,No Love Deep Web,Bottomless Pit | The Money Store | The Powers That B,2026-09-10T09:18:23.572519+00:00
Entertainment: Music,multiple,medium,What was Bon Iver's debut album released in 2007?,"For Emma, Forever Ago","Bon Iver, Bon Iver | 22, A Million | Blood Bank EP",2026-09-10T09:18:23.572533+00:00
Entertainment: Music,multiple,medium,"What genre of EDM is the Dutch DJ, musician, and remixer Armin van Buuren most well-known for?",Trance,House | Drum and Bass | Dubstep,2026-09-10T09:18:23.572543+00:00
Entertainment: Music,multiple,easy,"""Sleepyhead"" is the debut single from which Electronic band?",Passion Pit,The Chemical Brothers | LadyTron | Kraftwerk,2026-09-10T09:18:23.572553+00:00
Entertainment: Music,multiple,hard,What is the name of the song by Beyoncé and Alejandro Fernández released in 2007?,Amor Gitano,La ultima vez | Rocket | Hasta Dondes Estes,2026-09-10T09:18:23.572567+00:00
Entertainment: Music,multiple,easy,Which of these are NOT a Men at Work song?,Basket Case,Dr. Heckyll and Mr. Jive | Who Can It Be Now? | Be Good Johnny,2026-09-10T09:18:23.572582+00:00
Entertainment: Music,multiple,medium,Which of these songs from American Idiot: The Musical was a previously unreleased Green Day song?,When It's Time,Are We The Waiting | Before The Lobotomy | Favorite Son,2026-09-10T09:18:23.572598+00:00
Entertainment: Music,multiple,easy,Which of the following is an album by punk rock band Anti-Flag?,For Blood And Empire,"Infinity On High | 21st Century Breakdown | No Pads, No Helmets...Just Balls",2026-09-10T09:18:23.572612+00:00
Entertainment: Music,multiple,hard,"Which Elton John hit starts with the line ""When are you gonna come down""?",Goodbye Yellow Brick Road,Rocket Man | Bennie and the Jets | Crocodile Rock,2026-09-10T09:18:23.572627+00:00
Entertainment: Music,multiple,hard,What was the name of the rock band that Nobuo Uematsu formed that played songs from various Final Fantasy games?,The Black Mages,The Final Fantasies | The Espers | The Rock Summoners,2026-09-10T09:18:29.190812+00:00
Entertainment: Music,multiple,easy,What was the best selling album of 2015?,"Adele, 25","Fetty Wap, Fetty Wap | Taylor Swift, 1989 | Justin Bieber, Purpose",2026-09-10T09:18:29.190839+00:00
Entertainment: Music,multiple,easy,"""Some people call me the space cowboy"" is the first line from what song?",The Joker,Fandango | Take The Money and Run | Fly Like an Eagle,2026-09-10T09:18:29.190854+00:00
Entertainment: Music,multiple,easy,Kanye West at 2009 VMA's interrupted which celebrity?,Taylor Swift,MF DOOM | Beyonce | Beck,2026-09-10T09:18:29.190865+00:00
Entertainment: Music,multiple,medium,"Which musical group won the Brit Awards in 1985, with George Michael as a member?",Wham!,Frankie Goes to Hollywood | U2 | Culture Club,2026-09-10T09:18:29.190878+00:00
Entertainment: Music,boolean,medium,"Pink Floyd's 1973 album ""Animals"" features a photograph of Battersea Power Station.",True,False,2026-09-10T09:18:29.190885+00:00
Entertainment: Music,multiple,medium,"Which novelty band was best known for their UK chart hits ""Combine Harvester"" and ""I Am a Cider Drinker"" in 1976?",The Wurzels,Goldie Lookin Chain | Bonzo Dog Doo-Dah Band | The Firm,2026-09-10T09:18:29.190902+00:00
Entertainment: Music,multiple,easy,"Which famous artist featured on Rowdy Rebel's 2015 song ""Computers""?",Bobby Shmurda ,Lil Wayne | Will.I.AM | Kendrick Lamar,2026-09-10T09:18:29.190915+00:00
Entertainment: Music,multiple,easy,What album did Bon Iver release in 2016?,"22, A Million","Bon Iver, Bon Iver | Blood Bank EP | For Emma, Forever Ago",2026-09-10T09:18:29.190929+00:00
Entertainment: Music,multiple,medium,Who had a 1973 hit with the song 'Hocus Pocus'?,Focus,Pilot | Rush | AC/DC,2026-09-10T09:18:29.190937+00:00
Entertainment: Music,multiple,medium,Which one of these Pink Floyd albums were also a movie?,The Wall,The Dark Side of the Moon | Wish You Were Here | Animals,2026-09-10T09:18:29.190949+00:00
Entertainment: Music,multiple,hard,Pete Townshend collaborated with which famous guitarist for an event at Brixton Academy in 1985?,David Gilmour,Jimmy Page | Mark Knopfler | Eric Clapton,2026-09-10T09:18:29.190964+00:00
Entertainment: Music,multiple,hard,"What song includes the words ""Numa Numa"" which was subject to a Viral Video in 2004?",Dragostea Din Tei,Despacito | Gangnam Style | Asereje,2026-09-10T09:18:29.190976+00:00
Entertainment: Music,multiple,easy,"Which former boy-band star released hit solo single ""Angels"" in 1997?",Robbie Williams,Justin Timberlake | Harry Styles | Gary Barlow,2026-09-10T09:18:29.190990+00:00
Entertainment: Music,multiple,easy,"Swedish DJ Tim Bergling, who produced songs such as ""Levels"" and ""Wake Me Up"", is better known under what alias?",Avicii,deadmau5 | Alesso | Skrillex,2026-09-10T09:18:29.190999+00:00
Entertainment: Music,multiple,medium,"Who released the 1991 album ""Out of Time""?",R.E.M.,U2 | Coldplay | The Rolling Stones,2026-09-10T09:18:29.191007+00:00
Entertainment: Music,multiple,medium,What was George Michael's chart-topping 1987 debut studio album?,Faith,Songs from the Last Century | Patience | Older,2026-09-10T09:18:29.191017+00:00
Entertainment: Music,multiple,medium,The Proclaimers - I'm Gonna Be (500 Miles) reached what position on the US Hot 100 Charts in 1993?,3rd,8th | 1st | 5th,2026-09-10T09:18:29.191026+00:00
Entertainment: Music,multiple,medium,Who was the first white band to play the Apollo Theater?,Buddy Holly and The Crickets,Chuck Berry | The Beatles | Elvis,2026-09-10T09:18:29.191038+00:00
Entertainment: Music,multiple,medium,What song on ScHoolboy Q's album Black Face LP featured Kanye West?,THat Part,Neva CHange | Big Body | Blank Face,2026-09-10T09:18:29.191051+00:00
Entertainment: Music,multiple,easy,"Which punk rock band released hit songs such as ""Californication"", ""Can't Stop"" and ""Under the Bridge""?",Red Hot Chilli Peppers,Green Day | Linkin Park | Foo Fighters,2026-09-10T09:18:29.191066+00:00
Entertainment: Music,multiple,medium,What's the most common time signature for rock songs?,4/4,1/2 | 8/12 | 2/4,2026-09-10T09:18:29.191079+00:00
Entertainment: Music,multiple,easy,The tuba is a part of which musical family?,Brass,Percussion | Strings | Woodwind,2026-09-10T09:18:29.191085+00:00
Entertainment: Music,boolean,medium,The Beatles' band name was inspired by the band The Crickets.,True,False,2026-09-10T09:18:29.191091+00:00
Entertainment: Music,multiple,easy,"Whose signature guitar technique is called the ""windmill""?",Pete Townshend,Jimmy Page | Eddie Van Halen | Jimi Hendrix,2026-09-10T09:18:29.191104+00:00
Entertainment: Music,boolean,easy,The K-Pop Boy Band BTS debuted in the year 2013.,True,False,2026-09-10T09:18:29.191109+00:00
Entertainment: Music,multiple,medium,"Who is the Pink Floyd song ""Shine On You Crazy Diamond"" written about?",Syd Barrett,John Lennon | David Gilmour | Floyd,2026-09-10T09:18:29.191121+00:00
Entertainment: Music,multiple,medium,"According to their 1974 hit, what were Brownsville Station doing ""In The Boys' Room""?",Smokin',Hangin' | Lovin' | Peein',2026-09-10T09:18:29.191135+00:00
Entertainment: Music,multiple,easy,"In what year was Avril Lavigne’s first studio album, “Let Go”, released?",2002,2001 | 2004 | 2005,2026-09-10T09:18:29.191146+00:00
Entertainment: Music,boolean,easy,"The 2011 movie ""The Adventures of Tintin"" was directed by Steven Spielberg.",True,False,2026-09-10T09:18:29.191152+00:00
Entertainment: Music,multiple,medium,"What animal is featured on the cover of English electronic music group The Prodigy's album, ""The Fat of the Land""?",Crab,Fox | Elephant | Tiger,2026-09-10T09:18:29.191161+00:00
Entertainment: Music,multiple,medium,"Which Iron Maiden album did the song ""Dream of Mirrors"" feature in?",Brave New World,Dance of Death | A Matter of Life and Death | Somewhere in Time,2026-09-10T09:18:29.191176+00:00
Entertainment: Music,multiple,easy,What genre of music did the band Type O Negative play?,Gothic Metal,Thrash Metal | Hard Rock  | Pop Rock,2026-09-10T09:18:29.191189+00:00
Entertainment: Music,multiple,easy,"""Doctor Jones"", ""Turn Back Time"" and ""Barbie Girl"" were UK number ones for which Eurodance group?",Aqua,Vengaboys | Eiffel 65 | Sash!,2026-09-10T09:18:29.191201+00:00
Entertainment: Music,multiple,medium,"Which member of ""The Beatles"" narrated episodes of ""Thomas the Tank Engine""?",Ringo Starr,George Harrison | John Lennon | Paul McCartney,2026-09-10T09:18:29.191224+00:00
Entertainment: Music,multiple,medium,"The 1952 musical composition 4'33"", composed by prolific American composer John Cage, is mainly comprised of what sound?",Silence,Farts | People talking | Cricket chirps,2026-09-10T09:18:29.191236+00:00
Entertainment: Music,multiple,hard,Who was the original drummer for The Beatles?,Tommy Moore,Ringo Starr | Stuart Sutcliffe | Pete Best,2026-09-10T09:18:29.191266+00:00
Entertainment: Music,multiple,medium,Who is the bassist of the British rock band Queen?,John Deacon,John Major | John Barrowman | John Mayer,2026-09-10T09:18:29.191282+00:00
Entertainment: Music,multiple,easy,A classic 1976 song by Blue Oyster Cult features the advice “Don’t Fear The” what?,Reaper,Dark | Silence | Clowns,2026-09-10T09:18:29.191292+00:00
Entertainment: Music,multiple,medium,"Which music artist made the songs ""Heart"", ""It's a Sin"", and ""West End Girls""?",Pet Shop Boys,The Human League | New Order | Ultravox,2026-09-10T09:18:29.191307+00:00
Entertainment: Music,multiple,easy,"In the words of his 1973 song, Bob Dylan is ""knock, knock, knockin"" on which door?",Heaven's,Opportunity's | Angie's | Eileen's,2026-09-10T09:18:29.191322+00:00
Entertainment: Music,multiple,medium,"What musician made the song ""F**kin` Perfect"" in 2010?",P!nk,Mitis | Adam lambert | Koven,2026-09-10T09:18:29.191332+00:00
Entertainment: Music,multiple,medium,EDM record label Monstercat is based in which country?,Canada,United States | Australia | United Kingdom,2026-09-10T09:18:29.191342+00:00
Entertainment: Music,multiple,easy,"Which classical composer wrote the ""Moonlight Sonata""?",Ludvig Van Beethoven,Chief Keef | Wolfgang Amadeus Mozart | Johannes Brahms,2026-09-10T09:18:29.191355+00:00
Entertainment: Music,multiple,hard,Which of these aliases has NOT been used by electronic musician Aphex Twin?,Burial,Caustic Window | Bradley Strider | GAK,2026-09-10T09:18:29.191365+00:00
Entertainment: Music,multiple,medium,"In 2015, David Hasselhof released a single called...",True Survivor,True Fighter | Real Kung-Fury | Real Warrior,2026-09-10T09:18:29.191377+00:00
Entertainment: Music,multiple,hard,Which of these songs was released in 1996?,"The Smashing Pumpkins - ""1979""","Prince - ""1999"" | James Blunt - ""1973"" | David Bowie - ""1984""",2026-09-10T09:18:29.191392+00:00
Entertainment: Music,multiple,hard,Who recorded the 1975 album 'Captain Fantastic and the Brown Dirt Cowboy'?,Elton John,John Denver | Billy Joel | Joe Cocker,2026-09-10T09:18:29.191406+00:00
Entertainment: Music,multiple,medium,"May 16th of every year is known as __________ Day, named after a punk band prominent in the 1990s.",Lagwagon,Goldfinger | Less Than Jake | Lit,2026-09-10T09:18:29.191416+00:00
Entertainment: Music,multiple,medium,"What date is referenced in the 1971 song ""September"" by Earth, Wind & Fire?",21st of September,26th of September | 23rd of September | 24th of September,2026-09-10T09:18:29.191432+00:00
Entertainment: Music,multiple,medium,"Which of these Queen songs were sampled for the baseline in Vanilla ""Ice's Ice Ice Baby?""",Under Pressure,Don't Stop Me Now | Brighton Rock | Lazing On A Sunday Afternoon,2026-09-10T09:18:34.775773+00:00
Entertainment: Music,multiple,medium,"What is the real name of rapper, The Notorious B.I.G?",Christopher Wallace,Calvin Cordozar Broadus Jr. | O'Shea Jackson | Eric Lynn Wright,2026-09-10T09:18:34.775801+00:00
Entertainment: Music,multiple,medium,"Madonna's song ""Hung Up"" includes a piece from which popular 70s song?",Gimmie! Gimmie! Gimme! (A Man After Midnight),Staying Alive | Night Fever | The Chain,2026-09-10T09:18:34.775820+00:00
Entertainment: Music,multiple,medium,"Which of these is NOT a song on The Beatles' 1968 self titled album, also known as the White album?",Being For The Benefit Of Mr. Kite!,Why Don't We Do It in the Road? | Everybody's Got Something to Hide Except Me and My Monkey | The Continuing Story of Bungalow Bill,2026-09-10T09:18:34.775842+00:00
Entertainment: Music,multiple,medium,"In what film was the Michael Jackson song ""Will You Be There"" featured?",Free Willy,Sleepless in Seattle | Men in Black | Bad Boys,2026-09-10T09:18:34.775857+00:00
Entertainment: Music,boolean,easy,"To become a ""one-hit wonder"" artist needs to release only one song per year.",False,True,2026-09-10T09:18:34.775865+00:00
Entertainment: Music,multiple,medium,"""The Genius"" is the original and secondary name of which Wu-Tang Clan member?",GZA,Ghostface Killah | Ol' Dirty Bastard | Raekwon the Chef,2026-09-10T09:18:34.775879+00:00
Entertainment: Music,multiple,easy,"Which song on Daft Punk's ""Random Access Memories"" features Pharrell Williams?",Get Lucky,Doin' It Right | Instant Crush | The Game of Love,2026-09-10T09:18:34.775900+00:00
Entertainment: Music,multiple,easy,Which brass instrument has the lowest pitch in an orchestra?,Tuba,Trumpet | Saxophone | Trombone,2026-09-10T09:18:34.775911+00:00
Entertainment: Music,multiple,hard,Who was the first Jazz Musician to win the Pulitzer Prize for Music,Wynton Marsalis,Michael Brecker | Herbie Hancock | Joe Henderson,2026-09-10T09:18:34.775926+00:00
Entertainment: Music,multiple,medium,"When did The Beatles release the LP ""Please Please Me""?",1963,1970 | 1960 | 1969,2026-09-10T09:18:34.775947+00:00
Entertainment: Music,multiple,medium,How many members are in the Japanese rock band SCANDAL?,4,5 | 2 | 18,2026-09-10T09:18:34.775958+00:00
Entertainment: Music,boolean,easy,The music group Daft Punk got their name from a negative review they received.,True,False,2026-09-10T09:18:34.775968+00:00
Entertainment: Music,multiple,hard,When did the rapper Eazy-E die?,"March 26, 1995","July 11, 1992 | February 14, 1993 | October 21, 1994",2026-09-10T09:18:34.775984+00:00
Entertainment: Music,boolean,medium,"""Twenty One Pilots"" made the song ""The Motion"" featuring Sampha.",False,True,2026-09-10T09:18:34.775991+00:00
Entertainment: Music,multiple,medium,What was the first music video to be broadcast on MTV?,Video Killed the Radio Star,Take On Me | Walk This Way | Hungry Like the Wolf,2026-09-10T09:18:34.776006+00:00
Entertainment: Music,multiple,easy,Which genre of music is John Coltrane primarily associated with?,Jazz,Rock and Roll | Death Metal | Folk,2026-09-10T09:18:34.776019+00:00
Entertainment: Music,multiple,hard,"What year was Min Yoongi from South Korea boy band ""BTS"" born in?",1993,1992 | 1995 | 1994,2026-09-10T09:18:34.776026+00:00
Entertainment: Music,multiple,medium,"Which famous 90's rap album is commonly referred to as ""The Bible of Hip Hop""?",Illmatic,The Low End Theory | The Chronic | Enter The Wu-Tang (36 Chambers),2026-09-10T09:18:34.776041+00:00
Entertainment: Music,multiple,easy,Which 80s band is fronted by singer/guitarist Robert Smith?,The Cure,The Smiths | Echo & the Bunnymen | New Order,2026-09-10T09:18:34.776056+00:00
Entertainment: Music,multiple,medium,"Who was the guitarist in the band ""The Doors""?",Robby Krieger,Eric Clapton | John Densmore | Jimi Hendrix,2026-09-10T09:18:34.776068+00:00
Entertainment: Music,multiple,easy,"What was the name of singer Frank Ocean's second studio album, which was released on August 20, 2016?",Blonde,Brunette | Black | Burgundy,2026-09-10T09:18:34.776077+00:00
Entertainment: Music,multiple,easy,"Which one of these songs did the group ""Men At Work"" NOT make?",Safety Dance,Down Under | Who Can It Be Now? | It's a Mistake,2026-09-10T09:18:34.776091+00:00
Entertainment: Music,boolean,easy,"In 1993, Prince changed his name to an unpronounceable symbol because he was unhappy with his contract with Warner Bros.",True,False,2026-09-10T09:18:34.776100+00:00
Entertainment: Music,multiple,medium,In what year did US band Weezer release Weezer (The White Album)?,2016,2001 | 2008 | 2019,2026-09-10T09:18:34.776106+00:00
Entertainment: Music,multiple,medium,According to the RIAA: Which artist has sold the most albums by the million?,The Beatles,Elvis Presley | Michael Jackson | Pink Floyd,2026-09-10T09:18:34.776120+00:00
Entertainment: Music,multiple,easy,"Who released the song ""Photograph"" in 2005?",Nickelback,Fall Out Boy | Coldplay | Green Day,2026-09-10T09:18:34.776130+00:00
Entertainment: Music,multiple,medium,"Which member of the British pop group ""The Spice Girls"" was known as Ginger Spice?",Geri Halliwell,Melanie Brown | Emma Bunton | Victoria Beckham,2026-09-10T09:18:34.776143+00:00
Entertainment: Music,multiple,medium,Which of these is the name of an American psychedelic rock band formed in 2002 by Benjamin Goldwasser and Andrew VanWyngarden?,MGMT,MSTRKRFT | STRFKR | SBTRKT,2026-09-10T09:18:34.776152+00:00
Entertainment: Music,multiple,medium,"Who had hits in the 70s with the songs ""Lonely Boy"" and ""Never Let Her Slip Away""?",Andrew Gold,Elton John | Leo Sayer | Barry White ,2026-09-10T09:18:34.776167+00:00
Entertainment: Music,multiple,medium,'Don't You Want Me?' was a number one hit in 1981 for which electropop band?,Human League,Depeche Mode | Pet Shop Boys | Eurythmics,2026-09-10T09:18:34.776180+00:00
Entertainment: Music,boolean,hard,"Myoui Mina, member of Korean girl group TWICE, was born in South Korea, despite being Japanese.",False,True,2026-09-10T09:18:34.776188+00:00
Entertainment: Music,multiple,easy,"Who had a 1969 top 5 hit with the song,  'A Boy Named Sue'?",Johnny Cash,Bob Dylan | Willie Nelson | Kris Kristofferson,2026-09-10T09:18:34.776201+00:00
Entertainment: Music,multiple,hard,"In Kendrick Lamar's 2012 album, ""Good Kid, M.A.A.D City"", the album's story takes place in which city?",Compton,Detroit | New York | Baltimore,2026-09-10T09:18:34.776212+00:00
Entertainment: Music,multiple,easy,"What is the name of Metallica's debut album, released in 1983?",Kill 'Em All,...And Justice for All | Master of Puppets | Countdown to Extinction,2026-09-10T09:18:34.776227+00:00
Entertainment: Music,multiple,hard,"In the metal band Slipknot, there are 9 members, which member labelled themselves number 6? ",Shawn Crahan (Clown),Sid Wilson | Cory Taylor | Mick Thomson,2026-09-10T09:18:34.776241+00:00
Entertainment: Music,multiple,medium,"Which Beatle wrote and sang the song ""Why Don't We Do It in the Road"" after being inspired by seeing two monkeys copulating in the street?",Paul,John | George | Ringo,2026-09-10T09:18:34.776252+00:00
Entertainment: Music,multiple,medium,"Which rock band released the album ""The Bends"" in March 1995?",Radiohead,Nirvana | Coldplay | U2,2026-09-10T09:18:34.776259+00:00
Entertainment: Music,multiple,medium,"Which band released songs such as ""Electric Feel"", ""Kids"", and ""Time to Pretend""?",MGMT,Passion Pit | Phoenix | Franz Ferdinand,2026-09-10T09:18:34.776270+00:00
Entertainment: Music,multiple,medium,'We Built This City' was a number one hit for which American rock band in 1985?,Starship,Kansas | Jefferson Airplane | Aerosmith,2026-09-10T09:18:34.776279+00:00
Entertainment: Music,multiple,medium,What are the first few words in the lyrics of A-Ha's 'Take On Me'?,We're talking away,We're dreaming today | We're finding a way | We're blocking the way,2026-09-10T09:18:34.776295+00:00
Entertainment: Music,multiple,hard,Which band is the longest active band in the world with no breaks or line-up changes?,U2,Radiohead | Rush | Rolling Stones,2026-09-10T09:18:34.776304+00:00
Entertainment: Music,multiple,easy,"What Led Zeppelin album contains ""Stairway to Heaven""?",Led Zeppelin IV,Houses of the Holy | Physical Graffiti | Led Zeppelin III,2026-09-10T09:18:34.776318+00:00
Entertainment: Music,multiple,hard,"Which of these artists did NOT remix the song ""Faded"" by Alan Walker?",Skrillex,Tiësto | Slushii | Dash Berlin,2026-09-10T09:18:34.776338+00:00
Entertainment: Music,multiple,hard,The heavy metal band Black Sabbath hail from which English city?,Birmingham,Manchester | London | Newcastle-Upon-Tyne,2026-09-10T09:18:34.776344+00:00
Entertainment: Music,boolean,easy,Stevie Wonder's real name is Stevland Hardaway Morris.,True,False,2026-09-10T09:18:34.776350+00:00
Entertainment: Music,multiple,easy,Who is the lead singer of Pearl Jam?,Eddie Vedder,Ozzy Osbourne | Stone Gossard | Kurt Cobain,2026-09-10T09:18:34.776362+00:00
Entertainment: Music,multiple,medium,"Which of these languages was NOT included in the 2016 song ""Don't Mind"" by Kent Jones?",Portuguese,Japanese | French | Spanish,2026-09-10T09:18:34.776370+00:00
Entertainment: Music,multiple,medium,"Rick Astley's hit song ""Never Gonna Give You Up"" was released in what year?",1987,1985 | 1986 | 1988,2026-09-10T09:18:34.776377+00:00
Entertainment: Music,multiple,easy,"In 2006, which band released their debut album ""A Fever You Can't Sweat Out""?",Panic! At the Disco,Twenty One Pilots | My Chemical Romance | Fall Out Boy,2026-09-10T09:18:34.776393+00:00
Entertainment: Music,multiple,medium,What is the last song on the first Panic! At the Disco album?,"Build God, Then We'll Talk","Nails for Breakfast, Tacks for Snacks | I Write Sins Not Tragedies | Lying Is The Most Fun A Girl Can Have Without Taking Her Clothes Off",2026-09-10T09:18:40.386579+00:00
Entertainment: Music,multiple,medium,"When did Radiohead release their album ""OK Computer""?",1997,1995 | 2000 | 1993,2026-09-10T09:18:40.386597+00:00
Entertainment: Music,multiple,medium,Which of these bands is the oldest?,Pink Floyd,AC/DC | Metallica | Red Hot Chili Peppers,2026-09-10T09:18:40.386610+00:00
Entertainment: Music,multiple,medium,"Which alternative rock band released the critically-acclaimed album ""OK Computer""?",Radiohead,R.E.M. | Nirvana | Coldplay,2026-09-10T09:18:40.386618+00:00
Entertainment: Music,multiple,easy,Which of the following songs did Elton John perform following Princess Diane's passing?,Candles in the Wind,I Guess That's Why They Call It The Blues | Your Song | Island Girl,2026-09-10T09:18:40.386635+00:00
Entertainment: Music,boolean,medium,"Pink Guy's debut album was ""Pink Season"".",False,True,2026-09-10T09:18:40.386641+00:00
Entertainment: Music,multiple,easy,Which Beatles album does NOT feature any of the band members on it's cover?,The Beatles (White Album),Rubber Soul | Abbey Road | Magical Mystery Tour,2026-09-10T09:18:40.386657+00:00
Entertainment: Music,multiple,medium,Who was the youngest member of The Beatles?,George Harrison,Paul McCartney | John Lennon | Ringo Starr,2026-09-10T09:18:40.386670+00:00
Entertainment: Music,multiple,medium,How many semitones are in an octave?,12,7 | 11 | 14,2026-09-10T09:18:40.386676+00:00
Entertainment: Music,multiple,easy,What collaborative album was released by Kanye West and Jay-Z in 2011?,Watch the Throne,Distant Relatives | What a Time to be Alive | Unfinished Business,2026-09-10T09:18:40.386692+00:00
Entertainment: Music,multiple,medium,Which song previously recorded by Elvis Presley was covered by UB40 with a reggae beat?,Can't Help Falling in Love,Jailhouse Rock | In the Ghetto | Wooden Heart,2026-09-10T09:18:40.386707+00:00
Entertainment: Music,multiple,easy,"Which rap group released the album ""Straight Outta Compton""?",N.W.A,Wu-Tang Clan | Run-D.M.C. | Beastie Boys,2026-09-10T09:18:40.386717+00:00
Entertainment: Music,multiple,easy,How many albums did King Gizzard & the Lizard Wizard release in 2017?,5,3 | 6 | 2,2026-09-10T09:18:40.386726+00:00
Entertainment: Music,multiple,medium,Who was the lead singer and frontman of rock band R.E.M?,Michael Stipe,Chris Martin | Thom Yorke | George Michael,2026-09-10T09:18:40.386739+00:00
Entertainment: Music,multiple,hard,Which British band won the first edition of the Brit Awards in 1977?,The Beatles,Pink Floyd | The Rolling Stones | The Who,2026-09-10T09:18:40.386753+00:00
Entertainment: Music,multiple,medium,Who is the lead singer of The Lumineers?,Wesley Schultz,Jeremiah Fraites | Jay Van Dyke | Neyla Pekarek,2026-09-10T09:18:40.386765+00:00
Entertainment: Music,multiple,easy,Who is the lead singer of the band Coldplay?,Chris Martin,Chris Isaak | Chris Wallace | Chris Connelly,2026-09-10T09:18:40.386778+00:00
Entertainment: Music,multiple,medium,"With his distinctive red hair, which Italian composer, born in 1678, was known as the 'Red Priest'?",Vivaldi,Puccini | Verdi | Monteverdi,2026-09-10T09:18:40.386786+00:00
Entertainment: Music,multiple,medium,"How many studio albums have the heavy metal band, 'Metallica' released in the period between 1983 and 2016?",10,7 | 9 | 12,2026-09-10T09:18:40.386795+00:00
Entertainment: Music,multiple,medium,Korean girl group TWICE is under which Entertainment Label?,JYP,MBK | YG | Stone Music,2026-09-10T09:18:40.386803+00:00
Entertainment: Music,multiple,medium,"Who had a US and UK number 1 hit in 1962 with the instrumental, 'Telstar'?",The Tornados,The Ventures | The Spotnicks | The Tremeloes,2026-09-10T09:18:40.386817+00:00
Entertainment: Music,multiple,medium,"How many copies have Metallica album ""Metallica"" (A.K.A The Black Album) sold worldwide (in Millions of Copies)?",20.5,19.5 | 22.5 | 25.5,2026-09-10T09:18:40.386826+00:00
Entertainment: Music,multiple,medium,"Which band had hits in 1972 with the songs ""Baby I'm A Want You"", ""Everything I Own"" and ""The Guitar Man""",Bread,America | Chicago | Smokie,2026-09-10T09:18:40.386838+00:00
Entertainment: Music,multiple,medium,In what year was Tchaikovsky's 1812 Overture composed?,1880,1812 | 1790 | 1840,2026-09-10T09:18:40.386845+00:00
Entertainment: Music,multiple,medium,What is Brian May's guitar called?,Red Special,Blue Special | Green Special | Yellow Special,2026-09-10T09:18:40.386856+00:00
Entertainment: Music,multiple,easy,What is not a wind instrument?,Viola,Oboe | Trombone | Duduk,2026-09-10T09:18:40.386862+00:00
Entertainment: Music,multiple,medium,Which of these songs was NOT released in the 90s?,"""I Want It All"" by Queen","""Vogue"" by Madonna | ""Can't Stop This Thing We Started"" by Bryan Adams | ""King of Wishful Thinking"" by Go West",2026-09-10T09:18:40.386881+00:00
Entertainment: Music,multiple,medium,"The letters in the name of the band ""TWRP"" stand for what?",Tupperware Remix Party,Totally Wicked Robot Performers | Team Wild and the Radio Pirates | Taiwan Roleplay,2026-09-10T09:18:40.386896+00:00
Entertainment: Music,multiple,medium,'74–'75 is a 1993 single from the album Ring by what American band?,The Connells,R.E.M. | The Ocean Blue | The Bangles,2026-09-10T09:18:40.386910+00:00
Entertainment: Music,multiple,medium,"What was the title of Sakamoto Kyu's song ""Ue o Muite Arukou"" (I Look Up As I Walk) changed to in the United States?",Sukiyaki,Takoyaki | Sushi | Oden,2026-09-10T09:18:40.386920+00:00
Entertainment: Music,multiple,easy,Who is the frontman of the band 30 Seconds to Mars?,Jared Leto,Gerard Way | Matthew Bellamy | Mike Shinoda,2026-09-10T09:18:40.386933+00:00
Entertainment: Music,multiple,medium,"Who recorded the album called ""Down to the Moon"" in 1986?",Andreas Vollenweider,Jean-Michel Jarre | Bing Crosby | Enya,2026-09-10T09:18:40.386945+00:00
Entertainment: Music,multiple,easy,Which member of the Foo Fighters was previously the drummer for Nirvana?,Dave Grohl,Taylor Hawkins | Nate Mendel | Chris Shiflett,2026-09-10T09:18:40.386958+00:00
Entertainment: Music,boolean,medium,"""Rumble"" by Link Wray is the only instrumental song to ever have been banned from US radio.",True,False,2026-09-10T09:18:40.386973+00:00
Entertainment: Music,multiple,hard,What was the last Aphex Twin album released before his decade-long hiatus?,Drukqs,Windowlicker | Syro | Collected Ambient Works 85-92,2026-09-10T09:18:40.386983+00:00
Entertainment: Music,multiple,medium,What was Raekwon the Chefs debut solo album?,Only Built 4 Cuban Linx,Shaolin vs Wu-Tang | The Wild | The Lex Diamond Story,2026-09-10T09:18:40.386996+00:00
Entertainment: Music,multiple,easy,"Who performed ""I Took A Pill In Ibiza""?",Mike Posner,Avicii | Robbie Williams | Harry Styles,2026-09-10T09:18:40.387007+00:00
Entertainment: Music,multiple,easy,Which of the following songs was not originally released by Sir Elton John? ,You'll Be In My Heart,Crocodile Rock | Candle in the Wind | I Don't Wanna Go On With You Like That,2026-09-10T09:18:40.387023+00:00
Entertainment: Music,multiple,easy,What is the frontman's name of the metal band Megadeth?,Dave Mustaine,Rob Halford | Vince Neil | James Hetfield,2026-09-10T09:18:40.387036+00:00
Entertainment: Music,multiple,medium,Which American family band had a 1986 top 10 hit with the song 'Crush On You'?,The Jets,DeBarge | The Jacksons | The Cover Girls,2026-09-10T09:18:40.387050+00:00
Entertainment: Music,multiple,hard,What is the name of the 2016 mixtape released by Venezuelan electronic producer Arca?,Entrañas,&&&&&& | Sheep | Xen,2026-09-10T09:18:40.387063+00:00
Entertainment: Music,multiple,medium,"The song ""Twin Size Mattress"" was written by which band?",The Front Bottoms,Twenty One Pilots | The Wonder Years | The Smith Street Band,2026-09-10T09:18:40.387078+00:00
Entertainment: Music,multiple,hard,"Which member of the English band ""The xx"" released their solo album ""In Colour"" in 2015?",Jamie xx,Romy Madley Croft | Oliver Sim | Baria Qureshi,2026-09-10T09:18:40.387093+00:00
Entertainment: Music,multiple,easy,Which music publication is often abbreviated to NME?,New Musical Express,New Metro Entertainment | Next Musical Enterprise | North Manchester Express,2026-09-10T09:18:40.387106+00:00
Entertainment: Music,multiple,hard,On which Beatles album would you find the song 'Eleanor Rigby'?,Revolver,Help! | Rubber Soul | Abbey Road,2026-09-10T09:18:40.387118+00:00
Entertainment: Music,multiple,medium,"The Who's eponymous line, ""Teenage Wasteland"", appears in which of their songs?",Baba O' Riley,The Seeker | Won't Get Fooled Again | Pinball Wizard,2026-09-10T09:18:40.387133+00:00
Entertainment: Music,multiple,medium,Which European capital city gives its name to a 1981 song by Ultravox?,Vienna,Berlin | Paris | Brussels,2026-09-10T09:18:40.387140+00:00
Entertainment: Music,multiple,medium,"Who is the founder and leader of industrial rock band, 'Nine Inch Nails'?",Trent Reznor,Marilyn Manson | Robin Finck | Josh Homme,2026-09-10T09:18:40.387154+00:00
Entertainment: Music,multiple,easy,"The ""K"" in ""K-Pop"" stands for which word?",Korean,Kenyan | Kazakhstan | Kuwaiti,2026-09-10T09:18:40.387160+00:00
Entertainment: Music,multiple,medium,Which of these is not a member of the virtual band Gorillaz?,Phi Cypher,Murdoc Niccals | Noodle | Russel Hobbs,2026-09-10T09:18:40.387171+00:00
Entertainment: Music,multiple,easy,What is the name of the album released in 2014 by American band Maroon 5?,V,X | III | IV,2026-09-10T09:18:45.990732+00:00
Entertainment: Music,multiple,easy,Which term best describes the connection of two sections of a musical piece through a transitional passage?,Bridge,Coda | Capo | Binary Form,2026-09-10T09:18:45.990757+00:00
Entertainment: Music,multiple,hard,Pamina and Papageno are characters in what Mozart opera?,The Magic Flute,The Marriage of Figaro | The Impresario | The Goose of Cairo,2026-09-10T09:18:45.990773+00:00
Entertainment: Music,multiple,medium,Which one of these Rammstein songs has two official music videos?,Du Riechst So Gut,Du Hast | Benzin | Mein Teil,2026-09-10T09:18:45.990786+00:00
Entertainment: Music,multiple,medium,A piccolo is a smaller version of what instrument?,Flute,Trumpet | Harp | Violin,2026-09-10T09:18:45.990792+00:00
Entertainment: Music,multiple,medium,"Who wrote the musical composition, ""Rhapsody In Blue""?",George Gershwin,Irving Berlin | Duke Ellington | Johnny Mandel,2026-09-10T09:18:45.990806+00:00
Entertainment: Music,boolean,medium,"The 1969 Frank Sinatra Song ""My Way"" was ironically not written by him.",True,False,2026-09-10T09:18:45.990813+00:00
Entertainment: Music,multiple,medium,"Which album by American rapper Kanye West contained songs such as ""Love Lockdown"", ""Paranoid"" and ""Heartless""?",808s & Heartbreak,Late Registration | The Life of Pablo | Graduation,2026-09-10T09:18:45.990830+00:00
Entertainment: Music,multiple,easy,Where does the Mac part of the name Fleetwood Mac come from?,John McVie,Christine McVie | Mac McAnally | David Tennant,2026-09-10T09:18:45.990844+00:00
Entertainment: Music,boolean,medium,The album reputation by Taylor Swift has 15 songs,True,False,2026-09-10T09:18:45.990849+00:00
Entertainment: Music,multiple,medium,Who is the frontman of Muse?,Matt Bellamy,Dominic Howard | Thom Yorke | Jonny Greenwood,2026-09-10T09:18:45.990861+00:00
Entertainment: Music,multiple,easy,Which of these artists has Lil A collaborated with?,Lil Fortnite,Lil Pump | Boonk Gang | 6ix9ine,2026-09-10T09:18:45.990891+00:00
Entertainment: Music,multiple,hard,Which Manchester nightclub was considered central to the 'Madchester' music scene in the late 80's?,The Haçienda,The Warehouse Project | LIV | The Liar's Club,2026-09-10T09:18:45.990919+00:00
Entertainment: Music,multiple,medium,What is the name of the second studio album released by American rapper Post Malone in 2018?,Beerbongs & Bentleys,Takin' Shots | Rockstar | Better Now,2026-09-10T09:18:45.990936+00:00
Entertainment: Music,boolean,medium,"A Facebook campaign placed Rage Against The Machine's ""Killing in the Name Of"" as the UK Christmas Number 1 in 2009.",True,False,2026-09-10T09:18:45.990946+00:00
Entertainment: Music,multiple,medium,"In which year was the Megadeth album ""Peace Sells... but Who's Buying?"" released?",1986,1979 | 1987 | 1983,2026-09-10T09:18:45.990954+00:00
Entertainment: Music,multiple,medium,"Which city is the American singer ""Pitbull"" from?",Miami,Kodiak | St. Louis | Boston,2026-09-10T09:18:45.990962+00:00
Entertainment: Music,multiple,medium,Which Coldplay album won the Grammy for Best Rock Album in the 2009 Grammy Awards?,Viva La Vida Or Death And All His Friends,A Rush Of Blood To The Head | X&Y | Mylo Xyloto,2026-09-10T09:18:45.990984+00:00
Entertainment: Music,multiple,medium,"Which of these artists was NOT a member of the electronic music supergroup Swedish House Mafia, which split up in 2013?",Alesso,Steve Angello | Sebastian Ingrosso | Axwell,2026-09-10T09:18:45.990996+00:00
Entertainment: Music,multiple,medium,"The song ""Feel Good Inc."" by British band Gorillaz features which hip hop group?",De La Soul,Public Enemy | OutKast | Cypress Hill,2026-09-10T09:18:45.991009+00:00
Entertainment: Music,multiple,medium,"The co-creator of Gorillaz, Damon Albarn, is also the lead singer of what band?",Blur,Oasis | Radiohead | Queens of the Stone Age,2026-09-10T09:18:45.991019+00:00
Entertainment: Music,multiple,medium,"Typically, how many keys are on a piano?",88,24 | 12 | 96,2026-09-10T09:18:45.991025+00:00
Entertainment: Music,multiple,medium,What album did Gorillaz release in 2017?,Humanz,Plastic Beach | The Fall | Demon Days,2026-09-10T09:18:45.991035+00:00
Entertainment: Music,multiple,medium,Which country is singer Kyary Pamyu Pamyu from?,Japan,South Korea | China | Vietnam,2026-09-10T09:18:45.991043+00:00
Entertainment: Music,multiple,hard,"What is the English title of the vaporwave track ""リサフランク420 / 現代のコンピュー"" by Macintosh Plus (Vektroid)?",Lisa Frank 420 / Modern Computing,Smoke Weed 420 / Everyday | Make Your Move 420 / My Mind | It's All In Your Head 420 / Understand,2026-09-10T09:18:45.991072+00:00
Entertainment: Music,multiple,medium,What was the name of Pink Floyd's first studio album?,The Piper at the Gates of Dawn,Ummagumma | More | Atom Heart Mother,2026-09-10T09:18:45.991083+00:00
Entertainment: Music,multiple,medium,Grand Theft Autumn/Where Is Your Boy is a song by which band?,Fall Out Boy,Panic! At The Disco | Paramore | Blink-182,2026-09-10T09:18:45.991094+00:00
Entertainment: Music,multiple,medium,"Which French duo had UK hits in 1998 with the songs 'Sexy Boy', 'Kelly Watch The Stars' & 'All I Need'?",Air,Fire | Earth | Water,2026-09-10T09:18:45.991106+00:00
Entertainment: Music,multiple,medium,What song by Tina Turner is the theme for Mad Max Beyond Thunderdome?,We Don't Need Another Hero,Let's Stay Together | What's Love Got To Do With It | I Don't Wanna Lose You,2026-09-10T09:18:45.991124+00:00
Entertainment: Music,multiple,medium,"The 2023 Beatles song ""Now and Then"" originated from an unfinished demo recorded by which Beatle?",John Lennon,Paul McCartney | George Harrison | Ringo Starr,2026-09-10T09:18:45.991138+00:00
Entertainment: Music,multiple,hard,"Björk's ""Unison"" contains a sample of which Oval song?",Aero Deck,Textuell | Panorama | Do While,2026-09-10T09:18:45.991149+00:00
Entertainment: Music,multiple,hard,A Caixa Malacacheta is what kind of musical instrument which is commonly used in Latin American music?,Snare Drum,Cow Bell | Bass Drum | Maraca,2026-09-10T09:18:45.991161+00:00
Entertainment: Music,multiple,hard,Who was the previous drummer of blink-182 before Travis Barker?,Scott Raynor,Atom Willard | Ilan Rubin | Derek Grant,2026-09-10T09:18:45.991173+00:00
Entertainment: Music,multiple,medium,Which of these albums is a Wu-Tang Clan album?,Iron Flag,Perfect Hair | The Low End Theory | Licensed to Ill,2026-09-10T09:18:45.991186+00:00
Entertainment: Music,multiple,hard,What was the name of the hip hop group Kanye West was a member of in the late 90s?,The Go-Getters,The Jumpers | The Kickstarters | The Beat-Busters,2026-09-10T09:18:45.991201+00:00
Entertainment: Music,multiple,medium,Iconic cartoon character Mickey Mouse made his onscreen debut in what year?,1928,1929 | 1922 | 1932,2026-09-10T09:18:45.991207+00:00
Entertainment: Music,multiple,medium,In what year was Taylor Swift born?,1989,1988 | 1987 | 1990,2026-09-10T09:18:45.991213+00:00
Entertainment: Music,multiple,easy,"""Grande Valse"" is a phrase from the song ""Gran Vals"". What is that song segment known as?",Nokia Tune,Hello Moto [Motorola Ringtone] | Droid Ringtone | Microsoft Ringtone,2026-09-10T09:18:45.991229+00:00
Entertainment: Music,multiple,medium,Who is the lead singer of Silverchair?,Daniel Johns,Ben Gillies | Chris Joannou | George Costanza,2026-09-10T09:18:45.991240+00:00
Entertainment: Music,multiple,medium,What was Taylor Swift's 5th album called?,1989,Fearless | Red | Speak Now,2026-09-10T09:18:45.991248+00:00
Entertainment: Music,multiple,medium,Who is the primary lyricist for Canadian progressive rock band Rush?,Neil Peart,Geddy Lee | Alex Lifeson | John Rutsey,2026-09-10T09:18:45.991260+00:00
Entertainment: Music,multiple,easy,Brian May was the guitarist for which band?,Queen,Pink Floyd | Rolling Stones | The Doors,2026-09-10T09:18:45.991271+00:00
Entertainment: Music,multiple,easy,Ozzy Osbourne was the lead singer for what metal band?,Black Sabbath,AC/DC | Iron Maiden | Judas Priest,2026-09-10T09:18:45.991284+00:00
Entertainment: Music,multiple,medium,"Which singer was featured in Swedish producer Avicii's song ""Wake Me Up""?",Aloe Blacc,John Legend | CeeLo Green | Pharrell Williams,2026-09-10T09:18:45.991297+00:00
Entertainment: Music,multiple,easy,Who was the most streamed artist on Spotify in 2019?,Post Malone,Billie Eilish | Ariana Grande | Drake,2026-09-10T09:18:45.991308+00:00
Entertainment: Music,multiple,easy,"Whose albums included ""Back in Black"" and ""Ballbreaker""?",AC/DC,Iron Maiden | Black Sabbath | Metallica,2026-09-10T09:18:45.991328+00:00
Entertainment: Music,multiple,medium,Which of these is not a song on the album Graduation by Kanye West?,Waves,I Wonder | Big Brother | The Glory,2026-09-10T09:18:45.991340+00:00
Entertainment: Music,multiple,hard,"The song ""Old Town Road"" by American rapper Lil Nas X samples the song ""34 Ghosts IV"" by which band?",Nine Inch Nails,Death Grips | Iron Maiden | Animal Collective,2026-09-10T09:18:45.991355+00:00
Entertainment: Music,multiple,medium,What is the name of the 2016 studio album by the French electronic music duo Justice?,Woman,Randy | Safe and Sound | Pleasure,2026-09-10T09:18:45.991365+00:00
Entertainment: Music,multiple,medium,Which of the following rappers were NOT part of the hip-hop group Odd Future?,Vince Staples,"Tyler, the Creator | Frank Ocean | Mike G",2026-09-10T09:18:45.991379+00:00
Entertainment: Music,multiple,medium,"In the song “The Ultimate Showdown of Ultimate Destiny,” who is the only one to survive the battle?",Mr. Rogers,Batman | Chuck Norris | Godzilla,2026-09-10T09:18:51.551315+00:00
Entertainment: Music,multiple,easy,"Who is the musical artist who released the hit song, ""Love Song,"" in 2007?",Sara Bareilles,Taylor Swift | Katy Perry | Sarah Silverman,2026-09-10T09:18:51.551341+00:00
Entertainment: Music,multiple,medium,For which civil rights activist did Stevie Wonder write the song 'Happy Birthday' in 1980?,Martin Luther King Jr,Rosa Parks | Nelson Mandella | Booker T. Washington,2026-09-10T09:18:51.551357+00:00
Entertainment: Music,multiple,hard,Who won the 1989 Drum Corps International championships?,Santa Clara Vanguard,Blue Devils | The Academy | The Bluecoats,2026-09-10T09:18:51.551372+00:00
Entertainment: Music,multiple,medium,Who had a 1976 hit with the song 'You Make Me Feel Like Dancing'?,Leo Sayer,Elton John | Billy Joel | Andy Gibb,2026-09-10T09:18:51.551386+00:00
Entertainment: Music,multiple,medium,When did Tame Impala release their second album?,2012,2015 | 2010 | 1967,2026-09-10T09:18:51.551392+00:00
Entertainment: Music,multiple,medium,Which British female singer and songwriter was sampled Eminem's hit single 'Stan'?,Dido,Adele | Lily Allen | Leona Lewis,2026-09-10T09:18:51.551403+00:00
Entertainment: Music,multiple,easy,"What is the real name of American rapper Eminem, also known as Slim Shady?",Marshall Mathers,Calvin Broadus | Shawn Carter | Nasir Jones,2026-09-10T09:18:51.551417+00:00
Entertainment: Music,multiple,hard,"Dallon Weekes, former touring basist of Panic! At the Disco, created his own band in 2016 called...",I Don't Know How But They Found Me,Cheats At Hide And Seek | Where Did You All Come From? | Run Away From The People,2026-09-10T09:18:51.551436+00:00
Entertainment: Music,multiple,hard,Chino Moreno is the lead singer of which alternative metal band?,Deftones,Tool | Korn | Type O Negative,2026-09-10T09:18:51.551444+00:00
Entertainment: Music,boolean,medium,"Rapper Snoop Dogg's real name is 'Cordozar Calvin Broadus, Jr.'.",True,False,2026-09-10T09:18:51.551451+00:00
Entertainment: Music,boolean,easy,A Saxophone is a brass instrument.,False,True,2026-09-10T09:18:51.551455+00:00
Entertainment: Music,multiple,medium,"What is the name of the main character from the music video of ""Shelter"" by Porter Robinson and A-1 Studios?",Rin,Rem | Ren | Ram,2026-09-10T09:18:51.551464+00:00
Entertainment: Music,multiple,easy,"Who was ""Kung Fu Fighting"" in 1974?",Carl Douglas,The Bee Gees | Heatwave | Kool & the Gang,2026-09-10T09:18:51.551478+00:00
Entertainment: Music,multiple,medium,Which of these is not an Ed Sheeran album?,-,+ | X | ÷,2026-09-10T09:18:51.551491+00:00
Entertainment: Music,multiple,easy,"Which famous rapper is featured in Jack Ü (Skrillex and Diplo)'s 2015 single called ""Febreze""?",2 Chainz,Kendrick Lamar | Future | Fatman Scoop,2026-09-10T09:18:51.551505+00:00
Entertainment: Music,multiple,hard,Electronic artists Boys Noize and Skrillex have collaborated and released tracks under what name?,Dog Blood,Jack Ü | What So Not | Noisia,2026-09-10T09:18:51.551527+00:00
Entertainment: Music,multiple,easy,What is the best selling album of all time from 1976 to 2018?,Thriller,Back in Black | Abbey Road | The Dark Side of the Moon,2026-09-10T09:18:51.551548+00:00
Entertainment: Music,multiple,easy,"Which band recorded the album ""Parallel Lines""?",Blondie,Paramore | Coldplay | The Police,2026-09-10T09:18:51.551572+00:00
Entertainment: Music,multiple,hard,"Who is a pioneer of ""Minimal Music"" in 1960s?",Steve Reich,Wolfgang Amadeus Mozart | Brian Eno | Sigur Rós,2026-09-10T09:18:51.551659+00:00
Entertainment: Music,multiple,medium,"Cryoshell, known for ""Creeping in My Soul"" did the advertising music for what Lego Theme?",Bionicle,Hero Factory | Ben 10 Alien Force | Star Wars,2026-09-10T09:18:51.551675+00:00
Entertainment: Music,multiple,medium,"The song ""Caramelldansen"" is commonly mistaken as a Japanese song, what language is the song actually sung in?",Swedish,Hungarian | Finnish | Chinese,2026-09-10T09:18:51.551684+00:00
Entertainment: Music,multiple,medium,Who is the lead singer of the Smashing Pumpkins?,Billy Corgan,Brett Scallions | Eddie Vedder | Chino Moreno,2026-09-10T09:18:51.551696+00:00
Entertainment: Music,multiple,hard,What year was Huun Huur Tu's album Altai Sayan Tandy-Uula released? ,2004,1993 | 2006 | 2010,2026-09-10T09:18:51.551703+00:00
Entertainment: Music,multiple,easy,Who wrote the Sinead O`Connor hit 'Nothing Compares 2 U'?,Prince,Michael Jackson | Cameo | Rick James,2026-09-10T09:18:51.551714+00:00
Entertainment: Music,multiple,medium,"Which artist or group did John Lennon consider ""son(s) of the Beatles""?",Jeff Lynne's Electric Light Orchestra,The Rolling Stones | Pink Floyd | The Who,2026-09-10T09:18:51.551729+00:00
Entertainment: Music,multiple,medium,"In which year did ""Caravan Palace"" release their first album?",2008,2000 | 2015 | 2004,2026-09-10T09:18:51.551736+00:00
Entertainment: Music,boolean,easy,"""Friday,"" the single by Rebecca Black, was released in February 10th, 2011.",True,False,2026-09-10T09:18:51.551743+00:00
Entertainment: Music,boolean,easy,Eurobeat is primarily an Italian genre of music.,True,False,2026-09-10T09:18:51.551748+00:00
Entertainment: Music,multiple,medium,Which of these songs did Jimi Hendrix cover?,All of these songs,Sgt. Pepper's Lonely Hearts Club Band | All Along the Watchtower | House of the Rising Sun,2026-09-10T09:18:51.551763+00:00
Entertainment: Music,boolean,medium,"The cover of The Beatles album ""Abbey Road"" featured a Volkswagen Beetle in the background.",True,False,2026-09-10T09:18:51.551770+00:00
Entertainment: Music,multiple,easy,Who is the lead singer of Foo Fighters?,Dave Grohl,Dave Mustaine | James Hetfield | Little Red Riding Hood,2026-09-10T09:18:51.551783+00:00
Entertainment: Music,multiple,medium,Which one of these rappers is NOT a member of the rap group Wu-Tang Clan?,Dr.Dre,Ol' Dirty Bastard | GZA | Method Man,2026-09-10T09:18:51.551794+00:00
Entertainment: Music,multiple,hard,Which of the following is NOT a real song from the band Thousand Foot Krutch?,Limitless Fury,Let The Sparks Fly | Down | Give Up The Ghost,2026-09-10T09:18:51.551807+00:00
Entertainment: Music,multiple,medium,Saul Hudson (Slash) of the band Guns N' Roses is known for playing what type of guitar?,Les Paul Standard,Fender Stratocaster | LsL Mongrel | Gretsch Falcon,2026-09-10T09:18:51.551822+00:00
Entertainment: Music,multiple,easy,When was Gangnam Style uploaded to YouTube?,2012,2013 | 2014 | 2011,2026-09-10T09:18:51.551828+00:00
Entertainment: Music,multiple,medium,"Which of the following stars was not mentioned in the lyrics of Madonna's ""Vogue""?",Mae West,Marlene Dietrich | Lana Turner | Grace Kelly,2026-09-10T09:18:51.551842+00:00
Entertainment: Music,multiple,medium,"""Drink the Sea"" is an album by which electronic music artist?",The Glitch Mob,Avicii | XXYYXX | Flux Pavilion,2026-09-10T09:18:51.551852+00:00
Entertainment: Music,multiple,medium,What was The Velvet Underground's first album called?,The Velvet Underground & Nico,Loaded | The Velvet Underground | White Light / White Heat,2026-09-10T09:18:51.551866+00:00
Entertainment: Music,multiple,hard,"What year did Dire Straits's Song ""Money for Nothing"" release?",1985,1973 | 1980 | 1991,2026-09-10T09:18:51.551873+00:00
Entertainment: Music,multiple,medium,Which of the following is NOT a song in BROCKHAMPTON's SATURATION album series?,LAMB,HOTTIE | SWAMP | BUMP,2026-09-10T09:18:51.551880+00:00
Entertainment: Music,multiple,medium,What was the title of ABBA`s first UK hit single?,Waterloo,Mamma Mia | Fernando | Dancing Queen,2026-09-10T09:18:51.551890+00:00
Entertainment: Music,multiple,medium,Which one of these artists appears in the album Deltron 3030?,Dan the Automater,Lamarr Kendrick | Danger Mouse | CeeLo Green,2026-09-10T09:18:51.551903+00:00
Entertainment: Music,multiple,easy,Who is the lead singer of Green Day?,Billie Joe Armstrong,Mike Dirnt | Sean Hughes | Tré Cool,2026-09-10T09:18:51.551915+00:00
Entertainment: Music,multiple,medium,What country did Shirley Bassey originate from?,Wales,America | England | Canada,2026-09-10T09:18:51.551921+00:00
Entertainment: Music,multiple,hard,Which of these songs is NOT included in the Suicide Squad OST?,Skies on Fire - AC/DC,Heathens - Twenty One Pilots | Without Me - Eminem | Fortunate Son - Creedence Clearwater Revival,2026-09-10T09:18:51.551937+00:00
Entertainment: Music,multiple,medium,"Moby, an American DJ, singer, and musician, achieved worldwide success for the 1999 release of which of the following albums?",Play,Everything Is Wrong | Moby | 18,2026-09-10T09:18:51.551948+00:00
Entertainment: Music,multiple,hard,"Which M83 album is the song ""Midnight City"" featured in?","Hurry Up, We're Dreaming",Saturdays = Youth | Before the Dawn Heals Us | Junk,2026-09-10T09:18:51.551961+00:00
Entertainment: Music,boolean,easy,"The alternative rock band, They Might Be Giants, released their album 'Flood' in 1990. ",True,False,2026-09-10T09:18:51.551972+00:00
Entertainment: Music,multiple,easy,"Who was featured in the song ""Words"" by Feint? ",Laura Brehm,Anna Yvette  | Danyka Nadeau | Veela,2026-09-10T09:18:51.551984+00:00
Entertainment: Music,multiple,hard,The key of sharps does the key of G# minor contain?,5,3 | 7 | 0,2026-09-10T09:18:57.137152+00:00
Entertainment: Music,multiple,medium,"What year was Red Hot Chill Pepper's album ""Californication"" released?",1999,1997 | 2000 | 1992,2026-09-10T09:18:57.137171+00:00
Entertainment: Music,multiple,easy,"Which English guitarist has the nickname ""Slowhand""?",Eric Clapton,Mark Knopfler | Jeff Beck | Jimmy Page,2026-09-10T09:18:57.137186+00:00
Entertainment: Music,multiple,hard,"Which song in rapper Kanye West's album ""The Life of Pablo"" features Rihanna?",Famous,Wolves | Ultralight Beam | Highlights,2026-09-10T09:18:57.137197+00:00
Entertainment: Music,multiple,hard,"What is the stage name of New Zealand singer Phillipa ""Pip"" Brown?",Ladyhawke,Lorde | Kesha | Anika Moa,2026-09-10T09:18:57.137206+00:00
Entertainment: Music,multiple,easy,Which singer was featured in Jack Ü (Skrillex & Diplo)'s 2015 song 'Where Are Ü Now'?,Justin Bieber,Selena Gomez | Ellie Goulding | The Weeknd,2026-09-10T09:18:57.137225+00:00
Entertainment: Music,multiple,hard,What album is the song 'New Slang' by The Shins found on?,"Oh, Inverted World",Wincing The Night Away | Chutes Too Narrow | Port Of Morrow,2026-09-10T09:18:57.137241+00:00
Entertainment: Music,multiple,medium,"Which of these bands was a featuring artist in Compton rapper Kendrick Lamar's 2017 album, ""DAMN.""?",U2,Radiohead | Coldplay | Bon Jovi,2026-09-10T09:18:57.137251+00:00
Entertainment: Music,multiple,medium,EDM producer Marshmello performs live wearing clothes and a marshmallow mask of what colour?,White,Black | Blue | Yellow,2026-09-10T09:18:57.137258+00:00
Entertainment: Music,multiple,easy,"From which country did the song ""Gangnam Style"" originate from?",South Korea,Japan | North Korea | China,2026-09-10T09:18:57.137269+00:00
Entertainment: Music,multiple,medium,"Johnny Cash did a cover of this song written by lead singer of Nine Inch Nails, Trent Reznor.",Hurt,Closer | A Warm Place | Big Man with a Gun,2026-09-10T09:18:57.137281+00:00
Entertainment: Music,multiple,medium,"Which band released the album ""Sonic Highways"" in 2014?",Foo Fighters,Coldplay | Nickelback | The Flaming Lips,2026-09-10T09:18:57.137292+00:00
Entertainment: Music,multiple,hard,"Long John Baldry, the voice of Dr. Robotnik in Adventures Of Sonic The Hedgehog, was in a band with which music artist in the 1960s?",Elton John,Freddie Mercury | Paul McCartney | Johnny Cash,2026-09-10T09:18:57.137309+00:00
Entertainment: Music,multiple,easy,"""The Singing Cowboy"" Gene Autry is credited with the first recording for all but which classic Christmas jingle?",White Christmas,Frosty the Snowman | Rudolph the Red-Nosed Reindeer | Here Comes Santa Claus,2026-09-10T09:18:57.137326+00:00
Entertainment: Music,multiple,easy,Who is the lead singer of the British pop rock band Coldplay?,Chris Martin,Jonny Buckland | Guy Berryman | Will Champion,2026-09-10T09:18:57.137339+00:00
Entertainment: Music,multiple,easy,What album did The Lumineers release in 2016?,Cleopatra,Winter | The Lumineers | Tracks From The Attic,2026-09-10T09:18:57.137349+00:00
Entertainment: Music,multiple,easy,"Finish these lyrics from the 2016 song ""Panda"" by Desiigner: ""I got broads in _______"".",Atlanta,Savannah | Augusta | Marietta,2026-09-10T09:18:57.137358+00:00
Entertainment: Music,multiple,hard,Which of these songs is not by Tatsuro Yamashita?,Lucky Lady Feel So Good ,Merry-Go Round | Let's Dance Baby | Love Talkin',2026-09-10T09:18:57.137373+00:00
Entertainment: Music,multiple,easy,"The Rush song ""YYZ"" derives its name from the IATA aiport identification code for which city?",Toronto,Vancouver | Ottawa | Calgary,2026-09-10T09:18:57.137381+00:00
Entertainment: Music,multiple,medium,Which of the Beatles band members is barefoot on the front cover of the 'Abbey Road' album?,Paul McCartney,Ringo Starr | George Harrison | John Lennon,2026-09-10T09:18:57.137396+00:00
Entertainment: Music,multiple,medium,"Which of these songs is NOT in The Beatles' album ""Sgt. Pepper's Lonely Hearts Club Band""?",Strawberry Fields Forever,Getting Better | Fixing a Hole | Lucy in the Sky with Diamonds,2026-09-10T09:18:57.137434+00:00
Entertainment: Music,multiple,medium,Pearl Jam was originally named after which sports figure?,Mookie Blaylock,Oil Can Boyd | Danger Fourpence | Blue Moon Odom,2026-09-10T09:18:57.137453+00:00
Entertainment: Music,multiple,medium,Which of these bands are NOT from Australia?,The Naked and Famous,Cut Copy | Empire of the Sun | Tame Impala,2026-09-10T09:18:57.137468+00:00
Entertainment: Music,multiple,medium,"When was the Prince album ""Purple Rain"" released?",1984,1979 | 1983 | 1981,2026-09-10T09:18:57.137475+00:00
Entertainment: Music,multiple,easy,"Which Daft Punk album is the song ""Harder, Better, Faster, Stronger"" from?",Discovery,Homework | Random Access Memories | Human After All,2026-09-10T09:18:57.137487+00:00
Entertainment: Music,multiple,medium,"Prior to going solo in 1982, Lionel Richie was a member of which Motown group?",The Commodores,The Temptations | The Miracles | The Supremes,2026-09-10T09:18:57.137501+00:00
Entertainment: Music,multiple,hard,"This album, now considered to be one of the greatest of all time, was a commercial failure when it was released.",The Velvet Underground and Nico,Abbey Road | Led Zeppelin IV | Pet Sounds,2026-09-10T09:18:57.137518+00:00
Entertainment: Music,multiple,easy,How many studio albums have the duo Daft Punk released?,4,1 | 5 | 2,2026-09-10T09:18:57.137525+00:00
Entertainment: Music,multiple,hard,"Who sings the rap song ""Secret Wars Part 1""?",The Last Emperor,MC Frontalot | Busdriver | Masta Killa,2026-09-10T09:18:57.137537+00:00
Entertainment: Music,multiple,easy,Ringo Starr of The Beatles mainly played what instrument?,Drums,Bass | Guitar | Piano,2026-09-10T09:18:57.137548+00:00
Entertainment: Music,multiple,easy,"According to a song by Belinda Carlisle, Heaven is a place on what?",Earth,Venus | Mars | Uranus,2026-09-10T09:18:57.137562+00:00
Entertainment: Music,multiple,easy,"Which year was the album ""Year of the Snitch"" by Death Grips released?",2018,2013 | 2017 | 2011,2026-09-10T09:18:57.137571+00:00
Entertainment: Music,multiple,medium,Which of these black metal acts was a solo project?,Burzum,Darkthrone | Mayhem | Dissection,2026-09-10T09:18:57.137578+00:00
Entertainment: Music,multiple,hard,"Who was not in the band ""The Smiths""?",Martin Chambers,Morrissey | Andy Rourke | Mike Joyce,2026-09-10T09:18:57.137590+00:00
Entertainment: Music,multiple,hard,"Which of the music artists did NOT perform in the Live Aid concert in Wembley Stadium, London in 1985?",The Rolling Stones,Queen | Elton John | David Bowie,2026-09-10T09:18:57.137603+00:00
Entertainment: Music,boolean,easy,"John Williams composed the music for ""Star Wars"".",True,False,2026-09-10T09:18:57.137609+00:00
Entertainment: Music,multiple,easy,"Which artist released the 2012 single ""Harlem Shake"", which was used in numerous YouTube videos in 2013?",Baauer,RL Grime | NGHTMRE | Flosstradamus,2026-09-10T09:18:57.137619+00:00
Entertainment: Music,multiple,medium,Which one of these people has been in the band ''Metallica'' in the past?,Dave Mustaine,Kurt Cobain | Joey Belladonna | Dave Lombardo,2026-09-10T09:18:57.137635+00:00
Entertainment: Music,multiple,medium,What was Britney Spears' debut single?,...Baby One More Time,Oops!... I Did It Again | (You Drive Me) Crazy | Toxic,2026-09-10T09:18:57.137650+00:00
Entertainment: Music,multiple,medium,What is the relationship between the band members of American rock band King of Leon?,Brothers & cousins,Childhood friends | Former classmates | Fraternity house members,2026-09-10T09:18:57.137665+00:00
Entertainment: Music,multiple,easy,'The Safety Dance' was the biggest hit single for which Canadian act?,Men Without Hats,Crash Test Dummies | The Tragically Hip | Broken Social Scene,2026-09-10T09:18:57.137679+00:00
Entertainment: Music,boolean,medium,"The band ""Panic! At the Disco"" has released 4 albums total",False,True,2026-09-10T09:18:57.137687+00:00
Entertainment: Music,boolean,medium,"Scottish producer Calvin Harris is from the town of Dumfries, Scotland.",True,False,2026-09-10T09:18:57.137693+00:00
Entertainment: Music,multiple,medium,"On the cover of 'Abbey Road,' which of the Beatles is not wearing shoes?",Paul McCartney,Ringo Starr | John Lennon | George Harrison,2026-09-10T09:18:57.137707+00:00
Entertainment: Music,multiple,easy,Which of these is the name of a song by Tears for Fears?,Shout,Scream | Yell | Shriek,2026-09-10T09:18:57.137714+00:00
Entertainment: Music,multiple,medium,Which of these women is not a member of the Korean girl group TWICE?,Kang Seulgi,Myoui Mina | Kim Dahyun | Hirai Momo,2026-09-10T09:18:57.137727+00:00
Entertainment: Music,multiple,easy,Who is the lead singer of Arctic Monkeys?,Alex Turner,Jamie Cook | Matt Helders | Nick O'Malley,2026-09-10T09:18:57.137739+00:00
Entertainment: Music,multiple,medium,African-American performer Sammy Davis Jr. was known for losing which part of his body in a car accident?,Left Eye,Right Ear | Right Middle Finger | Nose,2026-09-10T09:18:57.137752+00:00
Entertainment: Music,multiple,medium,What is the real name of prominent electronic musician Aphex Twin?,Richard D. James,Richard M. Hall | Richard W. Wright | Richard H. Blackmore,2026-09-10T09:18:57.137766+00:00
Entertainment: Music,boolean,medium,Arcade Fire's 'The Suburbs' won the Album of the Year award in the 2011 Grammys.,True,False,2026-09-10T09:18:57.137773+00:00
Entertainment: Music,multiple,medium,What is Fergie's debut album called?,The Dutchess,Fergalicious  | The Sweet Escape | Loose,2026-09-10T09:19:02.720862+00:00
Entertainment: Music,boolean,easy,"The music video to The Buggle's ""Video Killed the Radio Star"" was the first music video to broadcast on MTV.",True,False,2026-09-10T09:19:02.720883+00:00
Entertainment: Music,multiple,medium,"Which song made by MAN WITH A MISSION was used as the opening for the anime ""Log Horizon""?","""Database""","""Dead End in Tokyo"" | ""Raise Your Flag"" | ""Out of Control""",2026-09-10T09:19:02.720902+00:00
Entertainment: Music,boolean,medium,"Norwegian producer Kygo released a remix of the song ""Sexual Healing"" by Marvin Gaye.",True,False,2026-09-10T09:19:02.720910+00:00
Entertainment: Music,multiple,easy,What is the name of Rivers Cuomo's wife?,Kyoko Ito,Yoko Ono | Kyary Pamyu Pamyu | LiSA,2026-09-10T09:19:02.720922+00:00
Entertainment: Music,multiple,easy,Which of these is NOT considered a woodwind instrument?,Trombone,Oboe | Clarinet | Bassoon,2026-09-10T09:19:02.720928+00:00
Entertainment: Music,multiple,easy,Who had a 1983 hit with the song 'Africa'?,Toto,Foreigner | Steely Dan | Journey,2026-09-10T09:19:02.720937+00:00
Entertainment: Music,multiple,medium,What M83 was featured in Grand Theft Auto V's radio?,Midnight City,Outro | Reunion | Wait,2026-09-10T09:19:02.720945+00:00
Entertainment: Music,multiple,hard,"Who had a 1981 hit with the song ""Japanese Boy""?",Aneka,Toyah | Sandra | Madonna,2026-09-10T09:19:02.720951+00:00
Entertainment: Music,multiple,medium,"From which album is the Gorillaz song, ""On Melancholy Hill"" featured in?",Plastic Beach,Demon Days | Humanz | The Fall,2026-09-10T09:19:02.720964+00:00
Entertainment: Music,multiple,medium,Which of these is NOT the name of an album released by Miami-based producer DJ Khaled?,Don't Ever Play Yourself,Major Key | Suffering From Success | I Changed A Lot,2026-09-10T09:19:02.720980+00:00
Entertainment: Music,multiple,medium,Who sang backup vocals on Rockwell's hit 1984 single 'Somebody's Watching Me'?,Michael Jackson,Paul McCartney | Elton John | Prince,2026-09-10T09:19:02.720992+00:00
Entertainment: Music,multiple,medium,From which country does the piano originate?,Italy,Germany | Austria | France,2026-09-10T09:19:02.720998+00:00
Entertainment: Music,multiple,medium,"When was the 3rd album ""Notes from the Underground"" of the band ""Hollywood Undead"" released?",2013,2011 | 2014 | 2009,2026-09-10T09:19:02.721006+00:00
Entertainment: Music,boolean,medium,"Green Day's album 'American Idiot' is considered a ""punk rock opera.""",True,False,2026-09-10T09:19:02.721013+00:00
Entertainment: Music,multiple,hard,What rock group is named after a gym teacher who taught at the original band members' high school?,Lynyrd Skynyrd,Jefferson Airplane | Pink Floyd | The Byrds,2026-09-10T09:19:02.721027+00:00
Entertainment: Music,multiple,hard,"What is the first track on the Dave Matthews Band album ""Before These Crowded Streets""?",Pantala Naga Pampa,Stay (Wasting Time) | Rapunzel | Don't Drink The Water,2026-09-10T09:19:02.721041+00:00
Entertainment: Music,multiple,medium,Pink Floyd made this song for their previous lead singer Syd Barrett.,Shine On You Crazy Diamond,Wish You Were Here | Have A Cigar | Welcome to the Machine,2026-09-10T09:19:02.721057+00:00
Entertainment: Music,multiple,medium,Which of these is NOT a name of an album released by American rapper Pitbull?,Welcome to Miami,Dale | Global Warming | Armando,2026-09-10T09:19:02.721091+00:00
Entertainment: Music,multiple,medium,Who is the singer for Fall Out Boy?,Patrick Stump,Brendon Urie | Pete Wentz | Gary Lee Weinrib,2026-09-10T09:19:02.721107+00:00
Entertainment: Music,multiple,medium,What is the name of French electronic music producer Madeon's 2015 debut studio album?,Adventure,The City | Icarus | Pop Culture,2026-09-10T09:19:02.721119+00:00
Entertainment: Music,multiple,medium,"Which song in Drake's ""Views"" features Future?",Grammys,Too Good | Faithful | Pop Style,2026-09-10T09:19:02.721128+00:00
Entertainment: Music,multiple,easy,"What 1970's American ballad referred to the 1959 plane crash as the ""the day the music died""?",American Pie,Kentucky Rain | I Will Always Love You | Rock 'n' Roll Suicide,2026-09-10T09:19:02.721145+00:00
Entertainment: Music,multiple,medium,What was Radiohead's first album?,Pablo Honey,The Bends | Kid A | A Moon Shaped Pool,2026-09-10T09:19:02.721157+00:00
Entertainment: Music,multiple,hard,"In the Panic! At the Disco's song ""Nothern Downpour"", which lyric follows 'I know the world's a broken bone'.","""So melt your headaches call it home""","""So sing your song until you're home"" | ""So let them know they're on their own"" | ""So start a fire in their cold stone""",2026-09-10T09:19:02.721180+00:00
Entertainment: Music,boolean,hard,"The song ""Mystery Train"" was released by artist ""Little Junior's Blue Flames"" in 1953.",True,False,2026-09-10T09:19:02.721188+00:00
Entertainment: Music,multiple,hard,"What was the name of the cold-war singer who has a song in Grand Theft Auto IV, and a wall landmark in Moscow for his memorial?",Viktor Tsoi,Jimi Hendrix | Brian Jones | Vladimir Vysotsky,2026-09-10T09:19:02.721204+00:00
Entertainment: Music,multiple,medium,Liam Howlett founded which electronic music group in 1990?,The Prodigy,The Chemical Brothers | The Crystal Method | Infected Mushroom,2026-09-10T09:19:02.721217+00:00
Entertainment: Music,multiple,easy,"In an orchestra, what is the lowest member of the brass family?",Tuba,Trombone | Contrabass | Bassoon,2026-09-10T09:19:02.721224+00:00
Entertainment: Music,multiple,easy,"What was the subject of the 2014 song ""CoCo"" by American rapper O. T. Genasis?",Cocaine,Conan O'Brien | Cobalt(II) carbonate | Coconut cream pie,2026-09-10T09:19:02.721237+00:00
Entertainment: Music,multiple,medium,Which of the following guitarists recorded an album as a member of the Red Hot Chili Peppers?,Dave Navarro,Tom Morello  | Billy Corgan | Ed O'Brien,2026-09-10T09:19:02.721252+00:00
Entertainment: Music,multiple,easy,Which Twitch streamer is the vocalist for Red Vox?,Vinesauce,The8BitDrummer | LIRIK | Sodapoppin,2026-09-10T09:19:02.721258+00:00
Entertainment: Music,multiple,medium,Which Beatle led the way across the zebra crossing on the Abbey Road album cover?,John,Paul | George | Ringo,2026-09-10T09:19:02.721265+00:00
Entertainment: Music,multiple,hard,"How many members are there in the idol group ""µ's""?",9,48 | 6 | 3,2026-09-10T09:19:02.721274+00:00
Entertainment: Music,multiple,hard,"Who wrote the song ""You Know You Like It""?",AlunaGeorge,DJ Snake | Steve Aoki | Major Lazer,2026-09-10T09:19:02.721285+00:00
Entertainment: Music,boolean,medium,"Dave Grohl recorded the Foo Fighters' debut, ""Foo Fighters,"" by himself.",True,False,2026-09-10T09:19:02.721292+00:00
Entertainment: Music,boolean,medium,Ashley Frangipane performs under the stage name Halsey.,True,False,2026-09-10T09:19:02.721297+00:00
Entertainment: Music,multiple,easy,"Kanye West's ""Gold Digger"" featured which Oscar-winning actor?",Jamie Foxx,Alec Baldwin | Dwayne Johnson |  Bruce Willis,2026-09-10T09:19:02.721309+00:00
Entertainment: Music,multiple,hard,Which lyric is about Red Hot Chili Peppers frontman Anthony Kiedis?,"""A rainy Lithuanian / Is dancing as an Indian""","""Fly away on, my zephyr / I feel it more than ever"" | ""And I liked the dimple in your chin / Your pale blue eyes"" | ""You used to be so warm and affectionate...but now you're quick to get into your regret""",2026-09-10T09:19:02.721333+00:00
Entertainment: Music,multiple,hard,Which album was released by Kanye West in 2013?,Yeezus,My Beautiful Dark Twisted Fantasy | The Life of Pablo | Watch the Throne,2026-09-10T09:19:02.721345+00:00
Entertainment: Music,multiple,medium,Which song is not by TheFatRat?,Ascent,Monody | Windfall | Infinite Power!,2026-09-10T09:19:02.721352+00:00
Entertainment: Music,multiple,medium,What is the opening track on Lorde's Pure Heroine?,Tennis Court,Team | Royals | 400 Lux,2026-09-10T09:19:02.721361+00:00
Entertainment: Music,multiple,hard,What is the official name of Prince's backing band?,The Revolution,The Paupers | The Wailers | The Heartbreakers,2026-09-10T09:19:02.721373+00:00
Entertainment: Music,multiple,medium,What is rapper Drake's real name?,Aubrey Graham,Shaun Carter | Dwayne Carter | Andre Young,2026-09-10T09:19:02.721385+00:00
Entertainment: Music,multiple,medium,Band Aid's 'Do They Know It's Christmas' was recorded to raise awareness of which issue in Ethiopia?,Famine,Human rights violations | Pollution | Terrorism,2026-09-10T09:19:02.721395+00:00
Entertainment: Music,boolean,easy,Lead Singer Rivers Cuomo of American rock band Weezer attended Harvard.,True,False,2026-09-10T09:19:02.721401+00:00
Entertainment: Music,multiple,medium,"Which artist collaborated with American DJ Dillon Francis to release the song 2016 ""Need You""?",NGHTMRE,LOUDPVCK | KRNE | DVBBS,2026-09-10T09:19:02.721408+00:00
Entertainment: Music,boolean,easy,"Korean girl group, TWICE, consists of 9 members",True,False,2026-09-10T09:19:02.721414+00:00
Entertainment: Music,multiple,medium,"Who is the vocalist and frontman of rock band ""Guns N' Roses""?",Axl Rose,Kurt Cobain | Slash | Bono,2026-09-10T09:19:02.721425+00:00
Entertainment: Music,multiple,medium,"Which Queen song was covered by Brittany Murphy in the 2006 film ""Happy Feet""?",Somebody to Love,Under Pressure | Flash | Bohemian Rhapsody,2026-09-10T09:19:02.721441+00:00
Entertainment: Television,multiple,medium,What year was Netflix founded?,1997,1999 | 2004 | 2001,2026-09-10T09:19:24.729972+00:00
Entertainment: Television,boolean,medium,"The show ""Gilligan's Island"" was cancelled because of low ratings.",False,True,2026-09-10T09:19:24.729994+00:00
Entertainment: Television,multiple,hard,"In ""It's Always Sunny in Philadelphia"" what was the name of Frank's wrestling persona?",The Trash Man,Bird of War | Day Man | The Maniac,2026-09-10T09:19:24.730012+00:00
Entertainment: Television,multiple,easy,Who won the 10th season of Big Brother in the United States?,Dan Gheesling,Adam Jasinski | Hayden Moss | Dick Donato,2026-09-10T09:19:24.730027+00:00
Entertainment: Television,multiple,easy,"In the cartoon 'SpongeBob SquarePants', what did the acronym E.V.I.L stand for?",Every Villain Is Lemons,Every Villain Is Lemonade | Every Villain Is Limes | Each Villain Is Lemonade,2026-09-10T09:19:24.730044+00:00
Entertainment: Television,multiple,medium,"What actor portrays Hogan ""Wash"" Washburne in the TV Show Firefly?",Alan Tudyk,Adam Baldwin | Nathan Fillion | Sean Maher,2026-09-10T09:19:24.730059+00:00
Entertainment: Television,multiple,easy,"What is the name of the main character in ""The Flash"" TV series?",Barry Allen,Oliver Queen | Bart Allen | Bruce Wayne,2026-09-10T09:19:24.730073+00:00
Entertainment: Television,multiple,easy,"What is the real name of the famous spanish humorist, El Risitas?",Juan Joya Borga,Gabriel Garcia Marquez | Jesus Quintero | Ernesto Guevara,2026-09-10T09:19:24.730088+00:00
Entertainment: Television,multiple,medium,"In the Black Mirror episode ""Bandersnatch"", PAC-MAN stands for:",Program And Control Man,Postgraduate Aplications Centre Man | Political Action Committee Man | Physics & Astronomy Classification Man,2026-09-10T09:19:24.730115+00:00
Entertainment: Television,multiple,easy,"In the TV show ""Mad Men"", what was Donald Draper's birthname?","Richard ""Dick"" Whitman","Donald Draper | John Ashbury | Michael ""Mikey"" Wilhelm",2026-09-10T09:19:24.730134+00:00
Entertainment: Television,boolean,easy,"In ""Star Trek"", Klingons are aliens.",True,False,2026-09-10T09:19:24.730140+00:00
Entertainment: Television,multiple,hard,"What is the name of the pirate that sings the intro to ""Spongebob Squarepants""?",Painty,Patchy | Lloyd | Larry,2026-09-10T09:19:24.730148+00:00
Entertainment: Television,multiple,easy,"In the show ""Tengen Toppa Gurren Lagann"" what is the name of the character who force everyone to live underground?",Lordgenome,Kingloname | Lord Genome | King Loname,2026-09-10T09:19:24.730160+00:00
Entertainment: Television,multiple,easy,What Nickelodeon game show featured a house on the set that the contestants would ransack to find hidden objects?,Finders Keepers,Double Dare | Nickelodeon Guts | Nick Arcade,2026-09-10T09:19:24.730176+00:00
Entertainment: Television,multiple,easy,"In the TV show 'M*A*S*H', what was the nickname of Corporal Walter O'Reilly?",Radar,Hawkeye | Hot Lips | Trapper,2026-09-10T09:19:24.730185+00:00
Entertainment: Television,multiple,easy,"In ""Star Trek: Voyager"", which episode did Voyager establish real-time communication with Starfleet Headquarters?",Pathfinder,Message In A Bottle | Someone To Watch Over Me | Counterpoint,2026-09-10T09:19:24.730218+00:00
Entertainment: Television,multiple,hard,"In the TV Show ""Donkey Kong Country"", which episode did the song ""Eddie, Let Me Go Back To My Home"" play in?",It's a Wonderful Life,Message In A Bottle Show | To The Moon Baboon | Ape-Nesia,2026-09-10T09:19:24.730238+00:00
Entertainment: Television,multiple,medium,How long was Ken Jennings' win streak on Jeopardy?,74,88 | 49 | 62,2026-09-10T09:19:24.730246+00:00
Entertainment: Television,multiple,medium,Who composed the theme song for The Simpsons?,Danny Elfman,John Williams | Hans Zimmer | Ennio Morricone,2026-09-10T09:19:24.730259+00:00
Entertainment: Television,multiple,easy,"How many seasons did the Sci-Fi television show ""Stargate Universe"" have?",2,10 | 5 | 3,2026-09-10T09:19:24.730267+00:00
Entertainment: Television,multiple,hard,What was the date of original airing of the pilot episode of My Little Pony: Friendship is Magic?,"October 10th, 2010","November 6th, 2010 | April 14th, 1984 | May 18th, 2015",2026-09-10T09:19:24.730284+00:00
Entertainment: Television,multiple,medium,Which actor was not a major character in TV Show Freaks and Geeks?,Jonah Hill,Jason Segel | Seth Rogen | James Franco,2026-09-10T09:19:24.730298+00:00
Entertainment: Television,multiple,medium,"In Breaking Bad, the initials W.W. refer to which of the following?",Walter White,William Wolf | Willy Wonka | Wally Walrus,2026-09-10T09:19:24.730310+00:00
Entertainment: Television,multiple,hard,"Which of these voices wasn't a choice for the House AI in ""The Simpsons Treehouse of Horror"" short, House of Whacks?",George Clooney,Matthew Perry | Dennis Miller | Pierce Brosnan,2026-09-10T09:19:24.730326+00:00
Entertainment: Television,multiple,hard,"What was the UK ""Who Wants to be a Millionaire?"" cheating scandal known as?",Major Fraud,Ingram Cheater | Coughing Major | Millionaire Crime,2026-09-10T09:19:24.730340+00:00
Entertainment: Television,boolean,easy,Klingons express emotion in art through opera and poetry.,True,False,2026-09-10T09:19:24.730346+00:00
Entertainment: Television,multiple,hard,What is the Klingon's afterlife called?,Sto-vo-kor,Valhalla | Karon'gahk | New Jersey,2026-09-10T09:19:24.730356+00:00
Entertainment: Television,boolean,hard,The Klingon home planet is Qo'noS.,True,False,2026-09-10T09:19:24.730361+00:00
Entertainment: Television,multiple,easy,Who is the star of the AMC series Breaking Bad?,Walter White,Saul Goodman | Jesse Pinkman | Skyler White,2026-09-10T09:19:24.730374+00:00
Entertainment: Television,multiple,easy,"In Game of Thrones, what continent lies across the Narrow Sea from Westeros?",Essos,Easteros | Westereast | Esuntos,2026-09-10T09:19:24.730381+00:00
Entertainment: Television,multiple,hard,"In ""Star Trek"", what is the Klingon delicacy of ""gagh"" made from?",Serpent worms,Earthworms | Spaghetti noodles | Klingworms,2026-09-10T09:19:24.730392+00:00
Entertainment: Television,multiple,easy,What TV show is about a grandfather dragging his grandson around on adventures?,Rick & Morty,Family Guy | South Park | American Dad,2026-09-10T09:19:24.730406+00:00
Entertainment: Television,boolean,easy,"In ""Star Trek"", Klaang is a typical Klingon male.",True,False,2026-09-10T09:19:24.730412+00:00
Entertainment: Television,boolean,medium,"In ""Star Trek"", Klingons are commonly referred to as ""Black Elves"".",False,True,2026-09-10T09:19:24.730419+00:00
Entertainment: Television,multiple,easy,What was the name of the the first episode of Doctor Who to air in 1963?,An Unearthly Child,The Daleks | The Aztecs | The Edge of Destruction,2026-09-10T09:19:24.730434+00:00
Entertainment: Television,multiple,medium,"In the TV series ""Person of Interest"", who plays the character ""Harold Finch""?",Michael Emerson,Jim Caviezel | Taraji P. Henson | Kevin Chapman,2026-09-10T09:19:24.730448+00:00
Entertainment: Television,multiple,hard,"In the show 'Doctor Who', what is the name of the time-capsule model stolen by 'the Doctor'?","TT Type 40, Mark 3 (TARDIS)","TT Type 1, Mark 3 (TARDIS) | TT Type 40, Mark 5 (TARDIS) | TT Type 1, Mark 5 (TARDIS)",2026-09-10T09:19:24.730470+00:00
Entertainment: Television,boolean,medium,"Like his character in ""Parks and Recreation"", Aziz Ansari was born in South Carolina.",True,False,2026-09-10T09:19:24.730476+00:00
Entertainment: Television,multiple,easy,"Which show is known for the songs ""You are a Pirate"", ""Cooking by the Book"" and ""We Are Number One""?",LazyTown,Sofia the First | DuckTales | Tom and Jerry,2026-09-10T09:19:24.730491+00:00
Entertainment: Television,multiple,medium,Baron Silas Greenback is the arch nemesis of which cartoon hero?,Danger Mouse,Bananaman | SuperTed | Captain Star,2026-09-10T09:19:24.730500+00:00
Entertainment: Television,multiple,hard,Which of these in the Star Trek series is NOT Klingon food?,Hors d'oeuvre,Racht | Gagh | Bloodwine,2026-09-10T09:19:24.730508+00:00
Entertainment: Television,multiple,hard,What was the callsign of Commander William Adama in Battlestar Galactica (2004)?,Husker,Starbuck | Apollo | Crashdown,2026-09-10T09:19:24.730515+00:00
Entertainment: Television,multiple,medium,"What is the title of The Allman Brothers Band instrumental used as the theme to the BBC motoring show, 'Top Gear'?",Jessica,Angela | Erica | Sandra,2026-09-10T09:19:24.730524+00:00
Entertainment: Television,boolean,easy,"In the Season 1 SpongeBob Squarepants episode, ""Help Wanted,"" the song ""Living in the Sunlight"" by Tiny Tim can be heard.",True,False,2026-09-10T09:19:24.730539+00:00
Entertainment: Television,multiple,medium,"Which of the following figures did NOT have a cameo on ""The Drew Carey Show"" (1995-2004)?",Bill Cosby,"Donald Trump | ""Weird Al"" Yankovic | Daffy Duck",2026-09-10T09:19:24.730556+00:00
Entertainment: Television,multiple,medium,"In what year did ""The Big Bang Theory"" debut on CBS?",2007,2008 | 2006 | 2009,2026-09-10T09:19:24.730563+00:00
Entertainment: Television,multiple,medium,"In the comedy series ""Trailer Park Boys"", which of the following characters takes care of stray cats?",Bubbles,Ricky | Julian | Randy,2026-09-10T09:19:24.730571+00:00
Entertainment: Television,multiple,medium,Which of these television shows makes everyone look under their chair?,Oprah,Jimmy Fallon | Saturday Night Live | Larry Rubert,2026-09-10T09:19:24.730582+00:00
Entertainment: Television,multiple,easy,"In DuckTales, what is the name of the city where all the main characters live?",Duckburg,Duckwing | Tailspin | Wingford,2026-09-10T09:19:24.730590+00:00
Entertainment: Television,multiple,medium,Who sang the theme song for the TV show 'Rawhide'?,Frankie Laine,Guy Mitchell |  Tennessee Ernie Ford | Slim Whitman,2026-09-10T09:19:24.730603+00:00
Entertainment: Television,multiple,medium,"What is Meg's full name in ""Family Guy""?",Megatron Griffin,Who-Cares Griffin | Neil Griffin | Megan Griffin,2026-09-10T09:19:30.331476+00:00
Entertainment: Television,multiple,medium,"Out of the 3 Tots in Tots TV, who speaks French in the UK Version and Spanish in the US Version?",Tilly,Tom | Tiny | None of the Above,2026-09-10T09:19:30.331500+00:00
Entertainment: Television,multiple,easy,Which Star Trek race advances itself through assimilation?,Borg,Vulcan | Betazoid | Klingon,2026-09-10T09:19:30.331508+00:00
Entertainment: Television,multiple,medium,"What episode of ""Mr. Bean"" saw him trying to prevent people from seeing him naked?",Mr. Bean in Room 426,Mr. Bean Goes to Town | The Trouble with Mr. Bean | Back to School Mr. Bean,2026-09-10T09:19:30.331526+00:00
Entertainment: Television,multiple,medium,"In the Netflix show, Stranger Things, what song would Will sing to himself as he was missing?",Should I Stay or Should I Go?,Love Will Tear Us Apart | This Charming Man | Africa,2026-09-10T09:19:30.331542+00:00
Entertainment: Television,multiple,easy,"In the show Stranger Things, what is Eleven's favorite breakfast food?",Eggo Waffles,Toast | Captain Crunch | Bacon and Eggs,2026-09-10T09:19:30.331554+00:00
Entertainment: Television,multiple,easy,Guy's Grocery Games is hosted by which presenter?,Guy Fieri,Guy Martin | Guy Ritchie | Ainsley Harriott,2026-09-10T09:19:30.331568+00:00
Entertainment: Television,multiple,easy,"Who played Agent Fox Mulder in the TV sci-fi drama ""The X-Files""?",David Duchovny,Gillian Anderson | Robert Patrick | Mitch Pileggi,2026-09-10T09:19:30.331614+00:00
Entertainment: Television,multiple,easy,What country is Cory in the House set in?,The United States of America,Canada | Venezuala | England,2026-09-10T09:19:30.331627+00:00
Entertainment: Television,multiple,easy,"What is the name of Chris's brother in ""Everybody Hates Chris""?",Drew,Jerome | Greg | Joe,2026-09-10T09:19:30.331635+00:00
Entertainment: Television,multiple,easy,Grant Gustin plays which superhero on the CW show of the same name?,The Flash,The Arrow | Black Canary | Daredevil,2026-09-10T09:19:30.331649+00:00
Entertainment: Television,multiple,medium,"Which track by ""Massive Attack"" is used for the theme of ""House""? ",Teardrop,Protection | Angel | Black Milk,2026-09-10T09:19:30.331659+00:00
Entertainment: Television,multiple,medium,"In ""The Simpsons"", what is the real name of ""Comic Book Guy""?",Jeff Albertson,Comic Book Guy | Edward Stone | Jack Richardson,2026-09-10T09:19:30.331674+00:00
Entertainment: Television,multiple,medium,"In the original Doctor Who series (1963), fourth doctor Tom Baker's scarf was how long?",7 Meters,10 Meters | 2 Meters | 5 Meters,2026-09-10T09:19:30.331689+00:00
Entertainment: Television,multiple,medium,What is the name of the race horse that Tony Soprano becomes attached to?,Pie-O-My,Man o' war | Bada Bing | Honest Earnings,2026-09-10T09:19:30.331702+00:00
Entertainment: Television,multiple,medium,"Which of the following was not an actor/actress on the American television show ""Saturday Night Live"" in Season 42?",Tina Fey,Mikey Day | Kate McKinnon | Sasheer Zamata,2026-09-10T09:19:30.331741+00:00
Entertainment: Television,multiple,medium,What year did the television company BBC officially launch the channel BBC One?,1936,1948 | 1932 | 1955,2026-09-10T09:19:30.331752+00:00
Entertainment: Television,multiple,hard,Which actor from The Young Ones also played Lord Flashheart in one episode of Blackadder II?,Rik Mayall,Adrian Edmondson | Nigel Planer | Christopher Ryan,2026-09-10T09:19:30.331767+00:00
Entertainment: Television,multiple,easy,"The HBO series ""Game of Thrones"" is based on which series of books?",A Song of Ice and Fire,The Wheel of Time | Harry Potter | The Notebook,2026-09-10T09:19:30.331783+00:00
Entertainment: Television,multiple,easy,"In AMC's TV Series ""The Walking Dead"" what are ""Zombies"" referred to as?",Walkers,Creepers | Maggots | Hell Pigs,2026-09-10T09:19:30.331793+00:00
Entertainment: Television,multiple,easy,Which of these Disney shows is classified as an anime?,Stitch!,Cory in the House | The Emperor's New School | Hannah Montana,2026-09-10T09:19:30.331807+00:00
Entertainment: Television,multiple,medium,"What was the name of Ross' pet monkey on ""Friends""?",Marcel,Jojo | George | Champ,2026-09-10T09:19:30.331814+00:00
Entertainment: Television,multiple,easy,Who won Big Brother 2014 UK?,Helen Wood,"Christopher Hall | Pauline Bennett | Pavandeep ""Pav"" Paul",2026-09-10T09:19:30.331827+00:00
Entertainment: Television,multiple,hard,"Which country does the YouTuber ""SinowBeats"" originate from?",Scotland,England | Sweden | Germany,2026-09-10T09:19:30.331833+00:00
Entertainment: Television,multiple,hard,"In Star Trek, what is the name of Spock's father?",Sarek,Tuvok | T'Pal | Surak,2026-09-10T09:19:30.331842+00:00
Entertainment: Television,multiple,medium,"In the television show ""Lazy Town"", who is the actor of Robbie Rotten?",Stefán Stefánsson,Adam Sandler | Magnús Scheving | Stephen Carl,2026-09-10T09:19:30.331859+00:00
Entertainment: Television,multiple,medium,"What is the name of the ""Flash"" and ""Arrow"" spinoff featuring a team of characters that have appeared on both shows?",Legends of Tomorrow,Heroes of Tomorrow | The Justice Society of America | The Justice Society,2026-09-10T09:19:30.331876+00:00
Entertainment: Television,multiple,medium,"In ""Spongebob Squarepants,"" what is Mr. Krabs' full name?",Eugene H. Krabs,Eugene G. Krabs | Eugene J. Krabs | Eugene D. Krabs,2026-09-10T09:19:30.331890+00:00
Entertainment: Television,multiple,medium,"In the Doctor Who universe, how many times can a time lord normally regenerate?",12,11 | 13 | 15,2026-09-10T09:19:30.331898+00:00
Entertainment: Television,multiple,easy,"In the original Star Trek TV series, what was Captain James T. Kirk's middle name?",Tiberius,Trevor | Travis | Tyrone,2026-09-10T09:19:30.331905+00:00
Entertainment: Television,multiple,medium,"The first half-hour CGI cartoon, ReBoot, aired on which year?",1994,1993 | 1998 | 1999,2026-09-10T09:19:30.331912+00:00
Entertainment: Television,multiple,hard,What was the name of the inflatable duck sacrified to the crowd at the end of Episode 34 of the 18th season of Big Brother?,Pablo,Esteban | Carlos | Duckster,2026-09-10T09:19:30.331922+00:00
Entertainment: Television,multiple,medium,Which of the following Autobot names in Michael Bay's movies was NOT a name for a Transformer in the original 1980's cartoon?,Mudflap,Skids | Sideswipe | Ratchet,2026-09-10T09:19:30.331931+00:00
Entertainment: Television,boolean,easy,"In ""Doctor Who"", the Doctor gets his TARDIS by stealing it.",True,False,2026-09-10T09:19:30.331937+00:00
Entertainment: Television,multiple,easy,"Which company has exclusive rights to air episodes of the ""The Grand Tour""?",Amazon,Netflix | BBC | CCTV,2026-09-10T09:19:30.331945+00:00
Entertainment: Television,multiple,easy,What was the name of the teenage witch played by Melisa Joan Hart who lives with her witch aunts Hilda and Zelda?,Sabrina,Hermione | Dorothy | Dahlia,2026-09-10T09:19:30.331953+00:00
Entertainment: Television,multiple,easy,"In ""Rick And Morty"", who shot ""Mr. Poopybutthole"" in the episode ""Total Rickall""?",Beth,Rick | Jerry | Morty,2026-09-10T09:19:30.331961+00:00
Entertainment: Television,multiple,hard,"In ""Donkey Kong Country"", why does Donkey Kong want to know the secret of the crystal coconut?",He's the big kahuna.,To find out where all the bananas are. | Because Diddy Kong forced him. | He wants to punish brutes.,2026-09-10T09:19:30.331979+00:00
Entertainment: Television,boolean,medium,"An episode of ""The Simpsons"" is dedicated to Moe Szyslak's bar rag.",True,False,2026-09-10T09:19:30.331986+00:00
Entertainment: Television,multiple,hard,"The theme for the popular science fiction series ""Doctor Who"" was composed by who?",Ron Grainer,Murray Gold | Delia Derbyshire | Peter Howell,2026-09-10T09:19:30.332000+00:00
Entertainment: Television,multiple,medium,"In ""Breaking Bad,"" which main character was planned to be killed in Season 1 but wasn't because the show creator liked the actor?",Jesse Pinkman,Saul Goodman | Gus Fring | Hank Schrader,2026-09-10T09:19:30.332015+00:00
Entertainment: Television,multiple,easy,"On the NBC show Community, whose catch-phrase was ""Pop! Pop!""?",Magnitude,Star Burns | Leonard | Senoir Chang,2026-09-10T09:19:30.332025+00:00
Entertainment: Television,multiple,hard,"Which race enjoys a glass of warm baghol in ""Star Trek""?",Klingon,Vulcan | Human | Botha,2026-09-10T09:19:30.332032+00:00
Entertainment: Television,multiple,easy,"In the television show Breaking Bad, what is the street name of Walter and Jesse's notorious product?",Blue Sky,Baby Blue | Rock Candy | Pure Glass,2026-09-10T09:19:30.332046+00:00
Entertainment: Television,boolean,medium,"Klingons once had a period of Democracy in their history, they referred to it as the ""Dark Times"".",True,False,2026-09-10T09:19:30.332054+00:00
Entertainment: Television,multiple,easy,"In Star Trek: The Next Generation, what is the name of Data's cat?",Spot,Mittens | Tom | Kitty,2026-09-10T09:19:30.332061+00:00
Entertainment: Television,boolean,easy,"""The Simpsons"" family is named after creator Matt Groening's real family.",True,False,2026-09-10T09:19:30.332068+00:00
Entertainment: Television,multiple,medium,On the NBC show Community what was Star Burns' real name?,Alex,Todd | Neal | Grimus,2026-09-10T09:19:30.332075+00:00
Entertainment: Television,multiple,easy,"In the show, Doctor Who, what does T.A.R.D.I.S stand for?",Time And Relative Dimensions In Space,Time And Resting Dimensions In Space | Time And Relative Dimensions In Style | Toilet Aid Rope Dog Is Soup,2026-09-10T09:19:30.332091+00:00
Entertainment: Television,multiple,hard,"In ""Star Trek"", who was the founder of the Klingon Empire and its philosophy?",Kahless the Unforgettable,Lady Lukara of the Great Hall | Molor the Unforgiving | Dahar Master Kor,2026-09-10T09:19:30.332107+00:00
Entertainment: Television,boolean,easy,"In Battlestar Galactica (2004), Cylons were created by man as cybernetic workers and soldiers.",True,False,2026-09-10T09:19:35.934163+00:00
Entertainment: Television,multiple,easy,"How many seasons did the Sci-Fi television show ""Stargate Atlantis"" have?",5,10 | 2 | 7,2026-09-10T09:19:35.934184+00:00
Entertainment: Television,multiple,hard,What's Dr. Doofenshmirtz first name?,Heinz,Hans | Hank | Heidi,2026-09-10T09:19:35.934191+00:00
Entertainment: Television,multiple,easy,Which of these Bojack Horseman characters is a human?,Todd Chavez,Lennie Turtletaub | Princess Carolyn | Tom Jumbo-Grumbo,2026-09-10T09:19:35.934207+00:00
Entertainment: Television,multiple,easy,"Who played the Waitress in the Spam sketch of ""Monty Python's Flying Circus""?",Terry Jones,Eric Idle | Graham Chapman | John Cleese,2026-09-10T09:19:35.934223+00:00
Entertainment: Television,multiple,medium,"In ""The Big Bang Theory"", what is Howard Wolowitz's nickname in World of Warcraft?",Wolowizard,Sheldor | Rajesh | Priya,2026-09-10T09:19:35.934231+00:00
Entertainment: Television,multiple,medium,"In the Sci-Fi television show Doctor Who, who plays the Tenth Doctor?",David Tennant,William Hartnell | Peter Capaldi | Peter Davison,2026-09-10T09:19:35.934245+00:00
Entertainment: Television,boolean,medium,"Klingons respect their disabled comrades, and those who are old, injuried, and helpless.",False,True,2026-09-10T09:19:35.934252+00:00
Entertainment: Television,multiple,easy,"In the Star Trek universe, what color is Vulcan blood?",Green,Blue | Red | Purple,2026-09-10T09:19:35.934259+00:00
Entertainment: Television,multiple,medium,What is the name of the main antagonists in Battlestar Galactica?,The Cylons,The Collective | The Federation | The Rebels,2026-09-10T09:19:35.934272+00:00
Entertainment: Television,multiple,easy,"In the TV show ""Cheers"", Sam Malone was a former relief pitcher for which baseball team?",Boston Red Sox,New York Mets | Baltimore Orioles | Milwaukee Brewers,2026-09-10T09:19:35.934288+00:00
Entertainment: Television,multiple,easy,"In Two and a Half Men, what is Alan Harper's son's name?",Jake,John | Jeremy | James,2026-09-10T09:19:35.934295+00:00
Entertainment: Television,multiple,easy,"In season one of the Netflix political drama ""House of Cards"", what government position does Frank Underwood hold?",House Majority Whip,Attorney General | President | Chief of Staff,2026-09-10T09:19:35.934310+00:00
Entertainment: Television,multiple,medium,"In the episode of SpongeBob SquarePants, ""Survival of the Idiots"", Spongebob called Patrick which nickname?",Pinhead,Starfish | Larry | Dirty Dan,2026-09-10T09:19:35.934321+00:00
Entertainment: Television,multiple,medium,What was Nickelodeon's original name?,Pinwheel,MTVKids | KidsTV | Splat!,2026-09-10T09:19:35.934329+00:00
Entertainment: Television,multiple,medium,Who plays the character of Dennis Reynolds on It's Always Sunny in Philadelphia?,Glenn Howerton,Rob McElhenney | Charlie Day | Danny DeVito,2026-09-10T09:19:35.934342+00:00
Entertainment: Television,multiple,easy,Which of the following awards do Matt Stone and Trey Parker NOT have?,Oscar,Emmy | Tony | Grammy,2026-09-10T09:19:35.934349+00:00
Entertainment: Television,multiple,medium,In Game of Thrones what is the name of Jon Snow's sword?,Longclaw,Oathkeeper | Widow's Wail | Needle,2026-09-10T09:19:35.934358+00:00
Entertainment: Television,multiple,medium,"""The A Team"" first aired in the USA and in the UK in what year?",1983,1981 | 1985 | 1987,2026-09-10T09:19:35.934366+00:00
Entertainment: Television,multiple,medium,Who was the original voice actor of Shaggy Rogers in Scooby-Doo?,Casey Kasem,Dante Basco | Billy West | Frank Welker,2026-09-10T09:19:35.934379+00:00
Entertainment: Television,multiple,hard,"Who was the winner of ""Big Brother"" Season 10?",Dan Gheesling,Bryce Kranyik | Ryan Sutfin | Chris Mundorf,2026-09-10T09:19:35.934392+00:00
Entertainment: Television,multiple,medium,"What is the name of the inspector in the series ""On the Buses""?",Blakey,Harper | Naily | Gally,2026-09-10T09:19:35.934399+00:00
Entertainment: Television,multiple,medium,Who was Firestorm's rival during the original run of UK Robot Wars?,Panic Attack,Razer | Chaos 2 | Hypno Disc,2026-09-10T09:19:35.934411+00:00
Entertainment: Television,boolean,medium,"In ""Star Trek"", Klingons respect William Shakespeare, they even suspect him having a Klingon lineage.",True,False,2026-09-10T09:19:35.934419+00:00
Entertainment: Television,multiple,medium,What is the name of the mad scientist who owns Planet Express in Futurama?,Hubert J. Farnsworth,Philip J. Fry | Rick Sanchez | Ogden Wernstrom,2026-09-10T09:19:35.934452+00:00
Entertainment: Television,multiple,easy,In which state of America was the Fresh Prince of Bel-Air born and raised in?,Pennsylvania,Florida | California | New Jersey,2026-09-10T09:19:35.934465+00:00
Entertainment: Television,multiple,easy,"Which of these characters in ""Stranger Things"" has the power of Telekinesis?",Eleven,Mike | Lucas | Karen,2026-09-10T09:19:35.934473+00:00
Entertainment: Television,multiple,medium,Who was the winner of the 2016 WWE Royal Rumble?,Triple H,Roman Reigns | AJ Styles | Dean Ambrose,2026-09-10T09:19:35.934486+00:00
Entertainment: Television,multiple,hard,"Which former Coronation Street actress was once a hostess on the British Game Show ""Double Your Money""?",Amanda Barrie,Sue Nicholls | Violet Carson | Jean Alexander,2026-09-10T09:19:35.934501+00:00
Entertainment: Television,multiple,easy,What NBC sitcom once saw two of its characters try to pitch NBC on a sitcom about nothing?,Seinfeld,Frasier | Becker | Friends,2026-09-10T09:19:35.934509+00:00
Entertainment: Television,multiple,easy,"When Donkey Kong died in the ""Donkey Kong Country"" episode ""It's a Wonderful Life"", who was his guardian angel?",Eddie the Mean Old Yeti,Kiddy Kong | Diddy Kong | King K. Rool,2026-09-10T09:19:35.934526+00:00
Entertainment: Television,multiple,medium,When did Spongebob Squarepants first air?,"May 1, 1999","July 20, 2000 | February 6, 2003 | June 27, 1997",2026-09-10T09:19:35.934539+00:00
Entertainment: Television,multiple,medium,"The 1985 Toyota Corolla ""AE86"" was the hero car for what anime? ",Initial D,Wangan Midnight | Ghost MF | Ex Driver,2026-09-10T09:19:35.934553+00:00
Entertainment: Television,multiple,easy,"On the show ""Rick and Morty"", in episode ""Total Rickall"", who was a parasite?",Pencilvester,Beth Smith | Summer Smith | Mr. Poopy Butthole,2026-09-10T09:19:35.934567+00:00
Entertainment: Television,multiple,medium,"In ""Star Trek"", what is the Ferengi's First Rule of Acquisition?","Once you have their money, you never give it back. ",Never place friendship above profit | Greed is Eternal | Never allow family to stand in the way of opportunity,2026-09-10T09:19:35.934586+00:00
Entertainment: Television,multiple,hard,"In ""Star Trek"", what sauce is commonly used by Klingons on bregit lung?",Grapok sauce,Gazorpazorp pudding | Sweet chili sauce | Grapork sauce,2026-09-10T09:19:35.934601+00:00
Entertainment: Television,multiple,medium,Alan Reed is known for providing the voice of which character?,Fred Flintstone,Bugs Bunny | Fangface | G.I. Joe,2026-09-10T09:19:35.934612+00:00
Entertainment: Television,multiple,easy,"Who was the first ever actor to play ""The Doctor"" on ""Doctor Who""?",William Hartnell,David Tennant | Peter Capaldi | Tom Baker,2026-09-10T09:19:35.934626+00:00
Entertainment: Television,multiple,medium,Which character does voice actress Tara Strong NOT voice?,Bubbles (2016),Twilight Sparkle | Timmy Turner | Harley Quinn,2026-09-10T09:19:35.934639+00:00
Entertainment: Television,multiple,easy,"How many seasons did ""Stargate SG-1"" have?",10,3 | 7 | 12,2026-09-10T09:19:35.934646+00:00
Entertainment: Television,multiple,easy,Which of the following won the first season of American Idol in 2002?,Kelly Clarkson,Justin Guarini | Ruben Studdard | Chris Daughtry,2026-09-10T09:19:35.934660+00:00
Entertainment: Television,multiple,easy,"The ""Psycho"" series of videos on YouTube was created by which of the following?",RiDGiD STUDiOS,Dan Bell | Billy Familia | VeganGainz,2026-09-10T09:19:35.934672+00:00
Entertainment: Television,multiple,medium,This composer worked on the 2003 TV series Battlestar Galatica.,Bear McCreary,Ramin Djawadi | Jeremy Soule | Harry Gregson-Williams,2026-09-10T09:19:35.934684+00:00
Entertainment: Television,multiple,hard,"Prior to working at Wizards of the Coast, ""Mark Rosewater"" was a writer for which show?",Roseanne,Boy Meets World | The X-Files | NYPD Blue,2026-09-10T09:19:35.934697+00:00
Entertainment: Television,multiple,hard,Who played the sun baby in the original run of Teletubbies?,Jessica Smith,Pui Fan Lee | Sue Monroe | Lisa Brockwell,2026-09-10T09:19:35.934710+00:00
Entertainment: Television,multiple,easy,When did the TV show Rick and Morty first air on Adult Swim?,2013,2014 | 2016 | 2015,2026-09-10T09:19:35.934717+00:00
Entertainment: Television,multiple,medium,"What is the setting of the show ""Parks and Recreation""?","Pawnee, Indiana","Eagleton, Indiana | Pasadena, California | London, England",2026-09-10T09:19:35.934731+00:00
Entertainment: Television,multiple,easy,"In which British seaside town was the BBC sitcom ""Fawlty Towers"" set?",Torquay,Blackpool | Bournemouth | Great Yarmouth,2026-09-10T09:19:35.934740+00:00
Entertainment: Television,boolean,medium,"In the TV series Red Dwarf, Kryten's full name is Kryten 2X4B-523P.",True,False,2026-09-10T09:19:35.934747+00:00
Entertainment: Television,multiple,medium,"Who co-founded the YouTube Let's Play channel ""Game Grumps"" alongside Newgrounds animator Egoraptor?",JonTron,Pewdiepie | Tobuscus | Markiplier,2026-09-10T09:19:35.934755+00:00
Entertainment: Video Games,multiple,easy,"In ""Mario & Sonic at the Olympic Games"", characters are split into how many types?",4,6 | 5 | 3,2026-09-10T09:19:47.217738+00:00
Entertainment: Video Games,multiple,medium,Which is not a playable character in the 2005 video game Killer7?,Frank Smith,Mask de Smith | Dan Smith | Coyote Smith,2026-09-10T09:19:47.217767+00:00
Entertainment: Video Games,boolean,medium,"In the game ""Until Dawn"" Emily is the only playable character who can be killed by another playable character directly.",True,False,2026-09-10T09:19:47.217777+00:00
Entertainment: Video Games,multiple,medium,"In the game Overwatch, which hero out of the following 4 is from Brazil?",Lúcio,Sombra | McCree | Symmetra,2026-09-10T09:19:47.217788+00:00
Entertainment: Video Games,multiple,medium,What is the subtitle for Gran Turismo 3?,A-Spec,Championship | Drive | Nitro,2026-09-10T09:19:47.217795+00:00
Entertainment: Video Games,multiple,medium,"What is the name of the first level in ""Call of Duty: World at War""?",Semper Fi,Ring of Steel | Vendetta | Eviction,2026-09-10T09:19:47.217807+00:00
Entertainment: Video Games,multiple,easy,Which of these is NOT the name of a rival gang in the video game Saint's Row 2?,The Zin Empire,The Brotherhood | The Ronin | The Sons of Samedi,2026-09-10T09:19:47.217823+00:00
Entertainment: Video Games,multiple,easy,"What year did the game ""Overwatch"" enter closed beta?",2015,2013 | 2011 | 2016,2026-09-10T09:19:47.217830+00:00
Entertainment: Video Games,multiple,medium,"Which of these blocks in ""Minecraft"" has the lowest blast resistance?",Sand,End Stone | Water | Wood Planks,2026-09-10T09:19:47.217840+00:00
Entertainment: Video Games,boolean,easy,"""Sonic the Hedgehog 2"" originally was going to have a time travel system.",True,False,2026-09-10T09:19:47.217848+00:00
Entertainment: Video Games,multiple,easy,"In ""World of Warcraft,"" which of the following can be found outside of every instanced dungeon?",A Meeting Stone,A Summoning Stone | A Gathering Stone | A Hearthstone,2026-09-10T09:19:47.217864+00:00
Entertainment: Video Games,boolean,medium,"In Half-Life 2, if you play the zombies' speech in reverse, they actually speak coherent English.",True,False,2026-09-10T09:19:47.217872+00:00
Entertainment: Video Games,multiple,hard,"In the video game Undertale, what Fun Value is required to obtain the Fake Hallway?",66,91 | 45 | 39,2026-09-10T09:19:47.217880+00:00
Entertainment: Video Games,multiple,medium,"The video game publishers known as ""tinyBuild"" published which of these games?",Clustertruck,Don't Starve | Stardew Valley | Slime Rancher,2026-09-10T09:19:47.217892+00:00
Entertainment: Video Games,multiple,medium,Which soccer player is featured on the cover of EA Sport's FIFA 18?,Cristiano Ronaldo,Lionel Messi | Neymar | Harry Kane,2026-09-10T09:19:47.217904+00:00
Entertainment: Video Games,multiple,medium,In what year did Microsoft release the original Xbox console in North America?,2001,1998 | 2003 | 1996,2026-09-10T09:19:47.217911+00:00
Entertainment: Video Games,multiple,medium,"In Fallout: New Vegas, upon starting each one of the four campaign DLCs, which one of them does not have a warning screen/recommended level? ",Honest Hearts ,Old World Blues | Lonesome Road | Dead Money,2026-09-10T09:19:47.217929+00:00
Entertainment: Video Games,multiple,medium,"In Minecraft, how many items can a single piece of coal smelt when used in a furnace?",8,12 | 10 | 6,2026-09-10T09:19:47.217937+00:00
Entertainment: Video Games,multiple,hard,"Which game in the ""Monster Hunter"" series introduced the monster ""Gobul""?",Monster Hunter Tri,Monster Hunter Freedom Unite | Monster Hunter Frontier | Monster Hunter Generations,2026-09-10T09:19:47.217952+00:00
Entertainment: Video Games,multiple,easy,"In the first game of the Sly Cooper franchise, what family heirloom did Sly Cooper want to steal back?",Thievius Raccoonus,Raccoon Training 101 | The Art of Sneak | Raccoonus Teachus,2026-09-10T09:19:47.217979+00:00
Entertainment: Video Games,multiple,easy,Which of these following weapon or equipment exists in Counter Strike but not in Counter Strike: Source?,Tactical Shield,Molotov Cocktail | MP5 Navy | TMP,2026-09-10T09:19:47.217994+00:00
Entertainment: Video Games,multiple,medium,"Which of these is NOT DLC for the video game called ""Tabletop Simulator""?",The Binding of Isaac: Four Souls,Three Kingdoms Redux | Superfight | Mr. Game!,2026-09-10T09:19:47.218008+00:00
Entertainment: Video Games,multiple,easy,Which company is the one responsible for creating the strategy videogame Stellaris?,Paradox Development Studio,Overkill Software | Tripwire Interactive LLC | Ensemble Studios,2026-09-10T09:19:47.218022+00:00
Entertainment: Video Games,multiple,hard,What was the world's first handheld game device?,Mattel Auto Race,Game Boy | Microvision | Game & Watch,2026-09-10T09:19:47.218035+00:00
Entertainment: Video Games,boolean,easy,"In Terraria, you can craft the Cell Phone pre-hardmode.",True,False,2026-09-10T09:19:47.218041+00:00
Entertainment: Video Games,multiple,hard,"In ""Need for Speed III: Hot Pursuit"", what is the name of the fictional car?",El Niño,Rápido | Ágil | La Niña,2026-09-10T09:19:47.218058+00:00
Entertainment: Video Games,boolean,hard,"In ""Call Of Duty: World At War"", the first appearance of the ""PPSH-41"" in ""Zombies"" was in the map ""Der Riese"".",False,True,2026-09-10T09:19:47.218068+00:00
Entertainment: Video Games,multiple,medium,"In ""Resident Evil 2"", what is Leon Kennedy's middle name?",Scott,Shaun | Simon | Sam,2026-09-10T09:19:47.218084+00:00
Entertainment: Video Games,multiple,hard,"Which gaming series includes ""The Diabolical Box"" and ""The Curious Village""?",Professor Layton,Persona | Etrian Odyssey | Sam & Max,2026-09-10T09:19:47.218116+00:00
Entertainment: Video Games,multiple,hard,"Meryl Silverburgh, a video game character from the Metal Gear series, was originally a character in which game?",Policenauts,Gradius | Contra | Castlevania: Symphony of the Night,2026-09-10T09:19:47.218131+00:00
Entertainment: Video Games,multiple,easy,"What is the name of the main protagonist in ""Xenoblade Chronicles""?",Shulk,Reyn | Fiora | Dunban,2026-09-10T09:19:47.218140+00:00
Entertainment: Video Games,multiple,medium,"In Hitman: Blood Money, what is the name of the target in the mission ""Death of a Showman""?",Joseph Clarence,The Swing King | Maynard John | Manuel Delgado,2026-09-10T09:19:47.218156+00:00
Entertainment: Video Games,boolean,easy,"The game ""Battlefield 1"" takes place during World War I.",True,False,2026-09-10T09:19:47.218162+00:00
Entertainment: Video Games,multiple,easy,What is the main ship used by Commander Shepard in the Mass Effect Franchise called?,Normandy,Osiris | Infinity | Endeavour,2026-09-10T09:19:47.218170+00:00
Entertainment: Video Games,multiple,easy,"In the game Nuclear Throne, which character starts with the least HP?",Melting,Crystal | Rebel | Yung Venuz (Y.V.),2026-09-10T09:19:47.218179+00:00
Entertainment: Video Games,multiple,medium,In what engine was Titanfall made in?,Source Engine,Frostbite 3 | Unreal Engine | Cryengine,2026-09-10T09:19:47.218190+00:00
Entertainment: Video Games,multiple,hard,"GoldenEye 007 on the Nintendo 64 was planned to allow you to play as all previous Bond actors, with the exception of who?",George Lazenby,Roger Moore | Sean Connery | Timothy Dalton,2026-09-10T09:19:47.218206+00:00
Entertainment: Video Games,multiple,easy,What was the name of the canceled projected by Blizzard Entertainment that would be later become Overwatch?,Titan,Omnic | Omega | Ghost,2026-09-10T09:19:47.218214+00:00
Entertainment: Video Games,multiple,easy,"When was the top-down online RPG ""Space Station 13"" released?",2003,2000 | 2010 | 2006,2026-09-10T09:19:47.218220+00:00
Entertainment: Video Games,multiple,medium,One of the Nintendo Entertainment System voice channels supports playback of sound samples. Which one?,DMC,Noise | Triangle | Square,2026-09-10T09:19:47.218228+00:00
Entertainment: Video Games,multiple,medium,"In World of Warcraft lore, who was first to have the title ""The Ashbringer""?",Alexandros Mograine,Tirion Fordring | Arthas Menethil | Uther the Lightbringer,2026-09-10T09:19:47.218242+00:00
Entertainment: Video Games,multiple,medium,"In Touhou 12: Undefined Fantastic Object, which of these was not a playable character?",Izayoi Sakuya,Hakurei Reimu | Kirisame Marisa | Kochiya Sanae,2026-09-10T09:19:47.218257+00:00
Entertainment: Video Games,multiple,hard,"In the 2014 Pokemon VGC Finals, which Pokemon was famous for bringing the winner to victory?",Pachirisu,Garchomp | Lapras | Primal Groudon,2026-09-10T09:19:47.218266+00:00
Entertainment: Video Games,multiple,medium,"In Yakuza 0, what is the order of the fighting styles acquired as Kazuma Kiryu?","Brawler, Rush, Beast, Legend","Legend, Rush, Brawler, Beast | Brawler, Beast, Rush, Legend | Beast, Brawler, Rush, Legend",2026-09-10T09:19:47.218284+00:00
Entertainment: Video Games,multiple,hard,What are the chances of being dealt a Royal Flush within Poker/Video Poker?,"1 in 649,740","1 in 763,302 | 1 in 499,304 | 1 in 311,875,200",2026-09-10T09:19:47.218300+00:00
Entertainment: Video Games,multiple,medium,"Which Crypt of the NecroDancer (2015) character has a soundtrack by Jake ""Virt"" Kaufman?",Uncle Eli,Cadence | Nocturna | Octavian (Bard),2026-09-10T09:19:47.218311+00:00
Entertainment: Video Games,multiple,hard,Which game in the Dance Dance Revolution series introduced the Extra Stage?,DDR,DDR Solo 2000 | DDRMAX | DDR EXTREME,2026-09-10T09:19:47.218324+00:00
Entertainment: Video Games,multiple,easy,"What are Sans and Papyrus named after in ""Undertale""?",Fonts,Plants | Companies | Ancient writing paper,2026-09-10T09:19:47.218332+00:00
Entertainment: Video Games,multiple,easy,"In which mall does ""Dead Rising"" take place?",Willamette Parkview Mall,Liberty Mall | Twin Pines Mall | Central Square Shopping Center,2026-09-10T09:19:47.218346+00:00
Entertainment: Video Games,multiple,medium,"In Overwatch, how old is Reinhardt Wilhelm?",61,59 | 65 | 62,2026-09-10T09:19:47.218352+00:00
Entertainment: Video Games,multiple,medium,What was the first Call of Duty game to include the Zombies gamemode?,Call of Duty: World at War,Call of Duty: Black Ops | Call of Duty: Modern Warfare 2 | Call of Duty: Black Ops III,2026-09-10T09:19:52.808588+00:00
Entertainment: Video Games,multiple,hard,How many voice channels does the Nintendo Entertainment System support natively?,5,4 | 6 | 3,2026-09-10T09:19:52.808606+00:00
Entertainment: Video Games,multiple,hard,"The 'D' in the term ""D-Mail"" from the game ""Steins; Gate"" is short for what?",DeLorean,Deep | Demo | Dev,2026-09-10T09:19:52.808617+00:00
Entertainment: Video Games,multiple,medium,"In WarioWare: Smooth Moves, which one of these is NOT a Form?",The Hotshot,The Discard | The Elephant | The Mohawk,2026-09-10T09:19:52.808631+00:00
Entertainment: Video Games,multiple,medium,"In Portal, what color is the Intelligence Core?",Blue,Purple | Red | Orange,2026-09-10T09:19:52.808638+00:00
Entertainment: Video Games,multiple,medium,When was the Sega Genesis released in Japan?,"October 29, 1988","August 14, 1989 | November 30, 1990 | September 1, 1986",2026-09-10T09:19:52.808652+00:00
Entertainment: Video Games,multiple,medium,"In Terraria, what does the Wall of Flesh not drop upon defeat?",Picksaw,Pwnhammer | Breaker Blade | Laser Rifle,2026-09-10T09:19:52.808663+00:00
Entertainment: Video Games,multiple,medium,"On the 6th of June 2006, what was the name of the infamous glitch that occurred in the MMO RuneScape?",The Falador Massacre,Noclip glitch | Party-hat Duplication Glitch | TzHaar Massacre,2026-09-10T09:19:52.808680+00:00
Entertainment: Video Games,multiple,hard,Which of these TrackMania environments was NOT in the original game?,Bay,Desert | Snow | Rally,2026-09-10T09:19:52.808686+00:00
Entertainment: Video Games,multiple,easy,Which game did NOT get financed via Crowdfunding?,Enter the Gungeon,Town of Salem | Undertale | Tower Unite,2026-09-10T09:19:52.808698+00:00
Entertainment: Video Games,multiple,medium,What are tiny Thwomps called in Super Mario World?,Thwimps,Little Thwomp | Mini Thwomp | Tiny Tims,2026-09-10T09:19:52.808709+00:00
Entertainment: Video Games,multiple,hard,"In ""Team Fortress 2"", what is the fastest taunt kill that can be pulled off?",Showdown,Hadouken | Organ Grinder | Skewer,2026-09-10T09:19:52.808719+00:00
Entertainment: Video Games,multiple,easy,"In vanilla Minecraft, which of the following cannot be made into a block?",Charcoal,Coal | Wheat | String,2026-09-10T09:19:52.808726+00:00
Entertainment: Video Games,multiple,easy,"Which franchise does the creature ""Slowpoke"" originate from?",Pokemon,Dragon Ball | Sonic The Hedgehog | Yugioh,2026-09-10T09:19:52.808736+00:00
Entertainment: Video Games,multiple,hard,What is the name of the virus that infected New York in Tom Clancy's The Division?,Dollar Flu,Ebola | Red Poison | Smallpox,2026-09-10T09:19:52.808748+00:00
Entertainment: Video Games,multiple,medium,"Which German city does the map ""Clubhouse"" in ""Tom Clancy's Rainbow Six Siege"" take place in?",Hannover,Berlin | Hamburg | Munich,2026-09-10T09:19:52.808756+00:00
Entertainment: Video Games,multiple,easy,"Who out of these Team Fortress 2 characters, does not use a Shotgun as a secondary weapon?",Engineer,Soldier | Pyro | Heavy,2026-09-10T09:19:52.808765+00:00
Entertainment: Video Games,multiple,easy,Which of these is NOT a map included in the game Counter-Strike: Global Offensive?,Oilrig,Assault | Mirage | Cache,2026-09-10T09:19:52.808785+00:00
Entertainment: Video Games,boolean,easy,"In Until Dawn, both characters Sam and Mike cannot be killed under any means until the final chapter of the game.",True,False,2026-09-10T09:19:52.808799+00:00
Entertainment: Video Games,multiple,medium,"What is the name of the child performing the Black Sacrament, in The Elder Scrolls V: Skyrim?",Aventus Aretino,Proventus Avenicci | Aval Atheron | Arngeir,2026-09-10T09:19:52.808816+00:00
Entertainment: Video Games,multiple,medium,"In the ""Call Of Duty: Zombies"" map ""Der Riese"", what is the name of the ""Pack-A-Punched PPSH-41""?",The Reaper,Lamentation | The Grim Reaper | The Eviscerator  ,2026-09-10T09:19:52.808833+00:00
Entertainment: Video Games,multiple,easy,"In Splatoon 2, who are the members of Off The Hook?",Pearl & Marina,Callie & Marie | Diamond & Aquamarina | DJ Octavio & Crusty Sean,2026-09-10T09:19:52.808851+00:00
Entertainment: Video Games,multiple,medium,"In which ""Call of Duty"" game are the ""Apothicons"" introduced in the Zombies mode?",Call Of Duty: Black Ops III,Call Of Duty: Black Ops | Call Of Duty: World At War | Call Of Duty: Black Ops II,2026-09-10T09:19:52.808870+00:00
Entertainment: Video Games,multiple,medium,What were the first two Pokémon games released?,Red and Green,Red and Blue | Green and Blue | Red and Yellow,2026-09-10T09:19:52.808885+00:00
Entertainment: Video Games,boolean,hard,The retail disc of Tony Hawk's Pro Skater 5 only comes with the tutorial.,True,False,2026-09-10T09:19:52.808892+00:00
Entertainment: Video Games,boolean,easy,"In ""Super Mario Bros."", the clouds and bushes have the same artwork and are just different colors.",True,False,2026-09-10T09:19:52.808899+00:00
Entertainment: Video Games,multiple,easy,"In Overwatch, which ape species is the hero Winston?",Gorilla,Orangutan | Chimpanzee | Gibbon,2026-09-10T09:19:52.808906+00:00
Entertainment: Video Games,multiple,easy,"Which Pokemon generation did the fan-named ""Masuda Method"" first appear in? ",Diamond/Pearl,Ruby/Sapphire | Black/White | X/Y,2026-09-10T09:19:52.808927+00:00
Entertainment: Video Games,multiple,easy,"Who is the writer of the game ""Half-Life""?",Marc Laidlaw,Gabe Newell | Robin Walker | Chet Faliszek,2026-09-10T09:19:52.808942+00:00
Entertainment: Video Games,multiple,hard,"In ""Magicka"", which two elements are combined to cast the spell, ""Nullify""?",Arcane + Shield,Lightning + Shield | Lightning + Life | Arcane + Life,2026-09-10T09:19:52.808958+00:00
Entertainment: Video Games,multiple,easy,"In the game ""Hearthstone"", what is the best rank possible?",Rank 1 Legend,Rank 1 Elite | Rank 1 Master | Rank 1 Supreme,2026-09-10T09:19:52.808972+00:00
Entertainment: Video Games,multiple,hard,"In the Lego Island trilogy, who taught Pepper Roni how to read?",Officer Laura Brick,Papa Brickolini | Officer Nick Brick | Mama Brickolini,2026-09-10T09:19:52.808986+00:00
Entertainment: Video Games,multiple,easy,"In Divinity: Original Sin II, what is the name of the skeletal origin character?",Fane,Lohse | The Red Prince | There are no skeletal origin characters,2026-09-10T09:19:52.808999+00:00
Entertainment: Video Games,multiple,medium,"What was the code name for the ""Nintendo Gamecube""?",Dolphin,Nitro | Revolution | Atlantis,2026-09-10T09:19:52.809005+00:00
Entertainment: Video Games,multiple,medium,What is the name of the province you explore in Runescape?,Gielinor,Mordor | Kopar | Ashendale,2026-09-10T09:19:52.809012+00:00
Entertainment: Video Games,multiple,medium,Which of the following Terran units from the RTS game Starcraft was first introduced in the expansion Brood War?,Medic,Wraith | Science Vessel | SCV,2026-09-10T09:19:52.809022+00:00
Entertainment: Video Games,multiple,medium,In what year was the original Sonic the Hedgehog game released?,1991,1989 | 1993 | 1995,2026-09-10T09:19:52.809029+00:00
Entertainment: Video Games,multiple,medium,"In the ""Portal"" series, who was Cave Johnson's personal assistant?",Caroline,Heather | Melissa | Jane,2026-09-10T09:19:52.809036+00:00
Entertainment: Video Games,multiple,hard,What is the name of the alligator in Where's My Water?,Swampy,Cranky | Crocky | Justice,2026-09-10T09:19:52.809043+00:00
Entertainment: Video Games,multiple,easy,Who made Garry's Mod?,Garry Newman,Randy Newman | Facepunch Studios | Gabe Newell,2026-09-10T09:19:52.809055+00:00
Entertainment: Video Games,multiple,easy,"What was Frank West's job in ""Dead Rising""?",Photojournalist,Janitor | Chef | Taxi Driver,2026-09-10T09:19:52.809063+00:00
Entertainment: Video Games,multiple,easy,What is the last name of the primary female protagonist of Final Fantasy VIII?,Heartilly,Loire | Almasy | Trepe,2026-09-10T09:19:52.809070+00:00
Entertainment: Video Games,multiple,hard,When was the first Call of Duty title released?,"October 29, 2003","December 1, 2003 | November 14, 2002 | July 18, 2004",2026-09-10T09:19:52.809085+00:00
Entertainment: Video Games,boolean,medium,TF2: The Medic will be credited for an assist if he heals a Spy that successfully saps a building.,True,False,2026-09-10T09:19:52.809093+00:00
Entertainment: Video Games,multiple,medium,"When was Chapter 1 of the Source Engine mod ""Underhell"" released?","September 1st, 2013","March 3rd, 2011 | September 12th, 2013 | October 2nd, 2012",2026-09-10T09:19:52.809108+00:00
Entertainment: Video Games,boolean,medium,"TF2: The Heavy's voice actor, Gary Schwartz, voices the Demoman as well ",True,False,2026-09-10T09:19:52.809115+00:00
Entertainment: Video Games,multiple,medium,"What is the name of the protagonist's first Persona in ""Persona 5""?",Arsene,Mara | Izanagi | Sandaphlon,2026-09-10T09:19:52.809122+00:00
Entertainment: Video Games,multiple,easy,"In Undertale, MEGALOVANIA is a theme for which character?",Sans,Flowey | Papyrus | Undyne,2026-09-10T09:19:52.809128+00:00
Entertainment: Video Games,boolean,easy,"In the Fallout: New Vegas add-on Lonesome Road, Ulysses wields a flag pole named The Liberator.",False,True,2026-09-10T09:19:52.809136+00:00
Entertainment: Video Games,boolean,easy,"In Dead Space 2, the 'Hand Cannon' is a large foam finger.",True,False,2026-09-10T09:19:52.809143+00:00
Entertainment: Video Games,multiple,medium,"How many unique items does ""Borderlands 2"" claim to have?",87 Bazillion ,87 Million | 87 Trillion | 87 Gazillion ,2026-09-10T09:19:58.507757+00:00
Entertainment: Video Games,multiple,easy,"In the ""Hitman"" series, what is the name of the main character?",Agent 47,Agent 27 | Agent Smith | Agent 67,2026-09-10T09:19:58.507909+00:00
Entertainment: Video Games,multiple,easy,In what year was Garry's Mod released as a standalone title on Valve's Steam distribution service?,2006,2007 | 2004 | 2003,2026-09-10T09:19:58.507922+00:00
Entertainment: Video Games,multiple,hard,What is the name of the main island in PLAYERUNKNOWN'S BATTLEGROUNDS?,Erangel,Marmara | Severny | Lastovo,2026-09-10T09:19:58.507930+00:00
Entertainment: Video Games,multiple,medium,"Who voiced the character Joel in ""The Last of Us""?",Troy Baker,Nolan North | John DiMaggio | Steve Blum,2026-09-10T09:19:58.507944+00:00
Entertainment: Video Games,multiple,easy,What game was used to advertise Steam?,Counter-Strike 1.6,Half-Life | Half-Life 2 | Team Fortress,2026-09-10T09:19:58.507956+00:00
Entertainment: Video Games,multiple,hard,"How many trophies are there in ""Super Smash Bros. for Nintendo 3DS""?",685,1360 | 716 | 1155,2026-09-10T09:19:58.507964+00:00
Entertainment: Video Games,multiple,medium,"In ""Overwatch"", what is the name of Mercy's ""ultimate ability""?",Valkyrie,Earthshatter | Rocket Barrage | Molten Core,2026-09-10T09:19:58.507975+00:00
Entertainment: Video Games,multiple,easy,Who is the main character of the game Half-Life: Opposing Force?,Adrian Shephard,Gordon Freeman | Alyx Vance | Barney Calhoun,2026-09-10T09:19:58.507989+00:00
Entertainment: Video Games,multiple,easy,What was the name of the cancelled sequel of Team Fortress?,Team Fortress 2: Brotherhood of Arms,Team Fortress 2: Desert Mercenaries | Team Fortress 2: Operation Gear Grinder | Team Fortress 2: Return to Classic,2026-09-10T09:19:58.508007+00:00
Entertainment: Video Games,boolean,easy,Activision created Battlefield 1.,False,True,2026-09-10T09:19:58.508011+00:00
Entertainment: Video Games,multiple,easy,"Which of these is not a wonder weapon in ""Call Of Duty: Zombies""?",R115 Resonator,GKZ-45 Mk3 | Ray Gun | Scavenger,2026-09-10T09:19:58.508024+00:00
Entertainment: Video Games,multiple,easy,Which character was introduced to the Super Smash Bros franchise in Super Smash Bros Melee?,Sheik,Samus | Lucas | Mega Man,2026-09-10T09:19:58.508033+00:00
Entertainment: Video Games,multiple,easy,"Who created the 2011 Video Game ""Minecraft""?",Markus Persson,Jens Bergensten | Daniel Rosenfeld | Carl Manneh,2026-09-10T09:19:58.508047+00:00
Entertainment: Video Games,multiple,easy,Who's the voice actor for Thrall in the Warcraft game series?,Chris Metzen,Ben Affleck | Jason Derulo | Jim Carrey,2026-09-10T09:19:58.508060+00:00
Entertainment: Video Games,multiple,medium,"In which order do you need to hit some Deku Scrubs to open the first boss door in ""Ocarina of Time""?","2, 3, 1","1, 2, 3 | 1, 3, 2 | 2, 1, 3",2026-09-10T09:19:58.508092+00:00
Entertainment: Video Games,boolean,medium,"In ""Deus Ex: Mankind Divided"", Adam Jensen can die from overclocking.",False,True,2026-09-10T09:19:58.508103+00:00
Entertainment: Video Games,multiple,medium,"In the ""Pikmin"" series, what is the only pikmin type to possess visible ears?",Yellow,Red | White | Winged,2026-09-10T09:19:58.508112+00:00
Entertainment: Video Games,multiple,medium,"In ""FTL: Faster Than Light"", how many races are there, including the Lanius?",8,9 | 7 | 10,2026-09-10T09:19:58.508121+00:00
Entertainment: Video Games,multiple,easy,"What is the boss round featured in the ""Call Of Duty: Zombies"" map ""Five""?",The Pentagon Thief,Hellhounds | Jumping Jacks | Napalm Zombie,2026-09-10T09:19:58.508136+00:00
Entertainment: Video Games,multiple,easy,The Touhou Project series of games is often associated with which genre?,Shoot 'em up,Strategy | FPS | Casual,2026-09-10T09:19:58.508144+00:00
Entertainment: Video Games,multiple,hard,"Which Kingdom Hearts game featured the cast of ""The World Ends With You""?",Dream Drop Distance,Birth By Sleep | 365/2 Days | Re:Chain of Memories,2026-09-10T09:19:58.508160+00:00
Entertainment: Video Games,multiple,easy,Which of the following is NOT a Nintendo game console?,Dreamcast,SNES | Wii | Switch,2026-09-10T09:19:58.508166+00:00
Entertainment: Video Games,multiple,medium,Which game is NOT part of the Science Adventure series by 5pb. and Nitroplus?,Occultic; Nine,Steins; Gate | Robotics; Notes | Chaos; Child,2026-09-10T09:19:58.508180+00:00
Entertainment: Video Games,multiple,medium,"In Left 4 Dead, which campaign has the protagonists going through a subway in order to reach a hospital for evacuation?",No Mercy,Subway Sprint | Hospital Havoc | Blood Harvest,2026-09-10T09:19:58.508196+00:00
Entertainment: Video Games,boolean,easy,"In ""Mario Kart 64"", Waluigi is a playable character.",False,True,2026-09-10T09:19:58.508203+00:00
Entertainment: Video Games,boolean,easy,"In ""Need for Speed: Porsche Unleashed"", the player can only drive cars manufactured by Porsche.",True,False,2026-09-10T09:19:58.508210+00:00
Entertainment: Video Games,boolean,easy,"In RuneScape, one must complete the ""Dragon Slayer"" quest before equipping Rune Platelegs.",False,True,2026-09-10T09:19:58.508217+00:00
Entertainment: Video Games,boolean,medium,The game Garry's Mod originally took assets and codes from the popular Half Life 2 mod JBmod.,True,False,2026-09-10T09:19:58.508224+00:00
Entertainment: Video Games,multiple,medium,"In Night In The Woods, what is Mae Borowski mother's name?",Candy,Jenny | Margaret | Kate,2026-09-10T09:19:58.508231+00:00
Entertainment: Video Games,multiple,medium,Danganronpa Another Episode: Ultra Despair Girls is set after which Danganronpa game?,Danganronpa: Trigger Happy Havoc,Danganronpa 2: Goodbye Despair | Danganronpa V3: Killing Harmony | Danganronpa 3: The End of Hope's Peak High School,2026-09-10T09:19:58.508248+00:00
Entertainment: Video Games,multiple,medium,"In Star Wars: Republic Commando (2005), what is the name of the squad that you play as?",Delta Squad,Omega Squad | Echo Squad | Alpha Squad,2026-09-10T09:19:58.508264+00:00
Entertainment: Video Games,multiple,medium,How many stars are there to collect in Super Mario 64?,120,60 | 80 | 100,2026-09-10T09:19:58.508275+00:00
Entertainment: Video Games,boolean,medium,"In the rules of the Danganronpa franchise, it states that a nighttime curfew for certain areas occurs between 12am and 8am.",False,True,2026-09-10T09:19:58.508284+00:00
Entertainment: Video Games,multiple,hard,How many partners can you obtain in Paper Mario: The Thousand-Year Door?,7,6 | 9 | 10,2026-09-10T09:19:58.508291+00:00
Entertainment: Video Games,multiple,medium,Which one of these was not a member of the Fiendish Five in the game Sly Cooper and the Thievius Raccoonus?,Dimitri Lousteau,Mz. Ruby | Muggshot | Clockwerk,2026-09-10T09:19:58.508303+00:00
Entertainment: Video Games,multiple,easy,Which of these is NOT a Humongous Entertainment game franchise?,Commander Keen,Pajama Sam | Putt-Putt | Freddi Fish,2026-09-10T09:19:58.508314+00:00
Entertainment: Video Games,multiple,medium,Which genre is the Touhou Project associated with?,Shoot 'em up (bullet-hell) & Fighting,Turn-Based Strategy | MMORPG | Building ,2026-09-10T09:19:58.508328+00:00
Entertainment: Video Games,boolean,easy,"The name of the main character of the video game ""The Legend of Zelda"", is Zelda.",False,True,2026-09-10T09:19:58.508336+00:00
Entertainment: Video Games,multiple,hard,"In the Nintendo Game Splatoon 2, what is Marina's screen name?",DJ_Hyperfresh,MC.princess | Kidnotsquid123 | I<30ffTh3H00k,2026-09-10T09:19:58.508345+00:00
Entertainment: Video Games,boolean,medium,"In ""Team Fortress 2"", the ""Bill's Hat"" is a reference to the game ""Dota 2"".",False,True,2026-09-10T09:19:58.508353+00:00
Entertainment: Video Games,multiple,medium,How many classes are there in Team Fortress 2?,9,10 | 8 | 7,2026-09-10T09:19:58.508359+00:00
Entertainment: Video Games,multiple,easy,"In the Video Game, Half-life, what type of US military force starts clearing out the Black Mesa Research Facility?",The HECU,Navy Seals | The Combine | The Marines,2026-09-10T09:19:58.508374+00:00
Entertainment: Video Games,boolean,easy,"In Team Fortress 2, being disguised as a scout or medic results in a speed boost.",False,True,2026-09-10T09:19:58.508381+00:00
Entertainment: Video Games,multiple,medium,"In Portal 2, which solar system body did Wheatley end up orbiting?",The moon,Earth | Jupiter | Mars,2026-09-10T09:19:58.508389+00:00
Entertainment: Video Games,multiple,easy,The most graphically violent game to precede the creation of the ESRB (Entertainment Software Rating Board) was...,Mortal Kombat,Duke Nukem | Resident Evil | Doom,2026-09-10T09:19:58.508402+00:00
Entertainment: Video Games,multiple,medium,Which of these characters was NOT planned to be playable for Super Smash Bros. 64?,Peach,Bowser | Mewtwo | King Dedede,2026-09-10T09:19:58.508411+00:00
Entertainment: Video Games,multiple,easy,"In what year was ""Metal Gear Solid"" released in North America?",1998,1987 | 2001 | 2004,2026-09-10T09:19:58.508418+00:00
Entertainment: Video Games,boolean,easy,"The names of Tom Nook's cousins in the Animal Crossing franchise are named ""Timmy"" and ""Jimmy"".",False,True,2026-09-10T09:19:58.508426+00:00
Entertainment: Video Games,multiple,easy,"""Tomb Raider"" icon Lara Croft was originally called...",Laura Cruz,Laura Craft | Laura Croft | Lara Craft,2026-09-10T09:19:58.508439+00:00
Entertainment: Video Games,multiple,easy,What is the protagonist's title given by the demons in DOOM (2016)?,Doom Slayer,Doom Guy | Doom Marine | Doom Reaper,2026-09-10T09:20:04.128101+00:00
Entertainment: Video Games,multiple,easy,"Half-Life by Valve uses the GoldSrc game engine, which is a highly modified version of what engine?",Quake Engine,Doom Engine | id Engine | Source Engine,2026-09-10T09:20:04.128128+00:00
Entertainment: Video Games,multiple,easy,"What was the first video game in the Batman ""Arkham"" series?",Arkham Asylum,Arkham Knight | Arkham City | Arkham Origins,2026-09-10T09:20:04.128142+00:00
Entertainment: Video Games,multiple,hard,"In the Kingdom Hearts series, which is not an optional boss you can fight?",Master Yen Sid,Sephiroth | Julius | Kurt Zisa,2026-09-10T09:20:04.128155+00:00
Entertainment: Video Games,multiple,medium,"What is the name of the only female ""Original Four"" Kerbal in Kerbal Space Program?",Valentina Kerman,Emiko Kerman | Samantha Kerman | Catmund Kerman,2026-09-10T09:20:04.128170+00:00
Entertainment: Video Games,multiple,hard,"In the ""PAYDAY"" series, what is the real name of the character known as ""Dallas""?",Nathan Steele,Nate Siemens | Nick Stamos | Nolan Stuhlinger,2026-09-10T09:20:04.128185+00:00
Entertainment: Video Games,multiple,medium,"In ""Kingdom Hearts"", who abducts Jasmine in the Lamp Chamber?",Riku,Riku Replica | Xaldin | Captain Hook,2026-09-10T09:20:04.128196+00:00
Entertainment: Video Games,multiple,easy,What is the name of the adventurer you meet at the mines in Stardew Valley?,Marlon,Marnie | Morris | Marvin,2026-09-10T09:20:04.128203+00:00
Entertainment: Video Games,multiple,easy,In what city in the dystopia alternate future of Half-Life 2 do you first start in?,City 17,City 18 | City 6 | City 45,2026-09-10T09:20:04.128218+00:00
Entertainment: Video Games,multiple,hard,"Which game in the ""Monster Hunter"" series introduced the ""Insect Glaive"" weapon?",Monster Hunter 4,Monster Hunter Freedom | Monster Hunter Stories | Monster Hunter 2,2026-09-10T09:20:04.128233+00:00
Entertainment: Video Games,boolean,easy,"In the game ""Destiny,"" the three subclasses of the Hunter are Bladedancer, Nightstalker, and Sunsinger.",False,True,2026-09-10T09:20:04.128241+00:00
Entertainment: Video Games,multiple,medium,Which football player is featured on the international cover version of the video game FIFA 16?,Lionel Messi,Cristiano Ronaldo | Wayne Rooney | David Beckham,2026-09-10T09:20:04.128255+00:00
Entertainment: Video Games,multiple,medium,The default playermodel of Garry's Mod is this Half Life 2 character.,Isaac Kleiner,G-Man | Alyx Vance | Gordon Freeman,2026-09-10T09:20:04.128267+00:00
Entertainment: Video Games,multiple,hard,What animal is on Link's pajamas in The Legend of Zelda: The Wind Waker?,Crawfish,Lobster | Salmon | Swordfish,2026-09-10T09:20:04.128275+00:00
Entertainment: Video Games,multiple,medium,"During the events of Half-Life: Opposing Force, what is the age of Adrian Shephard, the protagonist?",22,23 | 21 | 24,2026-09-10T09:20:04.128283+00:00
Entertainment: Video Games,multiple,medium,"In the ""Neptunia"" series which nation does Neptune rule over?",Planeptune,Lastation | Leanbox | Lowee,2026-09-10T09:20:04.128290+00:00
Entertainment: Video Games,multiple,hard,"Given that all party members are maxed, who is the fastest party member in Super Mario RPG: Legend of The Seven Stars?",Geno,Mario | Bowser | Peach,2026-09-10T09:20:04.128300+00:00
Entertainment: Video Games,multiple,easy,"In ""Undertale"", how many main endings are there?",3,2 | 5 | 13,2026-09-10T09:20:04.128307+00:00
Entertainment: Video Games,multiple,easy,Which Kirby game first introduced Copy Abilities?,Kirby's Adventure,Kirby Super Star | Kirby's Dream Land 2 | Kirby's Dream Land,2026-09-10T09:20:04.128321+00:00
Entertainment: Video Games,multiple,hard,"In ""Call Of Duty: Zombies"", what does the game traditionally reward you for completing a boss round?",Max Ammo,A Pack-A-Punched gun | Death Machine | Monkey Bombs,2026-09-10T09:20:04.128337+00:00
Entertainment: Video Games,multiple,easy,"In Rust, how many Timed Explosive Charges does it take to destroy a Ladder Hatch?",1,3 | 2 | 5,2026-09-10T09:20:04.128345+00:00
Entertainment: Video Games,multiple,easy,"Which of these is NOT a main playable character in ""Grand Theft Auto V""?",Lamar,Trevor | Michael | Franklin,2026-09-10T09:20:04.128352+00:00
Entertainment: Video Games,multiple,medium,"In Need for Speed: Underground, what car does Eddie drive?",Nissan Skyline GT-R (R34),Mazda RX-7 FD3S | Acura Integra Type R | Subaru Impreza 2.5 RS,2026-09-10T09:20:04.128367+00:00
Entertainment: Video Games,boolean,medium,"In career mode of ""Need for Speed: Underground 2"", the first car the player can drive is the BMW M3 GTR.",False,True,2026-09-10T09:20:04.128376+00:00
Entertainment: Video Games,multiple,easy,"Who is the main character in ""The Stanley Parable""?",Stanley,The Adventure Line | The Narrator | The Boss,2026-09-10T09:20:04.128387+00:00
Entertainment: Video Games,multiple,easy,"Which character in Undertale tells you that you're ""gonna have a bad time""?",Sans,Undyne | Asgore | Asriel Dreemurr,2026-09-10T09:20:04.128396+00:00
Entertainment: Video Games,multiple,medium,"According to Overwatch's lore, who was once a member of the Deadlock Gang?",McCree,Roadhog | Soldier 76 | Junkrat,2026-09-10T09:20:04.128405+00:00
Entertainment: Video Games,multiple,hard,"What vault in the video game ""Fallout 3"" is the home of multiple clones named Gary?",Vault 108,Vault 101 | Vault 87 | Vault 21,2026-09-10T09:20:04.128418+00:00
Entertainment: Video Games,multiple,easy,How many differently shaped Tetris pieces are there?,7,5 | 6 | 8,2026-09-10T09:20:04.128424+00:00
Entertainment: Video Games,multiple,easy,In which year was League of Legends released?,2009,2010 | 2003 | 2001,2026-09-10T09:20:04.128430+00:00
Entertainment: Video Games,boolean,medium,"In ""League of Legends"", there exists four different types of Dragon.",False,True,2026-09-10T09:20:04.128441+00:00
Entertainment: Video Games,multiple,easy,"Which ""Fallout: New Vegas"" quest is NOT named after a real-life song?",They Went That-a-Way,Come Fly With Me | Ain't That a Kick in the Head | Ring-a-Ding Ding,2026-09-10T09:20:04.128457+00:00
Entertainment: Video Games,multiple,medium,"Which of these ""Worms"" games featured 3D gameplay?",Worms 4: Mayhem,Worms W.M.D | Worms Reloaded | Worms: Open Warfare 2,2026-09-10T09:20:04.128470+00:00
Entertainment: Video Games,boolean,hard,"TF2: Sentry rocket damage falloff is calculated based on the distance between the sentry and the enemy, not the engineer and the enemy",False,True,2026-09-10T09:20:04.128479+00:00
Entertainment: Video Games,multiple,easy,"In the video game Overwatch, which playable character is infamous for saying ""It's high noon.""?",McCree,Hanzo | Pharah | Soldier: 76,2026-09-10T09:20:04.128489+00:00
Entertainment: Video Games,multiple,easy,"Which of the following Pokemon Types was present in the original games, Red and Blue?",Ice,Steel | Dark | Fairy,2026-09-10T09:20:04.128496+00:00
Entertainment: Video Games,multiple,easy,"Which franchise was NOT featured in the 2015 video game ""Lego Dimensions""?",Breaking Bad,Portal | Doctor Who | Back to the Future,2026-09-10T09:20:04.128508+00:00
Entertainment: Video Games,multiple,easy,"What is the name of the world that the MMO ""RuneScape"" takes place in?",Gielinor,Glindor | Azeroth | Zaros,2026-09-10T09:20:04.128516+00:00
Entertainment: Video Games,multiple,medium,What level do you have to be to get a service medal on CS:GO?,40,50 | 30 | 20,2026-09-10T09:20:04.128523+00:00
Entertainment: Video Games,boolean,easy,Codemasters is the developer of the Gran Turismo series.,False,True,2026-09-10T09:20:04.128528+00:00
Entertainment: Video Games,multiple,medium,Which of the following is a character in the video game Destiny?,Cayde-6,Ostrava of Boletaria | Mordecai the Hunter | Leon S. Kennedy,2026-09-10T09:20:04.128540+00:00
Entertainment: Video Games,multiple,hard,"In the game Danganronpa: Happy Trigger Havoc, the character Aoi Asahina's ultimate ability is what?",Ultimate Swimmer,Ultimate Detective | Ultimate Gambler | Ultimate Dancer,2026-09-10T09:20:04.128555+00:00
Entertainment: Video Games,multiple,hard,What is the name of your team in Star Wars: Republic Commando?,Delta Squad,The Commandos | Bravo Six | Vader's Fist,2026-09-10T09:20:04.128568+00:00
Entertainment: Video Games,boolean,easy,"The main playable character of the 2015 RPG ""Undertale"" is a monster.",False,True,2026-09-10T09:20:04.128574+00:00
Entertainment: Video Games,boolean,medium,"In ""Mother 3,"" the bird on the Ultimate Chimera's head is there only for decoration.",False,True,2026-09-10T09:20:04.128582+00:00
Entertainment: Video Games,multiple,hard,"In the ""Call Of Duty: Zombies"" map ""Origins"", where is ""Stamin-Up"" located?",Generator 5,Generator 3 | Generator 4 | Excavation Site,2026-09-10T09:20:04.128596+00:00
Entertainment: Video Games,boolean,easy,"In 2019, Minecraft outsold Tetris to become the world's best-selling video game.",True,False,2026-09-10T09:20:04.128603+00:00
Entertainment: Video Games,boolean,medium,"In Portal, the Companion Cube's ARE sentient.",True,False,2026-09-10T09:20:04.128608+00:00
Entertainment: Video Games,multiple,easy,"In the fighting game ""Skullgirls,"" which character utilizes a folding chair called the ""Hurting"" as a weapon?",Beowulf,Big Band | Squigly | Cerebella,2026-09-10T09:20:04.128618+00:00
Entertainment: Video Games,multiple,medium,"Which of these characters does not appear in ""Nier: Automata""?",A1,A2 | 9S | 2B,2026-09-10T09:20:04.128625+00:00
Entertainment: Video Games,multiple,medium,"In the game Tom Clancy's Rainbow 6 Siege, what organization is Valkyrie from?",Navy Seals,S.A.S | G.I.G.N | F.B.I,2026-09-10T09:20:09.746593+00:00
Entertainment: Video Games,multiple,hard,"Which artist composed the original soundtrack for ""Watch Dogs 2""?",Hudson Mohawke,Rustie | Machinedrum | Flying Lotus,2026-09-10T09:20:09.746614+00:00
Entertainment: Video Games,boolean,medium,DragonForce's 'Through the Fire and Flames' is widely considered to be the hardest song in the Guitar Hero series.,True,False,2026-09-10T09:20:09.746624+00:00
Entertainment: Video Games,multiple,medium,"In Call Of Duty: Black Ops II, who is the main antagonist?",Raul Menéndez ,Vladimir Makarov  | Frank Woods | DeFalco,2026-09-10T09:20:09.746638+00:00
Entertainment: Video Games,multiple,medium,"In ""Overwatch"", Coalescence is the name for the ultimate of which hero?",Moira,Zenyatta | Torbjorn | Symmetra,2026-09-10T09:20:09.746646+00:00
Entertainment: Video Games,multiple,medium,"In the game Silent Hill 2, who was James Sunderland's late wife?",Mary,Maria | Angela | Laura,2026-09-10T09:20:09.746653+00:00
Entertainment: Video Games,boolean,easy,"""Metal Gear Solid 3: Snake Eater"" was released in 2004.",True,False,2026-09-10T09:20:09.746660+00:00
Entertainment: Video Games,multiple,medium,What is the name the location-based augmented reality game developed by Niantic before Pokémon GO?,Ingress,Aggress | Regress | Digress,2026-09-10T09:20:09.746668+00:00
Entertainment: Video Games,multiple,medium,"Which company made the Japanese RPG ""Dragon Quest""?",Square Enix,Capcom | Konami | Blizzard,2026-09-10T09:20:09.746676+00:00
Entertainment: Video Games,multiple,medium,Which of these characters is NOT a boss in Crash Bash?,Ripper Roo,Papu Papu | Komodo brothers | Nitros Oxide,2026-09-10T09:20:09.746690+00:00
Entertainment: Video Games,boolean,medium,"The edutainment video game series character, Carmen Sandiego, is partially named after Brazilian actress, Carmen Miranda.",True,False,2026-09-10T09:20:09.746698+00:00
Entertainment: Video Games,multiple,easy,How many flagship monsters appear in Monster Hunter Gernerations?,4,1 | 2 | 3,2026-09-10T09:20:09.746705+00:00
Entertainment: Video Games,multiple,easy,Who is the leader of Team Mystic in Pokémon Go?,Blanche,Candela | Spark | Willow,2026-09-10T09:20:09.746713+00:00
Entertainment: Video Games,boolean,easy,Deus Ex (2000) does not feature the World Trade Center because it was destroyed by terrorist attacks according to the game's plot.,True,False,2026-09-10T09:20:09.746722+00:00
Entertainment: Video Games,multiple,easy,Which psychopath(s) in Dead Rising 1 gave you the small chainsaw?,Adam the Clown,Cliff Hudson | The convicts | Larry the butcher,2026-09-10T09:20:09.746736+00:00
Entertainment: Video Games,multiple,medium,"In Skylanders Giants, why was Zaps' Wow Pow named ""For Riley"" ?",As a tribute to a fan who passed away,As a reference to a film | After one of the writers of the game | After a voice actor,2026-09-10T09:20:09.746755+00:00
Entertainment: Video Games,multiple,hard,What was the name of Sonic the Hedgehog's original human girlfriend?,Madonna,Celeste | Sierra | Nina,2026-09-10T09:20:09.746762+00:00
Entertainment: Video Games,multiple,easy,"Which Sonic the Hedgehog game was originally supposed to be packaged with Sonic 3, but was cut in half due to time constraints?",Sonic & Knuckles,Sonic 2 | Sonic CD | Sonic 3D Blast,2026-09-10T09:20:09.746780+00:00
Entertainment: Video Games,multiple,medium,When was Club Penguin launched?,"October 24, 2005","October 21, 2005 | March 29, 2006 | November 22, 2004",2026-09-10T09:20:09.746794+00:00
Entertainment: Video Games,multiple,medium,"In Splatoon, what is the age that inklings can freely change between squid and humanoid forms?",14,13 | 16 | 10,2026-09-10T09:20:09.746801+00:00
Entertainment: Video Games,multiple,easy,"What were the first two blocks in ""Minecraft""?",Grass and Cobblestone,Grass and Stone | Crafting Table and Cobblestone | Cobblestone and Stone,2026-09-10T09:20:09.746815+00:00
Entertainment: Video Games,boolean,medium,A cancelled Call Of Duty title would have taken place in ancient Rome.,True,False,2026-09-10T09:20:09.746822+00:00
Entertainment: Video Games,multiple,easy,"Who created the ""Metal Gear"" Series?",Hideo Kojima,Hiroshi Yamauchi | Shigeru Miyamoto | Gunpei Yokoi,2026-09-10T09:20:09.746834+00:00
Entertainment: Video Games,multiple,medium,Which city hosted the CS:GO Dreamhack Open 2015?,Cluj-Napoca,Cologne | Atlanta | London,2026-09-10T09:20:09.746841+00:00
Entertainment: Video Games,multiple,hard,"In Super Smash Bros. for Nintendo 3DS and Nintendo Wii U, who was the sixth fighter to be added to the game post-launch?",Corrin,Cloud | Bayonnetta | Ryu,2026-09-10T09:20:09.746850+00:00
Entertainment: Video Games,multiple,medium,Marvel vs Capcom 2: New age of Heroes was released in what year?,2000,2001 | 2003 | 1998,2026-09-10T09:20:09.746870+00:00
Entertainment: Video Games,multiple,medium,What was the name of the first MMORPG to popularize the genre?,Ultima Online,World of Warcraft | Meridian 59 | Guild Wars,2026-09-10T09:20:09.746895+00:00
Entertainment: Video Games,multiple,easy,"What's the name of the main protagonist in the ""Legend of Zelda"" franchise?",Link,Mario | Zelda | Pit,2026-09-10T09:20:09.746904+00:00
Entertainment: Video Games,multiple,medium,Which of the following is NOT an official game in Nintendo's Super Smash Bros. series?,Super Smash Bros. Crusade,Super Smash Bros. Melee | Super Smash Bros. Brawl | Super Smash Bros. for Nintendo 3DS and Wii U,2026-09-10T09:20:09.746921+00:00
Entertainment: Video Games,multiple,easy,Which Elite Four member from the first generation of Pokémon became the champion in the next generation?,Lance,Agatha | Bruno | Lorelei,2026-09-10T09:20:09.746930+00:00
Entertainment: Video Games,boolean,medium,"In Riot Games ""League of Legends"" the name of Halloween event is called ""The Reckoning"".",False,True,2026-09-10T09:20:09.746937+00:00
Entertainment: Video Games,multiple,medium,"Who is the main character of the game series ""Ace Attorney"" ?",Phoenix Wright,Winston Payne | Dahlia Hawthorne  | Ash Ketchum,2026-09-10T09:20:09.746952+00:00
Entertainment: Video Games,multiple,easy,"In the video game franchise ""Halo"", what is the UNSC's main opposing faction called?",The Covenant,The Reckoning | The Peoples | The Slaughterers,2026-09-10T09:20:09.746966+00:00
Entertainment: Video Games,multiple,medium,"What is the main character's name in ""Braid""?",Tim,Boregard | James | Jackson,2026-09-10T09:20:09.746972+00:00
Entertainment: Video Games,multiple,hard,"In the alternate timeline in Mortal Kombat, which character was the one to slaughter the Shirai Ryu clan?",Quan Chi,Sub-Zero | Sektor | Shang Tsung,2026-09-10T09:20:09.746983+00:00
Entertainment: Video Games,multiple,hard,The creation of the  Entertainment Software Ratings Board (ESRB) is often associated with Mortal Kombat and what FMV video game?,Night Trap,Sewer Shark | The Daedalus Encounter | Corpse Killer,2026-09-10T09:20:09.746999+00:00
Entertainment: Video Games,boolean,medium,Pistons were added to Minecraft in Beta 1.5.,False,True,2026-09-10T09:20:09.747004+00:00
Entertainment: Video Games,boolean,easy,The PlayStation was originally a joint project between Sega and Sony that was a Sega Genesis with a disc drive.,False,True,2026-09-10T09:20:09.747011+00:00
Entertainment: Video Games,multiple,medium,"Excluding their instructor, how many members of Class VII are there in the game ""Legend of Heroes: Trails of Cold Steel""?",9,6 | 10 | 3,2026-09-10T09:20:09.747021+00:00
Entertainment: Video Games,multiple,hard,What is the name of the main character in the video game VA-11 HALL-A: Cyberpunk Bartender Action?,Jill,Dana | Alma | Anna,2026-09-10T09:20:09.747029+00:00
Entertainment: Video Games,boolean,medium,The character that would eventually become Dr. Eggman was considered for the role of Sega's new flagship mascot before Sonic was.,True,False,2026-09-10T09:20:09.747037+00:00
Entertainment: Video Games,multiple,medium,"What engine did the original ""Half-Life"" run on?",GoldSrc,Source | Quake | Unreal,2026-09-10T09:20:09.747044+00:00
Entertainment: Video Games,multiple,medium,What is not a default game mode in Counter-Strike (2000)?,Arms Race,Hostage Rescue | Bomb Defusal | Assassination,2026-09-10T09:20:09.747055+00:00
Entertainment: Video Games,boolean,medium,Resident Evil 4 was originally meant to be a Nintendo GameCube exclusive.,True,False,2026-09-10T09:20:09.747061+00:00
Entertainment: Video Games,multiple,medium,"Of the following space shooter games, which came out first?",Space Invaders,Galaxian | Galaga | Sinistar,2026-09-10T09:20:09.747069+00:00
Entertainment: Video Games,boolean,medium,"In the game ""Subnautica"", a ""Cave Crawler"" will attack you.",True,False,2026-09-10T09:20:09.747075+00:00
Entertainment: Video Games,multiple,medium,"In ""World of Warcraft,"" what dragon appears in the human guise of Lord Victor Nefarius?",Nefarian,Nefarius | Neltharion | Nefaran,2026-09-10T09:20:09.747083+00:00
Entertainment: Video Games,multiple,medium,"Who voices the infamous Citadel Station A.I known as S.H.O.D.A.N, in the System Shock games?",Terri Brosius, Jennifer Hale | Jenn Taylor | Lori Alan,2026-09-10T09:20:09.747097+00:00
Entertainment: Video Games,multiple,easy,"Which of these levels does NOT appear in the console/PC versions of the game ""Sonic Generations""?",Mushroom Hill,City Escape | Planet Wisp | Sky Sanctuary,2026-09-10T09:20:09.747112+00:00
Entertainment: Video Games,multiple,medium,Which of the following created and directed the Katamari Damacy series?,Keita Takahashi,Hideki Kamiya | Shu Takumi | Shinji Mikami,2026-09-10T09:20:09.747124+00:00
Entertainment: Video Games,multiple,medium, Which of these champions from the MOBA 'League of Legends' is NOT a Yordle?,Annie,Veigar | Tristana | Lulu,2026-09-10T09:20:15.334117+00:00
Entertainment: Video Games,multiple,medium,Who created the Final Fantasy series developed by Square Enix?,Hironobu Sakaguchi,Yuji Horii | Akira Toriyama | Tetsuya Nomura,2026-09-10T09:20:15.334143+00:00
Entertainment: Video Games,multiple,easy,"In ""Yo! Noid 2,"" The Noid can perform what special move?",Dab,Pizza Throw | Dodge Roll | Spin Dash,2026-09-10T09:20:15.334157+00:00
Entertainment: Video Games,multiple,easy,"In World of Warcraft's Mists of Pandaria expansion, What was the level cap?",90,85 | 80 | 75,2026-09-10T09:20:15.334165+00:00
Entertainment: Video Games,multiple,easy,"In Animal Crossing, who is the manager of the town shop?",Tom Nook,Mr. Resetti | Gracie | K.K. Slider,2026-09-10T09:20:15.334177+00:00
Entertainment: Video Games,multiple,medium,"In Left 4 Dead, what is the name of the Special Infected that is unplayable in Versus mode?",The Witch,The Tank | The Smoker | The Spitter,2026-09-10T09:20:15.334193+00:00
Entertainment: Video Games,multiple,medium,Which Sonic the Hedgehog game introudced Knuckles the Echidna?,Sonic the Hedgehog 3,Sonic the Hedgehog 2 | Sonic & Knuckles | Sonic Adventure,2026-09-10T09:20:15.334210+00:00
Entertainment: Video Games,multiple,medium,"Which of these operators from ""Tom Clancy's Rainbow Six Siege"" has the ability to damage reinforced walls?","Jordan ""Thermite"" Trace","Eliza ""Ash"" Cohen | Seamus ""Sledge"" Cowden | Dominic ""Bandit"" Brunsmeier",2026-09-10T09:20:15.334246+00:00
Entertainment: Video Games,multiple,easy,Which member of the Velvet Room is not a playable character in Persona 4 Arena Ultimax?,Theodore,Elizabeth | Margaret | Marie,2026-09-10T09:20:15.334259+00:00
Entertainment: Video Games,multiple,medium,Which video game company developed the 2019 game Rage 2?,Avalanche Studios,Bethesda Game Studios | Infinity Ward | Gearbox Software,2026-09-10T09:20:15.334277+00:00
Entertainment: Video Games,multiple,medium,"In what Half-Life expansion can you find Gordon's picture in an ""Employee of the Month"" picture frame?",Half-Life: Opposing Force,Half-Life: Blue Shift | Half-Life: Decay | They Hunger,2026-09-10T09:20:15.334296+00:00
Entertainment: Video Games,multiple,easy,"In ""PUBATTLEGROUNDS"" which ammo type does the M24 use?",7.62mm,5.56mm | 9mm | .300 Magnum,2026-09-10T09:20:15.334304+00:00
Entertainment: Video Games,multiple,easy,What color is the iconic arcade character Q*Bert?,Orange,Blue | Green | Brown,2026-09-10T09:20:15.334311+00:00
Entertainment: Video Games,multiple,medium,Which was the first video game to be produced by development company Rare?,Slalom,R.C. Pro-Am | Donkey Kong Country | Battletoads,2026-09-10T09:20:15.334322+00:00
Entertainment: Video Games,multiple,hard,"In the Half-Life mod ""Afraid of Monsters"" what was the name of the main protagonist?",David Leatherhoff,Daniel Featherhoff | Damon Weatherhoff | Damien Teatherhoff,2026-09-10T09:20:15.334336+00:00
Entertainment: Video Games,multiple,medium,"In Forza Motorsport 6, which of these track-exclusive cars was NOT featured in the game, either originally with the game or added as DLC?",Aston Martin Vulcan,Ferrari FXX-K | McLaren P1 GTR | Lotus E23,2026-09-10T09:20:15.334354+00:00
Entertainment: Video Games,multiple,medium,Which of these Fortnite emotes does NOT involve a sport in some way?,Freestylin',Red Card | Kick Ups | Baller,2026-09-10T09:20:15.334371+00:00
Entertainment: Video Games,multiple,medium,"In the game ""Red Dead Redemption"", what is the name of John Marston's dog?",Rufus,Rutus | Finn | Apollo,2026-09-10T09:20:15.334380+00:00
Entertainment: Video Games,multiple,medium,"Which puzzle game was designed by a Russian programmer, featuring Russian buildings and music?",Tetris,Jenga | Boulder Dash | Puzzled,2026-09-10T09:20:15.334390+00:00
Entertainment: Video Games,multiple,medium,How many Wii consoles were sold worldwide?,"101,630,000","67,000,000 | 148,000,000 | 80,000,000",2026-09-10T09:20:15.334403+00:00
Entertainment: Video Games,boolean,medium,Metal Gear Solid V: The Phantom Pain runs on the Fox Engine.,True,False,2026-09-10T09:20:15.334411+00:00
Entertainment: Video Games,boolean,easy,"In Splatoon, the Squid Sisters are named Tako and Yaki.",False,True,2026-09-10T09:20:15.334418+00:00
Entertainment: Video Games,multiple,medium,"Which of these weapons is NOT available to the Terrorist team in the game, ""Counter-Strike: Global Offensive""?",SCAR-20,SG 550 | CZ-75 | XM1014,2026-09-10T09:20:15.334428+00:00
Entertainment: Video Games,multiple,hard,Which was the first M-rated video game developed by Squaresoft/Square Enix?,Parasite Eve,Final Fantasy VIII | Front Mission | Vagrant Story,2026-09-10T09:20:15.334442+00:00
Entertainment: Video Games,boolean,hard,"In Undertale, having a ""Fun Value"" set to 56-57 will play the ""Wrong Number Song Call"".",False,True,2026-09-10T09:20:15.334450+00:00
Entertainment: Video Games,multiple,hard,Which of these weapon classes DO NOT appear in the first Monster Hunter game?,Bow ,Hammer | Heavy Bowgun | Light Bowgun,2026-09-10T09:20:15.334462+00:00
Entertainment: Video Games,boolean,hard,"In ""The Sims"" series, the most members in a household you can have is 8.",True,False,2026-09-10T09:20:15.334470+00:00
Entertainment: Video Games,multiple,medium,What CS:GO case contains the Butterfly Knife?,Breakout Case,Shadow Case | Vanguard Case | Esports 2014 Case,2026-09-10T09:20:15.334484+00:00
Entertainment: Video Games,multiple,hard,"In Rainbow 6 Siege, what is Ela and Zofia's last name?",Bosak,Kessikbayev | Zenaviev | Melnikova,2026-09-10T09:20:15.334491+00:00
Entertainment: Video Games,multiple,medium,When was Final Fantasy XV released?,"November 29th, 2016","October 25th, 2016 | December 31th, 2016 | November 30th, 2016",2026-09-10T09:20:15.334504+00:00
Entertainment: Video Games,multiple,easy,"In the survival horror game, ""Cry of Fear,"" what was the name of Simon's close friend/potential love interest?",Sophie,Olivia | Jessica | Alice,2026-09-10T09:20:15.334513+00:00
Entertainment: Video Games,multiple,easy,"Which popular First Person Shooter (FPS) franchise, got a Real Time Strategy (RTS) game developed based on its universe?",Halo,Battlefield | Call of Duty | Borderlands,2026-09-10T09:20:15.334524+00:00
Entertainment: Video Games,multiple,hard,"The map featured in Arma 3 named ""Altis"" is based off of what Greek island?",Lemnos,Ithaca | Naxos | Anafi,2026-09-10T09:20:15.334532+00:00
Entertainment: Video Games,multiple,medium,One of the early prototypes of the Sega Dreamcast controller resembled which of the following?,Television Remote,Tablet | Hairdryer | Flip Phone,2026-09-10T09:20:15.334543+00:00
Entertainment: Video Games,multiple,medium,"Sean Bean voices the character of ""Martin Septim"" in which Elder Scrolls game?",The Elder Scrolls IV: Oblivion,The Elder Scrolls V: Skyrim | The Elder Scrolls III: Morrowind  | The Elder Scrolls Online,2026-09-10T09:20:15.334560+00:00
Entertainment: Video Games,multiple,medium,"In Dead by Daylight, which killer perk applies the mangled effect?",Sloppy Butcher,Knock Out | Thanatophobia | Enduring,2026-09-10T09:20:15.334571+00:00
Entertainment: Video Games,multiple,medium,The creator of the Touhou Project series is:,ZUN,SUN | RUN | PUN,2026-09-10T09:20:15.334577+00:00
Entertainment: Video Games,boolean,medium,POLYBIUS is a myth arcade cabinet/game,True,False,2026-09-10T09:20:15.334582+00:00
Entertainment: Video Games,multiple,easy,"Which Pokémon can learn the move ""Secret Power"" by leveling up?",Audino,Type:Null | Arceus | Silvally,2026-09-10T09:20:15.334592+00:00
Entertainment: Video Games,boolean,easy,"The main character in the ""Half-Life"" franchise is named Morgan Freeman.",False,True,2026-09-10T09:20:15.334598+00:00
Entertainment: Video Games,boolean,medium,"The Fiat Multipla is a drivable car in ""Forza Horizon 3"".",False,True,2026-09-10T09:20:15.334604+00:00
Entertainment: Video Games,multiple,easy,"In Pokemon, the ability Wonder Guard is exclusive to which Pokemon? ",Shedinja ,Sableye | Spiritomb | Silvally ,2026-09-10T09:20:15.334614+00:00
Entertainment: Video Games,multiple,medium,"In ""Call Of Duty: Zombies"", which map features the ""Fly Trap"" easter egg?",Der Riese,Tranzit | Call Of The Dead | Shi No Numa,2026-09-10T09:20:15.334628+00:00
Entertainment: Video Games,multiple,medium,"Which of these symbols can be seen on the shirt of the 1993 video game character, Bubsy T. Bobcat?",An exclamation point,A question mark | The letter B | Nothing,2026-09-10T09:20:15.334642+00:00
Entertainment: Video Games,multiple,medium,Who is the English voice actor for Sora from the Kingdom Hearts series?,Haley Joel Osment,Kōki Uchiyama | Jesse McCartney | Miyu Irino,2026-09-10T09:20:15.334657+00:00
Entertainment: Video Games,boolean,hard,"The names of Roxas's Keyblades in Kingdom Hearts are ""Oathkeeper"" and ""Oblivion"".",True,False,2026-09-10T09:20:15.334665+00:00
Entertainment: Video Games,boolean,medium,"The Ace Attorney trilogy was suppose to end with ""Phoenix Wright: Ace Attorney − Trials and Tribulations"" as its final game.",True,False,2026-09-10T09:20:15.334674+00:00
Entertainment: Video Games,multiple,easy,"Which of the following names is the ""Mega Man"" Franchise known as in Japan?",Rockman,Paperman | Scissorsman | Mega Man,2026-09-10T09:20:15.334684+00:00
Entertainment: Video Games,multiple,medium,"In Call of Duty: Modern Warfare 2, how many consecutive kills does it require to earn the ""Tactical Nuke"" killstreak?",25,20 | 30 | 35,2026-09-10T09:20:15.334693+00:00
Entertainment: Video Games,multiple,medium,"In the game ""Persona 4"", what is the canonical name of the protagonist?",Yu Narukami,Chino Mashido | Tunki Sunada | Masaki Narinaka,2026-09-10T09:20:15.334707+00:00
Entertainment: Video Games,boolean,medium,Tony Hawk's Pro Skater was released in 1999.,True,False,2026-09-10T09:20:20.899216+00:00
Entertainment: Video Games,multiple,easy,"Before it's redesign of the company logo in the year 2000, which 3D shape is NOT represented in the Electronic Arts logo?",Cylinder,Pyramid | Cube | Sphere,2026-09-10T09:20:20.899240+00:00
Entertainment: Video Games,multiple,medium,Which game was the first time Mario was voiced by Charles Martinet?,Mario's Game Gallery,Super Mario 64 | Mario Tennis | Dr. Mario 64,2026-09-10T09:20:20.899258+00:00
Entertainment: Video Games,multiple,easy,"What year was the game ""Overwatch"" revealed?",2014,2015 | 2011 | 2008,2026-09-10T09:20:20.899265+00:00
Entertainment: Video Games,multiple,hard,What Pokémon's Base Stat Total does not change when it evolves?,Scyther,Pikachu | Sneasel | Larvesta,2026-09-10T09:20:20.899274+00:00
Entertainment: Video Games,multiple,medium,"In the co-op shooter Payday 2, which contact helps you break out Hoxton?",The Dentist,Vlad | The Elephant | The Butcher,2026-09-10T09:20:20.899287+00:00
Entertainment: Video Games,multiple,hard,The voice actor for which Portal 2 character was not a TV or film actor prior to the game?,GLaDOS,Cave Johnson | Wheatley | Atlas / P-Body,2026-09-10T09:20:20.899300+00:00
Entertainment: Video Games,multiple,medium,Mirror's Edge Catalyst takes place in the City of...?,Glass,Mirrors | Purity | Diamonds,2026-09-10T09:20:20.899307+00:00
Entertainment: Video Games,multiple,medium,"In which location does Dark Sun Gwyndolin reside in ""Dark Souls""?",Anor Londo,Firelink Shrine | Blighttown | Kiln of the first flame,2026-09-10T09:20:20.899320+00:00
Entertainment: Video Games,multiple,hard,"Which occupation did John Tanner, the main protagonist for Driver and Driver 2, had before turning into an undercover cop?",Racing Driver,Taxi Driver | Delivery Driver | Getaway Driver,2026-09-10T09:20:20.899336+00:00
Entertainment: Video Games,multiple,easy,How do you tame a horse in Minecraft?,By continually mounting it,By feeding it Wheat | By feeding it Sugar | By petting it,2026-09-10T09:20:20.899350+00:00
Entertainment: Video Games,multiple,medium,"In the game series ""The Legend of Zelda"", what was the first 3D game?",Ocarina of Time,Majora's Mask | A Link to the Past | The Wind Waker,2026-09-10T09:20:20.899366+00:00
Entertainment: Video Games,multiple,easy,"Which of the following is a class in the game ""Hearthstone""?",Priest,Sage | Cleric | Monk,2026-09-10T09:20:20.899373+00:00
Entertainment: Video Games,multiple,medium,"In the Super Smash Bros. series, which game first featured Luigi as a playable character?",Super Smash Bros.,Super Smash Bros. Melee | Super Smash Bros. Brawl | Super Smash Bros. for Wii U,2026-09-10T09:20:20.899389+00:00
Entertainment: Video Games,multiple,medium,"In the MMO RPG ""Realm of the Mad God"", what class is known for having the highest possible defense?",The Knight,The Wizard | The Archer | The Warrior,2026-09-10T09:20:20.899423+00:00
Entertainment: Video Games,multiple,medium,Who are the two protagonists of the game Yakuza 0?,Kazuma Kiryu and Goro Majima,Shintaro Kazama and Kazuma Kiryu | Keiji Shibusawa and Daisaku Kuze | Akira Nishikiyama and Tetsu Tachibana,2026-09-10T09:20:20.899443+00:00
Entertainment: Video Games,multiple,easy,"What power does Max Caulfield from ""Life is Strange"" have?",Rewinding Time,Invisibility | Telepathy | Super Strength,2026-09-10T09:20:20.899454+00:00
Entertainment: Video Games,boolean,hard,"In The Witcher 3, the Zoltan Chivay Gwent card can be found under the Hanged Man's Tree.",True,False,2026-09-10T09:20:20.899463+00:00
Entertainment: Video Games,multiple,medium,What is the name of the protagonist of Life Is Strange?,Max Caulfield,Frank Bowers | Rachel Amber | Kate Marsh,2026-09-10T09:20:20.899476+00:00
Entertainment: Video Games,multiple,easy,Who is the main villain in Bendy and the ink machine?,Bendy,Joey Drew | Alice | Boris,2026-09-10T09:20:20.899485+00:00
Entertainment: Video Games,boolean,easy,"Faust is a playable character in ""Guilty Gear Xrd Revelator"".",True,False,2026-09-10T09:20:20.899496+00:00
Entertainment: Video Games,boolean,easy,"Big the Cat is a playable character in ""Sonic Generations"".",False,True,2026-09-10T09:20:20.899502+00:00
Entertainment: Video Games,multiple,medium,What is the punishment for playing Postal 2 in New Zealand?,"10 years in prison and a fine of $50,000","Fine of $5,000 | Nothing | 15 years in prison and a fine of $10,000",2026-09-10T09:20:20.899518+00:00
Entertainment: Video Games,multiple,hard,"In Disney's ""Toontown Online"", which of these species wasn't available as a Toon?",Cow,Monkey | Bear | Pig,2026-09-10T09:20:20.899526+00:00
Entertainment: Video Games,multiple,medium,"In Monster Hunter Generations, which of the following monsters are a part of the ""Fated Four""?",Astalos,Gore Magala | Malfestio | Arzuros,2026-09-10T09:20:20.899536+00:00
Entertainment: Video Games,multiple,easy,Which of these is NOT a playable character in the 2016 video game Overwatch?,Invoker,Mercy | Winston | Zenyatta,2026-09-10T09:20:20.899543+00:00
Entertainment: Video Games,multiple,hard,"In the ""Devil May Cry"" franchise, which game is chronologically first?",Devil May Cry 3: Dante's Awakening ,Devil May Cry 4 | Devil May Cry | Devil May Cry 2,2026-09-10T09:20:20.899559+00:00
Entertainment: Video Games,multiple,hard,What was the nickname of the original model for Half-Life's protagonist Gordon Freeman?,Ivan the Space Biker,Gordon the Space Biker | Ivan the Alien Biker | Gordon the Alien Biker,2026-09-10T09:20:20.899574+00:00
Entertainment: Video Games,multiple,hard,"In Animal Crossing: New Leaf, which of these paintings from Redd's Art Gallery is always genuine?",Warm Painting,Jolly Painting | Neutral Painting | Wistful Painting,2026-09-10T09:20:20.899632+00:00
Entertainment: Video Games,multiple,hard,"In Monster Hunter Generations, which of these hunter arts are exclusive to the Longsword?",Unhinged Spirit,Shoryugeki | Provoke | Demon Riot,2026-09-10T09:20:20.899645+00:00
Entertainment: Video Games,multiple,medium,What is the name of the island introduced in the ARMA III: APEX expansion pack?,Tanoa,Altis | Stratis | Malden,2026-09-10T09:20:20.899653+00:00
Entertainment: Video Games,multiple,medium,"Which weapon that was cut from the game ""Half Life 2"" was going to replace the crowbar?",Ice Axe,Fire Axe | Wrench | Hunting Knife,2026-09-10T09:20:20.899666+00:00
Entertainment: Video Games,multiple,medium,What character is NOT apart of the Grand Theft Auto series?,Michael Cardenas,Packie McReary | Tommy Vercetti | Lester Crest,2026-09-10T09:20:20.899679+00:00
Entertainment: Video Games,multiple,hard,How many copies of the notorious E.T. game for the Atari 2600 did Atari end up selling?,1.5 Million,1 Million | 250 Thousand | Less than 250 Thousand,2026-09-10T09:20:20.899694+00:00
Entertainment: Video Games,multiple,easy,"In ""Overwatch"", what is the name of the company that made D.Va's mech?",MEKA,MI8 | KPAMC | JSAMB,2026-09-10T09:20:20.899702+00:00
Entertainment: Video Games,multiple,hard,"Which is the model number of the common laser rifle found in Fallout 3, Fallout: New Vegas, and Fallout 4?",AER9,AER10 | AER12 | AER14,2026-09-10T09:20:20.899711+00:00
Entertainment: Video Games,multiple,easy,Who is the leader of the Brotherhood of Nod in the Command and Conquer series?,Kane,Joseph Stalin | CABAL | Yuri,2026-09-10T09:20:20.899719+00:00
Entertainment: Video Games,boolean,easy,"The 2005 video game ""Call of Duty 2: Big Red One"" is not available on PC.",True,False,2026-09-10T09:20:20.899727+00:00
Entertainment: Video Games,multiple,medium,Which of these games was NOT a Nintendo Switch launch title in the United States? ,Voez,Just Dance 2017 | Snipperclips | Fast RMX,2026-09-10T09:20:20.899738+00:00
Entertainment: Video Games,multiple,easy,Which of these Starbound races has a Wild West culture?,Novakid,Avian | Human | Hylotl,2026-09-10T09:20:20.899744+00:00
Entertainment: Video Games,multiple,medium,"What animal is featured in ""Bloons TD Battles""?",Monkeys,Alligators | Pigeons | Lizards,2026-09-10T09:20:20.899750+00:00
Entertainment: Video Games,multiple,medium,"The mobile game ""Jetpack Joyride"" was released in what year? ",2011,2012 | 2009 | 2014,2026-09-10T09:20:20.899757+00:00
Entertainment: Video Games,multiple,easy,"In the PAYDAY series, who betrayed the PAYDAY gang that got Hoxton arrested?",Hector,Vlad | The Dentist | The Elephant,2026-09-10T09:20:20.899767+00:00
Entertainment: Video Games,multiple,hard,"What's the name of the halloween-related Sims 4 Stuff Pack released September 29th, 2015?",Spooky Stuff,Ghosts n' Ghouls | Nerving Nights | Fearful Frights,2026-09-10T09:20:20.899782+00:00
Entertainment: Video Games,multiple,hard,"In ""Call Of Duty: Zombies"", which weapon does NOT deal any damage?",31-79 JGb215,Sliquifier | V-R11 | Wunderwaffe DG-2,2026-09-10T09:20:20.899792+00:00
Entertainment: Video Games,multiple,medium,How old is Chloe Price in Life is Strange: Before the Storm?,16,24 | 19 | 15,2026-09-10T09:20:20.899799+00:00
Entertainment: Video Games,multiple,medium,What was the main currency in Club Penguin?,Coins,Stamps | Tickets | Gems,2026-09-10T09:20:20.899805+00:00
Entertainment: Video Games,multiple,easy,"In ""A Hat in Time"", what must Hat Kid collect to finish a level",A time piece,A heart fragment | A relic fragment | A hat,2026-09-10T09:20:20.899820+00:00
Entertainment: Video Games,multiple,hard,"In ""Team Fortress 2"", how much health does a scout have when overhealed?",185,215 | 195 | 225,2026-09-10T09:20:20.899827+00:00
Entertainment: Video Games,boolean,easy,"In Team Fortress 2, the weapon ""Your Eternal Reward"" is a reference to the 1992 film Aladdin.",True,False,2026-09-10T09:20:20.899835+00:00
Entertainment: Video Games,multiple,medium,What was the character Kirby originally going to be named?,Popopo,Dedede | Waddle Dee | Prince Puff,2026-09-10T09:20:26.613739+00:00
Entertainment: Video Games,multiple,medium,"What is the name of the prison in ""Half Life 2""?",Nova Prospekt,Great Prospekt | New Prospect | Lesser Prospekt,2026-09-10T09:20:26.613765+00:00
Entertainment: Video Games,multiple,easy,What was the name of the protagonist in Portal and Portal 2?,Chell,Mel | Chloe | Christine,2026-09-10T09:20:26.613773+00:00
Entertainment: Video Games,multiple,medium,"In the game ""Subnautica"", which feature was removed due to performance issues in 2016?",Terraforming,Building | Crafting | Multiplayer,2026-09-10T09:20:26.613782+00:00
Entertainment: Video Games,multiple,medium,"How many metal bars does it take to smith a platebody in the MMO ""RuneScape""?",5 bars,3 bars | 2 bars | 10 bars,2026-09-10T09:20:26.613797+00:00
Entertainment: Video Games,multiple,hard,In which video game did Michael Fassbender star?,Fable 3,Call of Duty: Modern Warfare | Assassin's Creed 3 | Red Dead Redemption,2026-09-10T09:20:26.613812+00:00
Entertainment: Video Games,multiple,easy,How many games in the Crash Bandicoot series were released on the original Playstation?,5,4 | 3 | 6,2026-09-10T09:20:26.613820+00:00
Entertainment: Video Games,multiple,hard,"In Geometry Dash, what is level 13?",Electroman Adventures,Theory of Everything | Clubstep  | Clutterfunk,2026-09-10T09:20:26.613832+00:00
Entertainment: Video Games,multiple,medium,What was the first Game released using the Build Engine?,Witchaven,DOOM | Duke Nukem 3D | William Shatner's Tekwar,2026-09-10T09:20:26.613842+00:00
Entertainment: Video Games,multiple,hard,"In the book & video game Metro 2033, which Moscow Metro station is the main character Artyom's home station?",VDNKh,Prospekt Mira | Kitay-Gorod | Botanichesky Sad,2026-09-10T09:20:26.613857+00:00
Entertainment: Video Games,multiple,medium,"In the world strategy game 'Sid Meier's Civilization', a programming bug caused the AI depiction of Gandhi to do which of the following?",Become aggressive and launch nuclear strikes,Begin speaking in German  | Become friendly and trade his entire wealth | Launch attacks on his own cities and assets,2026-09-10T09:20:26.613878+00:00
Entertainment: Video Games,multiple,medium,How many controllers could a Nintendo GameCube have plugged in at one time?,4,8 | 6 | 2,2026-09-10T09:20:26.613886+00:00
Entertainment: Video Games,multiple,hard,"What was the first ""Call Of Duty: Zombies"" map to be directed by Jason Blundell?",Mob Of The Dead,Buried | Origins | Moon,2026-09-10T09:20:26.613897+00:00
Entertainment: Video Games,boolean,medium,"In Monster Hunter Generations, guild style is a type of hunting style.",True,False,2026-09-10T09:20:26.613903+00:00
Entertainment: Video Games,boolean,hard,"In the game Nuclear Throne, the boss ""Big Dog"" was made into a character on April Fool's Day 2015.",True,False,2026-09-10T09:20:26.613911+00:00
Entertainment: Video Games,multiple,medium,What block in Minecraft has the highest blast resistance?,Barrier,Obsidian | Bedrock | Block of Diamond,2026-09-10T09:20:26.613920+00:00
Entertainment: Video Games,multiple,easy,"In Danganronpa: Trigger Happy Havoc, what is the protagonist's name?",Makoto Naegi,Hajime Hinata | Nagito Komaeda | Komaru Naegi,2026-09-10T09:20:26.613933+00:00
Entertainment: Video Games,multiple,easy,"In the Half-Life series, Gordon Freeman's signature weapon is a:",Crowbar,Sledgehammer | Fiber Wire | Katana,2026-09-10T09:20:26.613941+00:00
Entertainment: Video Games,boolean,hard,McCree from Overwatch originally started as a character that was going to appear in a scrapped Starcraft game.,True,False,2026-09-10T09:20:26.613949+00:00
Entertainment: Video Games,multiple,medium,Which unlockable character in Super Smash Bros. For Wii U and 3DS does not have to be fought to be unlocked?,Mii Fighters,Ness | R.O.B. | Mewtwo,2026-09-10T09:20:26.613959+00:00
Entertainment: Video Games,multiple,hard,What is the name of the alien species introduced in Shadow the Hedgehog (2005)?,Black Arms,The Swarm | Black Hive | The Eclipse,2026-09-10T09:20:26.613973+00:00
Entertainment: Video Games,multiple,medium,"Which horror movie had a sequel in the form of a video game released in August 20, 2002?",The Thing,The Evil Dead | Saw | Alien,2026-09-10T09:20:26.613985+00:00
Entertainment: Video Games,multiple,easy,What vehicle in PUBG has the highest top speed?,Motorcycle,PG-117 | Dacia | Buggy,2026-09-10T09:20:26.614004+00:00
Entertainment: Video Games,multiple,medium,"In the game ""Undertale"", who was Mettaton's creator?",Alphys,Undyne | Sans | Asgore,2026-09-10T09:20:26.614017+00:00
Entertainment: Video Games,multiple,easy,What is the name of Team Fortress 2's Heavy Weapons Guy's minigun?,Sasha,Betty | Anna | Diana,2026-09-10T09:20:26.614025+00:00
Entertainment: Video Games,multiple,easy,Which Grand Theft Auto (GTA) games have the same setting?,GTA V and GTA San Andreas,GTA V and GTA Vice City | GTA IV and GTA San Andreas | GTA IV and GTA Vice City,2026-09-10T09:20:26.614044+00:00
Entertainment: Video Games,boolean,easy,The Kerbol System (from Kerbal Space Program) includes a Saturn analogue.,False,True,2026-09-10T09:20:26.614051+00:00
Entertainment: Video Games,multiple,medium,"How many Star Spirits do you rescue in the Nintendo 64 video game ""Paper Mario""?",7,5 | 10 | 12,2026-09-10T09:20:26.614059+00:00
Entertainment: Video Games,multiple,medium,"Which ""Perk-A-Cola"" in ""Call Of Duty: Zombies"" was ""reworked"" in ""Call of Duty: Black Ops II""?",Double Tap Root Beer,Who's Who | Juggernog | Mule Kick,2026-09-10T09:20:26.614075+00:00
Entertainment: Video Games,multiple,medium,Which company did Bethesda purchase the Fallout Series from?,Interplay Entertainment ,Capcom | Blizzard Entertainment | Nintendo,2026-09-10T09:20:26.614093+00:00
Entertainment: Video Games,multiple,medium,Which of these is NOT a terrorist faction in Counter-Strike (2000)?,Midwest Militia,Phoenix Connection | Elite Crew | Guerrilla Warfare,2026-09-10T09:20:26.614110+00:00
Entertainment: Video Games,multiple,easy,Who is able to grab the survivors with his tongue in Left 4 Dead?,Smoker,Jockey | Hunter | Boomer,2026-09-10T09:20:26.614118+00:00
Entertainment: Video Games,multiple,medium,"The protagonist in the game ""Cave Story"" is named",Quote,Kazuma | Curly | Arthur,2026-09-10T09:20:26.614124+00:00
Entertainment: Video Games,multiple,hard,"According to an interview with ""Super Mario Land 2"" game director Hiroji Kiyotake, what is Wario's favorite food?",Crepes,Pizza | Garlic | Cheese,2026-09-10T09:20:26.614132+00:00
Entertainment: Video Games,multiple,hard,"In 2004, which person(s) created ""Roblox""?",David Baszucki and Erik Cassel,Erik Cassel | Jonas Alto and Sarah Smith | James Kolein,2026-09-10T09:20:26.614147+00:00
Entertainment: Video Games,multiple,medium,"In ""Fallout 4"", what is the name of the dog you find at Red Rocket truck stop?",Dogmeat,Sparky | Quazar | Chop,2026-09-10T09:20:26.614155+00:00
Entertainment: Video Games,multiple,medium,"In Divinity: Original Sin 2, who is the earliest companion you can acquire?",The Red Prince,Fane | Sebille | Beast,2026-09-10T09:20:26.614164+00:00
Entertainment: Video Games,multiple,medium,"In the game ""Brawlhalla"", what species is the character Bödvar is?",Half Human / Half Bear,A Human | Half Wolf / Half Bear | Half Tiger /  Half Human,2026-09-10T09:20:26.614183+00:00
Entertainment: Video Games,multiple,medium,What was the name of the device used by Scarecrow in Batman: Arkham Knight to cover Gotham in fear gas?,The Cloudburst,The Fear Bomb | The Fearburst | Cloud Dispersal System,2026-09-10T09:20:26.614199+00:00
Entertainment: Video Games,multiple,easy,"In ""Call Of Duty: Zombies"", what is the name of the Pack-A-Punched Crossbow?",Awful Lawton,Longinus | V-R11 | Predator,2026-09-10T09:20:26.614209+00:00
Entertainment: Video Games,multiple,medium,"In Minecraft, which of these ingredients is needed to brew a Potion of Water Breathing?",Pufferfish,Ink sac | Pumpkin | Fishing rod,2026-09-10T09:20:26.614220+00:00
Entertainment: Video Games,multiple,medium,Which of the following Pokémon games released first?,Pokémon Crystal,Pokémon Platinum | Pokémon FireRed | Pokémon Black,2026-09-10T09:20:26.614236+00:00
Entertainment: Video Games,multiple,medium,"In ""PAYDAY 2"", what weapon has the highest base weapon damage on a per-shot basis?",HRL-7,Heavy Crossbow | Thanatos .50 cal | Broomstick Pistol,2026-09-10T09:20:26.614249+00:00
Entertainment: Video Games,multiple,medium,In which game did the Konami Code make its first appearance?,Gradius,Contra | Castlevania | Dance Dance Revolution,2026-09-10T09:20:26.614257+00:00
Entertainment: Video Games,multiple,hard,"How long are all the cutscenes from Metal Gear Solid 4 (PS3, 2008) combined?",8 hours,4 hours | 12 hours | 5 hours,2026-09-10T09:20:26.614271+00:00
Entertainment: Video Games,multiple,easy,"In the game ""Dead Rising"", what is the profession of the main character Frank West?",Photojournalist,Motorbike Performer | Bartender | Mechanic,2026-09-10T09:20:26.614281+00:00
Entertainment: Video Games,multiple,hard,"In the Gamecube Version of ""Resident Evil"" what text document is open on the monitor of the computer in the Visual Data Room?",A GDC Document,Text Document on Herbs | Nothing | Document on B.O.Ws,2026-09-10T09:20:26.614296+00:00
Entertainment: Video Games,multiple,hard,"In the Animal Crossing series, which flower is erroneously called the ""Jacob's Ladder""?",Lily of the Valley,Hydrangea | Harebell | Yarrow,2026-09-10T09:20:26.614306+00:00
Entertainment: Video Games,multiple,easy,When was Left 4 Dead 2 released?,"November 17, 2009","May 3, 2008 | November 30, 2009 | June 30, 2010",2026-09-10T09:20:26.614319+00:00
Entertainment: Video Games,boolean,easy,"In the Monster Hunter Series, G-Rank is the highest possible prestige a Hunter can recieve.",True,False,2026-09-10T09:20:26.614327+00:00
Entertainment: Video Games,multiple,hard,"Which of the Master levels in ""Super Monkey Ball"" is also used in the arcade version of the game, simply named ""Monkey Ball""?",MASTER 9 - Bridge Master,MASTER 3 - Stamina Master | MASTER 10 - Monkey Master | MASTER 6 - Roll Master,2026-09-10T09:20:32.194008+00:00
Entertainment: Video Games,multiple,easy,Which water-type Pokémon starter was introduced in the 4th generation of the series?,Piplup,Totodile | Oshawott | Mudkip,2026-09-10T09:20:32.194028+00:00
Entertainment: Video Games,multiple,medium,Which of these is NOT a game under the Worms series?,Major Malfunction,Crazy Golf | Clan Wars | Ultimate Mayhem,2026-09-10T09:20:32.194043+00:00
Entertainment: Video Games,multiple,hard,"In the game ""The Sims"", how many Simoleons does each family start with?","20,000","10,000 | 15,000 | 25,000",2026-09-10T09:20:32.194058+00:00
Entertainment: Video Games,multiple,easy,M.U.G.E.N. is the name for what type of Game Engine?,Fighting Game,Platforming Game | Shooter Game | Puzzle Game,2026-09-10T09:20:32.194072+00:00
Entertainment: Video Games,multiple,easy,Gordon Freeman is said to have burnt and destroyed what food in the break room microwave?,Casserole,Sub Sandwich | Chicken Soup | Pepperoni Pizza,2026-09-10T09:20:32.194086+00:00
Entertainment: Video Games,multiple,medium,"In ""Call of Duty: Black Ops III"" Zombies, what does completing all the main easter eggs reward you with?","1,000,000 XP",Juggernog at the start of each game | 50 Liquid Diviniums | All three options.,2026-09-10T09:20:32.194105+00:00
Entertainment: Video Games,multiple,hard,"What military rank is the protagonist ""Nomad"" in ""Crysis""?",First Lieutenant,Captain | First Sargent  | Staff Sargent,2026-09-10T09:20:32.194118+00:00
Entertainment: Video Games,multiple,medium,"In the Jackbox party game Monster Seeking Monster, which monster can steal two hearts from other monsters under certain conditions?",Serial Killer,Parasite | Stalker | Magic Mirror,2026-09-10T09:20:32.194130+00:00
Entertainment: Video Games,multiple,medium,"In Grand Theft Auto: V, what wanted level does the player receive if they enter Zancudo Army Base north of Los Santos?",4,3 | 5 | 1,2026-09-10T09:20:32.194140+00:00
Entertainment: Video Games,boolean,medium,"The Sniper's SMG in Team Fortress 2, was originally intended to be the Scout's primary weapon.",True,False,2026-09-10T09:20:32.194149+00:00
Entertainment: Video Games,boolean,medium,"The first Maxis game to feature the fictional language ""Simlish"" was The Sims (2000).",False,True,2026-09-10T09:20:32.194156+00:00
Entertainment: Video Games,multiple,easy,"In what year was the game ""Fallout"" released?",1997,1998 | 1999 | 1996,2026-09-10T09:20:32.194162+00:00
Entertainment: Video Games,boolean,easy,"""Resident Evil 7"" is the first first-person Resident Evil game.",False,True,2026-09-10T09:20:32.194170+00:00
Entertainment: Video Games,multiple,easy,"Which of the following games was NOT included in Valve's ""The Orange Box""?",Left 4 Dead,Half-Life 2: Episode Two | Portal | Team Fortress 2,2026-09-10T09:20:32.194184+00:00
Entertainment: Video Games,multiple,medium,What are the names of the Ice Climbers in the video game Ice Climber?,Popo and Nana,Popo and Nina | Papi and Nana | Papi and Nina,2026-09-10T09:20:32.194199+00:00
Entertainment: Video Games,multiple,hard,"According to the lore of ""Starbound"", what does the ""Colony Deed"" do when it is placed down?",Sends out an advertisement for someone to move in.,Teleports somebody from somewhere on the planet it is placed. | Teleports a random person to the location. | Materializes a new being at it's location.,2026-09-10T09:20:32.194221+00:00
Entertainment: Video Games,multiple,easy,Who voices GLaDOS in the Portal games?,Ellen McLain,Michelle Forbes  | Mary Kae Irvin  | Natasha Radski,2026-09-10T09:20:32.194234+00:00
Entertainment: Video Games,multiple,hard,"Which of these characters in ""Undertale"" can the player NOT go on a date with?",Toriel,Papyrus | Undyne | Alphys,2026-09-10T09:20:32.194242+00:00
Entertainment: Video Games,multiple,medium,What Sims console game featured the Black Eyed Peas in the game?,The Urbz: Sims In The City,The Sims 2 | The Sims | The Sims: Bustin Out,2026-09-10T09:20:32.194257+00:00
Entertainment: Video Games,multiple,medium,"Who is the developer of the game ""Rocket League""?",Psyonix,People can fly | Digital Happiness | Roll7,2026-09-10T09:20:32.194276+00:00
Entertainment: Video Games,multiple,easy,"In the video game ""Team Fortress 2"", which class is able to double jump?",Scout,Spy | Engineer | Pyro,2026-09-10T09:20:32.194284+00:00
Entertainment: Video Games,multiple,hard,"In Minecraft, what update did foods like steak become stackable?",Beta 1.8,Alpha 1.2.0 | Release 1.12.1 | Release 1.7.2,2026-09-10T09:20:32.194296+00:00
Entertainment: Video Games,multiple,hard,"In ""Pokémon Sun and Moon"", Team Skull took over which town?",Po Town,Heahea City | Tapu Village | Iki Town,2026-09-10T09:20:32.194310+00:00
Entertainment: Video Games,multiple,easy,"In the Super Smash Bros. series, which character was the first one to return to the series after being absent from a previous game?",Dr. Mario,Mewtwo | Lucas | Roy,2026-09-10T09:20:32.194322+00:00
Entertainment: Video Games,multiple,medium,"What is the mod ""Cry of Fear"" based off of?",Half-Life,"Counter Strike: Source | Half-Life 2 | It's a stand alone game, not a mod",2026-09-10T09:20:32.194335+00:00
Entertainment: Video Games,multiple,medium,Which of the following Call of Duty games was a PS3 launch title?,Call of Duty 3,Call of Duty 4: Modern Warfare | Call of Duty: World at War | Call of Duty: Roads to Victory,2026-09-10T09:20:32.194353+00:00
Entertainment: Video Games,multiple,medium,"When Halo 3: ODST was unveiled in 2008, it had a different title. What was the game formally called?",Halo 3: Recon,Halo 3: Helljumpers | Halo 3: Phantom | Halo 3: Guerilla,2026-09-10T09:20:32.194370+00:00
Entertainment: Video Games,multiple,hard,"In ""Sonic the Hedgehog 3"" for the Sega Genesis, what is the color of the second Chaos Emerald you can get from Special Stages?",Orange,Blue | Green | Magenta,2026-09-10T09:20:32.194380+00:00
Entertainment: Video Games,multiple,medium,Which of these is NOT the name of a team leader in Pokémon GO?,Leif,Blanche | Spark | Candela,2026-09-10T09:20:32.194387+00:00
Entertainment: Video Games,multiple,medium,In which year did the first Monster Hunter game get released?,2004,2006 | 2005 | 2002,2026-09-10T09:20:32.194394+00:00
Entertainment: Video Games,multiple,medium,Which franchise had a special event hosted in the popular MMORPG Final Fantasy XIV: A Realm Reborn?,Yo-kai Watch,Pokémon | Yu-gi-oh | Buddyfight,2026-09-10T09:20:32.194405+00:00
Entertainment: Video Games,multiple,medium,"""Rollercoaster Tycoon"" was programmed mostly entirely in...",x86 Assembly,C++ | C | ALGOL,2026-09-10T09:20:32.194415+00:00
Entertainment: Video Games,multiple,medium,In which Mario game did the Mega Mushroom make its debut?,Mario Party 4,New Super Mario Bros. | Mario Kart Wii | Super Mario 3D World,2026-09-10T09:20:32.194429+00:00
Entertainment: Video Games,multiple,medium,What is the name of the machine that fails and essentially dooms mankind in the beginning of the first Half-Life game?,Anti-mass spectrometer,Oscillation generator | Dark fusion reactor | Dark fusion resonator,2026-09-10T09:20:32.194445+00:00
Entertainment: Video Games,multiple,hard,Which character from the Mega Man series made a small cameo on Volt Catfish's introduction scene in CD versions of Mega Man X3?,Auto,Eddie | Tango | Rush,2026-09-10T09:20:32.194454+00:00
Entertainment: Video Games,boolean,easy,Tony Hawk's extreme sports videogames revolve around performing professional BMX tricks.,False,True,2026-09-10T09:20:32.194460+00:00
Entertainment: Video Games,multiple,hard,"In the game Call of Duty, what is the last level where you play as an American soldier?",Festung Recogne,Ste. Mere-Eglise (Day) | Chateau | Brecourt,2026-09-10T09:20:32.194472+00:00
Entertainment: Video Games,multiple,hard,"In ""The Binding of Isaac"", which item instantly kills Mom and Mom's Heart?",The Bible,The Halo | Brimstone | Book of Shadows,2026-09-10T09:20:32.194485+00:00
Entertainment: Video Games,boolean,medium,Nintendo started out as a playing card manufacturer.,True,False,2026-09-10T09:20:32.194490+00:00
Entertainment: Video Games,multiple,medium,Which of these is not the name of a city in the Grand Theft Auto series?,San Andreas,San Fierro | Las Venturas | Vice City,2026-09-10T09:20:32.194504+00:00
Entertainment: Video Games,multiple,medium,What is Solid Snake's real name?,David,Solid Snake | John | Huey,2026-09-10T09:20:32.194511+00:00
Entertainment: Video Games,multiple,hard,"Before Super Smash Bros. contained Nintendo characters, what was it known as internally?",Dragon King: The Fighting Game,Contest of Champions | Smash and Pummel | Fighter of the Ages: Conquest,2026-09-10T09:20:32.194526+00:00
Entertainment: Video Games,multiple,easy,What company develops the Rock Band series of rhythm games?,Harmonix,Activision | Konami | Electronic Arts,2026-09-10T09:20:32.194534+00:00
Entertainment: Video Games,multiple,medium,"In which game does a character say, ""Sometimes, I dream about cheese""?",Half Life 2,Team Fortress 2 | Dark Souls | Serious Sam: The Second Encounter,2026-09-10T09:20:32.194607+00:00
Entertainment: Video Games,multiple,medium,What is the full name of the protagonist from the SNES game Clock Tower?,Jennifer Simpson,Jennifer Barrows | Jennifer Cartwright | Jennifer Maxwell,2026-09-10T09:20:32.194627+00:00
Entertainment: Video Games,multiple,easy,"In the game ""Overwatch,"" what are the names of the two Australian criminals from the Junkers faction?",Junkrat and Roadhog,Roadrat and Junkhog | Ana and Pharah | McCree and Deadeye,2026-09-10T09:20:32.194644+00:00
Entertainment: Video Games,multiple,medium,"Who is the creator of the free, open-source rhythm game 'osu!'?",Dean 'Peppy' Herbert,Daisuke 'Pixel' Amaya | Eric 'ConcernedApe' Barone | Toby 'FwugRadiation' Fox,2026-09-10T09:20:32.194660+00:00
Entertainment: Video Games,multiple,easy,"In Super Mario Bros., who informs Mario that the princess is in another castle?",Toad,Luigi | Yoshi | Bowser,2026-09-10T09:20:32.194667+00:00
Entertainment: Video Games,multiple,easy,Which Final Fantasy game consisted of a female-only cast of party members?,Final Fantasy X-2,Final Fantasy IX | Final Fantasy V | Final Fantasy XIII-2,2026-09-10T09:20:32.194681+00:00
Entertainment: Video Games,multiple,medium,Which of the following Mario Kart 8 Deluxe items will NOT make you invincible?,Golden Mushroom,Star | Bullet Bill | Boo,2026-09-10T09:20:37.763003+00:00
Entertainment: Video Games,multiple,hard,What is the fastest speed possible in Trackmania²: Stadium?,1000  km/h,500 km/h | 320 km/h | 100 km/h,2026-09-10T09:20:37.763032+00:00
Entertainment: Video Games,multiple,easy,"In the game Dark Souls, what is the name of the region you're in for the majority of the game?",Lordran,Drangleic | Oolacile | Catarina,2026-09-10T09:20:37.763042+00:00
Entertainment: Video Games,multiple,medium,Which ones of these Mario Kart games was made for the Gameboy Advance?,Mario Kart: Super Circuit,Mario Kart: Double Dash | Mario Kart 64 | Super Mario Kart,2026-09-10T09:20:37.763059+00:00
Entertainment: Video Games,multiple,easy,Who is the creator of Touhou project?,Zun,Jun | Twilight Frontier | Tasofro,2026-09-10T09:20:37.763067+00:00
Entertainment: Video Games,multiple,medium,"Which of the following colors does the Zombie eyes glow in the ""Nuketown"" map in ""Call of Duty: Black Ops II"" Zombies mode?",Yellow and Blue,Yellow and Red | Red and Blue | Blue and White,2026-09-10T09:20:37.763086+00:00
Entertainment: Video Games,multiple,hard,"In ""Sonic the Hedgehog 2"" for the Sega Genesis, what do you input in the sound test screen to access the secret level select?",The Lead Programmer's birthday,"The first release date of ""Sonic the Hedgehog"" | The date Sonic Team was founded | The first release date of ""Sonic the Hedgehog 2""",2026-09-10T09:20:37.763108+00:00
Entertainment: Video Games,multiple,easy,What is the first weapon you acquire in Half-Life?,A crowbar,A pistol | The H.E.V suit | Your fists,2026-09-10T09:20:37.763122+00:00
Entertainment: Video Games,multiple,hard,"What programming language was used to create the game ""Minecraft""?",Java,HTML 5 | C++ | Python,2026-09-10T09:20:37.763132+00:00
Entertainment: Video Games,multiple,medium,"What is the name of the first boss the player encounters in the 2017 game, ""Little Nightmares""?",The Janitor,The Warden | The Caretaker | The Overseer,2026-09-10T09:20:37.763147+00:00
Entertainment: Video Games,multiple,medium,What is the original name of Final Fantasy XV?,Final Fantasy Versus XIII,Final Fantasy: Reborn | Final Fantasy XVI | Final Fantasy XIII-3,2026-09-10T09:20:37.763174+00:00
Entertainment: Video Games,multiple,medium,"In Minecraft, what types of sound files are required for custom SFX to work in resource packs?",.ogg,.wav | .mp3 | .class,2026-09-10T09:20:37.763186+00:00
Entertainment: Video Games,boolean,medium,Super Mario Bros. was released in 1990.,False,True,2026-09-10T09:20:37.763192+00:00
Entertainment: Video Games,multiple,medium,"In the Half-Life 2 universe, how long did it take for the Combine to take complete control of the earth?",7 hours,3 months | 24 hours | 1 week,2026-09-10T09:20:37.763209+00:00
Entertainment: Video Games,multiple,hard,"In the ""Ace Attorney"" series, who was the truly responsible of the forging of the autopsy report of the pivotal IS-7 incident?",Bansai Ichiyanagi,Manfred Von Karma | Gregory Edgeworth | Tateyuki Shigaraki,2026-09-10T09:20:37.763225+00:00
Entertainment: Video Games,multiple,easy,"In the game Sonic Forces, which of the following was not from a previous game?",Infinite,Metal Sonic | Zavoc | Chaos,2026-09-10T09:20:37.763235+00:00
Entertainment: Video Games,multiple,medium,When was the original Star Wars: Battlefront II released?,"October 31, 2005","December 18, 2004 | November 21, 2006 | September 9, 2007",2026-09-10T09:20:37.763249+00:00
Entertainment: Video Games,multiple,hard,"""Gimmick!"" is a Japanese Famicom game that uses a sound chip expansion in the cartridge. What is it called?",FME-7,VRC7 | VRC6 | MMC5,2026-09-10T09:20:37.763278+00:00
Entertainment: Video Games,boolean,hard,"In ""Minecraft"", gold tools are faster than diamond tools.",True,False,2026-09-10T09:20:37.763288+00:00
Entertainment: Video Games,boolean,easy,Each piece in Tetris is called a tetris.,False,True,2026-09-10T09:20:37.763296+00:00
Entertainment: Video Games,multiple,medium,Final Fantasy VI was originally released outside Japan under what name?,Final Fantasy III,Final Fantasy VI | Final Fantasy V | Final Fantasy II,2026-09-10T09:20:37.763310+00:00
Entertainment: Video Games,multiple,medium,On which planet does the game Freedom Planet (2014) take place?,Avalice,Freedom | Galaxytrail | Shang Mu,2026-09-10T09:20:37.763475+00:00
Entertainment: Video Games,multiple,easy,Who is the leader of Team Instinct in Pokémon Go?,Spark,Candela | Blanche | Willow,2026-09-10T09:20:37.763486+00:00
Entertainment: Video Games,boolean,medium,Fortnite was originally intended to be a horror game.,True,False,2026-09-10T09:20:37.763493+00:00
Entertainment: Video Games,multiple,medium,"In Minecraft: Java Edition, which of the following feature/block was added to Survival mode in Beta 1.3?",Beds,Hunger | The Nether | Grass,2026-09-10T09:20:37.763504+00:00
Entertainment: Video Games,multiple,medium,"In World of Warcraft lore,  how many siblings does Sylvanas Windrunner have?",3,2 | 4 | 1,2026-09-10T09:20:37.763512+00:00
Entertainment: Video Games,boolean,easy,"Several characters in ""Super Mario 64"" blink their eyes, including Mario himself.",True,False,2026-09-10T09:20:37.763519+00:00
Entertainment: Video Games,multiple,medium,"In the ""Call Of Duty: Zombies"" map ""Origins"", how many steps are there to upgrade a Staff?",4,7 | 5 | 3,2026-09-10T09:20:37.763528+00:00
Entertainment: Video Games,multiple,easy,Which of the following Zelda games did not feature Ganon as a final boss?,Majora's Mask,Ocarina of Time | Skyward Sword | Breath of the Wild,2026-09-10T09:20:37.763543+00:00
Entertainment: Video Games,multiple,medium,Just Cause 2 was mainly set in what fictional Southeast Asian island country?,Panau,Davao | Macau | Palau,2026-09-10T09:20:37.763550+00:00
Entertainment: Video Games,multiple,medium,"Toby Fox's ""Megalovania"" was first used where?",Radiation's Earthbound Halloween Hack,Homestuck: [S] Wake | Undertale | Mother: Cognitive Dissonance,2026-09-10T09:20:37.763564+00:00
Entertainment: Video Games,multiple,easy,Who is the creator of the Super Smash Bros. Series?,Masahiro Sakurai,Reggie Fils-Aimé | Bill Trinen | Hideo Kojima,2026-09-10T09:20:37.763577+00:00
Entertainment: Video Games,boolean,easy,"The Konami Code is known as Up, Up, Down, Down, Left, Right, Right, Left, B, A, Start.",False,True,2026-09-10T09:20:37.763620+00:00
Entertainment: Video Games,multiple,easy,Which Super Mario video game when they introduce Bowser Jr. for the first time?,Super Mario Sunshine,Mario Party series | Super Mario Galaxy | Mario & Luigi: Bowser's Inside Story + Bowser Jr.'s Journey,2026-09-10T09:20:37.763644+00:00
Entertainment: Video Games,multiple,medium,"Which of the following characters is NOT playable in ""Resident Evil 6""?",Jill Valentine,Chris Redfield | Sherry Birkin | Helena Harper,2026-09-10T09:20:37.763658+00:00
Entertainment: Video Games,multiple,medium,Which survivor in Left 4 Dead sacrificed themself to save the other survivors?,Bill,Louis | Francis | Zoey,2026-09-10T09:20:37.763665+00:00
Entertainment: Video Games,multiple,medium,"In the ""Ace Attorney"" series, what is the relationship between Apollo Justice and Trucy Wright?",They're half-siblings,They're co-workers | They're friends | They're both attorneys,2026-09-10T09:20:37.763682+00:00
Entertainment: Video Games,multiple,medium,Which company developed and published Game Dev Tycoon?,Greenheart Games,Greenland Games | The Tycoonists | MomCorp,2026-09-10T09:20:37.763692+00:00
Entertainment: Video Games,multiple,medium,"In the game ""Terraria"", which of these bosses are pre-hardmode bosses?",Eye of Cthulhu,Plantera | Skeletron Prime | The Destroyer,2026-09-10T09:20:37.763705+00:00
Entertainment: Video Games,multiple,medium,"What is the name of Joel's daughter in the game, ""The Last of Us""? ",Sarah,Ellie | Tess | Marlene,2026-09-10T09:20:37.763713+00:00
Entertainment: Video Games,multiple,easy,What is the default alias that Princess Garnet goes by in Final Fantasy IX?,Dagger,Dirk | Garnet | Quina,2026-09-10T09:20:37.763720+00:00
Entertainment: Video Games,multiple,hard,"In the video game ""Metal Gear Solid"", what did Revolver Ocelot consider the greatest handgun ever made?",Colt Single Action Army,Colt Python | Colt M1892 | Colt 1851 Navy Revolver,2026-09-10T09:20:37.763736+00:00
Entertainment: Video Games,boolean,easy,"In Heroes of the Storm, the Cursed Hollow map gimmick requires players to kill the undead to curse the enemy team.",False,True,2026-09-10T09:20:37.763744+00:00
Entertainment: Video Games,multiple,medium,"In the Half-Life franchise, what is the real name of the ""gravity gun""?",Zero-Point Energy Field Manipulator,Universal Gravity Manipulation Device | Isaac Newton's Theory Disprover | Quantum Energy Displacement Modifier,2026-09-10T09:20:37.763761+00:00
Entertainment: Video Games,multiple,medium,"Which musical artist was NOT featured as playable avatars in the game ""DJ Hero""?",Dr. Dre,DJ Shadow | Daft Punk | Grandmaster Flash,2026-09-10T09:20:37.763775+00:00
Entertainment: Video Games,multiple,easy,"Lanky, Funky, and Chunky are all characters featured in which series owned by Nintendo?",Donkey Kong,Mario | Kirby | Zelda,2026-09-10T09:20:37.763784+00:00
Entertainment: Video Games,multiple,easy,What is Gabe Newell's favorite class in Team Fortress 2?,Spy,Heavy | Medic | Pyro,2026-09-10T09:20:37.763790+00:00
Entertainment: Video Games,boolean,medium,"In ""Call Of Duty: Zombies"", you can upgrade the ""Apothicon Servant"" in the ""Shadows Of Evil"" map.",False,True,2026-09-10T09:20:37.763799+00:00
Entertainment: Video Games,boolean,hard,"The first ""Metal Gear"" game was released for the PlayStation 1.",False,True,2026-09-10T09:20:37.763805+00:00
Entertainment: Video Games,multiple,easy,"Blinky, Pinky, Inky and Clyde are characters from which classic video game?",Pac-Man,Gauntlet | Space Invaders | Street Fighter,2026-09-10T09:20:37.763815+00:00
Entertainment: Video Games,multiple,hard,What do the video games No Man’s Sky and Mighty No. 9 have in common?,Both were announced in 2013.,Both were crowdfunded. | Both were developed by indie studios. | Both were released for the PlayStation 3.,2026-09-10T09:20:43.359131+00:00
Entertainment: Video Games,multiple,easy,"What is the name of the game developer who created ""Call Of Duty: Zombies""?",Treyarch,Sledgehammer Games | Infinity Ward | Naughty Dog,2026-09-10T09:20:43.359158+00:00
Entertainment: Video Games,multiple,easy,Who was the voice actor for Snake in Metal Gear Solid V: The Phantom Pain?,Kiefer Sutherland,David Hayter | Norman Reedus | Hideo Kojima,2026-09-10T09:20:43.359183+00:00
Entertainment: Video Games,boolean,medium,"The scrapped Sonic the Hedgehog 2 level ""Hidden Palace Zone"" was later reused in the iOS port of the game. ",True,False,2026-09-10T09:20:43.359193+00:00
Entertainment: Video Games,boolean,easy,"In the game Dead by Daylight, the killer Michael Myers is refered to as ""The Shape"".",True,False,2026-09-10T09:20:43.359201+00:00
Entertainment: Video Games,boolean,easy,Niko Bellic is the protagonist of Grand Theft Auto IV.,True,False,2026-09-10T09:20:43.359208+00:00
Entertainment: Video Games,multiple,medium,"When was ""Garry's Mod"" released?","December 24, 2004","November 13, 2004 | December 13, 2004 | November 12, 2004",2026-09-10T09:20:43.359221+00:00
Entertainment: Video Games,multiple,hard,Which one of these is NOT an official map in Counter-Strike: Global Offensive?,de_season,de_sugarcane | de_canals | de_militia,2026-09-10T09:20:43.359229+00:00
Entertainment: Video Games,multiple,easy,"Which of the following is NOT a summon in the game ""South Park: The Stick of Truth""?",Towelie,Jesus | Mr. Hankey | Mr. Slave,2026-09-10T09:20:43.359241+00:00
Entertainment: Video Games,multiple,hard,"In Left 4 Dead, what is the character Bill's last name?",Overbeck,Fish | Roberts | Stevenson,2026-09-10T09:20:43.359249+00:00
Entertainment: Video Games,boolean,hard,Super Mario and Paarthurnax (Skyrim) are voiced by the same actor.,True,False,2026-09-10T09:20:43.359255+00:00
Entertainment: Video Games,multiple,hard,"In the SHMUP series, ""Gradius"", what is the name of the antagonist faction you fight against?",Bacterion,Bydo | Belsar | ORN Empire,2026-09-10T09:20:43.359266+00:00
Entertainment: Video Games,multiple,hard,"Who is the victim mentioned in the second KG-8 incident, in Ace attorney Investigations, Case 4?",Deid Mann,Frank Sahwit | Shey De Killer | Raymond Shields,2026-09-10T09:20:43.359280+00:00
Entertainment: Video Games,multiple,medium,"Which company developed the video game ""Borderlands""?",Gearbox Software,2K Games | Activision | Rockstar Games,2026-09-10T09:20:43.359291+00:00
Entertainment: Video Games,multiple,easy,What is the first Sony PlayStation console that runs on CD?,PS,PS2 | PS3 | PS4,2026-09-10T09:20:43.359298+00:00
Entertainment: Video Games,multiple,hard,"In the ""Pikmin"" games, which of the following pikmin colors lacks it's own ""Onion"" nest?",Purple,Winged | Blue | Rock,2026-09-10T09:20:43.359307+00:00
Entertainment: Video Games,multiple,medium,"What is the perk that was introduced in the ""Call Of Duty: Zombies"" map, ""Mob Of The Dead""?",Electric Cherry,Quick Revive | Vulture Aid | Tombstone,2026-09-10T09:20:43.359335+00:00
Entertainment: Video Games,multiple,medium,"In ""Clash Royale"" what is Arena 4 called?",Spell Valley,Barbarian Bowl | P.E.K.K.A's Playhouse | Royal Arena,2026-09-10T09:20:43.359510+00:00
Entertainment: Video Games,multiple,hard,"In the game ""Overwatch,"" which quote does the hero ""McCree"" NOT say upon using his flashbang ability?","""You done?""","""Whoa there."" | ""Hold up now."" | ""Don't move.""",2026-09-10T09:20:43.359531+00:00
Entertainment: Video Games,multiple,easy,Which of the following characters is NOT a female marriage candidate in the game Stardew Valley?,Caroline,Abigail | Haley | Leah,2026-09-10T09:20:43.359540+00:00
Entertainment: Video Games,multiple,easy,"If a ""360 no-scope"" is one full rotation before shooting, how many rotations would a ""1080 no-scope"" be?",3,4 | 2 | 5,2026-09-10T09:20:43.359549+00:00
Entertainment: Video Games,multiple,easy,How many carbon cars are there in Burnout Paradise?,6,4 | 3 | 5,2026-09-10T09:20:43.359556+00:00
Entertainment: Video Games,multiple,easy,What is the name of the largest planet in Kerbal Space Program?,Jool,Eeloo | Kerbol | Minmus,2026-09-10T09:20:43.359563+00:00
Entertainment: Video Games,multiple,hard,"How many aces can be shot down through the entirety of ""Ace Combat Zero: The Belkan War""?",169,100 | 132 | 245,2026-09-10T09:20:43.359571+00:00
Entertainment: Video Games,multiple,hard,When was Steam first released?,2003,2004 | 2011 | 2007,2026-09-10T09:20:43.359577+00:00
Entertainment: Video Games,multiple,medium,"Along with Gabe Newell, who co-founded Valve?",Mike Harrington,Robin Walker | Marc Laidlaw | Stephen Bahl,2026-09-10T09:20:43.359649+00:00
Entertainment: Video Games,boolean,easy,Super Mario Bros. was the first video game ever created.,False,True,2026-09-10T09:20:43.359656+00:00
Entertainment: Video Games,multiple,hard,"What device allows Tracer to manipulate her own time in the game ""Overwatch""?",Chronal Accelerator,B.L.I.N.K | Spacial Displacement Manipulator | TMD (Time Manipulation Device),2026-09-10T09:20:43.359671+00:00
Entertainment: Video Games,multiple,medium,What mainly favored rifle is used by the Terrorists in Counter Strike: Global Offensive?,AK-47,AK-74 | M4A4 | CZ-75 AUTO,2026-09-10T09:20:43.359680+00:00
Entertainment: Video Games,multiple,easy,"When was ""Luigi's Mansion 3"" released?","October 31st, 2019","January 13th, 2019 | September 6th, 2018 | October 1st, 2019",2026-09-10T09:20:43.359695+00:00
Entertainment: Video Games,multiple,medium,"In Dota 2, what is Earthshaker's real name?",Raigor Stonehoof,Banehallow Ambry | Carl | Barathrum,2026-09-10T09:20:43.359705+00:00
Entertainment: Video Games,multiple,hard,"In the game ""VA-11 Hall-A"" during Virgilio's ending, Virgilio opens his own:",Curry Stand,Bar | Museum | Law Firm,2026-09-10T09:20:43.359717+00:00
Entertainment: Video Games,multiple,medium,"Which was the first ""Call Of Duty: Zombies"" map to introduce the ""Wunderwaffe DG-2""?",Shi No Numa,Tranzit | Kino Der Toten | Der Riese,2026-09-10T09:20:43.359730+00:00
Entertainment: Video Games,multiple,medium,"In the ""Call Of Duty: Zombies"" map ""Moon"", there is a secondary called the QED. What does QED stand for?",Quantum Entanglement Device,Quad Ectoplasmic Driver | Question Every Dog | Quality Edward Device,2026-09-10T09:20:43.359750+00:00
Entertainment: Video Games,multiple,medium,"What is the name of the virus in ""Metal Gear Solid 1""?",FOXDIE,FOXENGINE | FOXALIVE | FOXKILL,2026-09-10T09:20:43.359757+00:00
Entertainment: Video Games,multiple,medium,Which of these roles in Town of Salem is mafia?,Disguiser,Escort | Lookout | Transporter,2026-09-10T09:20:43.359763+00:00
Entertainment: Video Games,multiple,medium,"In No Man's Sky (as of the Beyond update), what two resources do you need to craft Antimatter?",Condensed Carbon and Chromatic Metal,Starship Launch Fuel and Condensed Carbon | Pure Ferrite and Sodium | Storm Crystal and Antimatter Housing,2026-09-10T09:20:43.359782+00:00
Entertainment: Video Games,multiple,easy,"In Five Nights at Freddy's 1, how can you make Golden Freddy disappear?",Enable cameras,Turn on the light | Shut the door | Do nothing,2026-09-10T09:20:43.359797+00:00
Entertainment: Video Games,multiple,easy,"What game mode was not in the original ""Wii Sports""?",Table Tennis,Boxing | Baseball | Bowling,2026-09-10T09:20:43.359805+00:00
Entertainment: Video Games,multiple,hard,"In ""Final Fantasy VI"", what is the name of (summoned) Gilgamesh's weakest attack?",Excalipoor,Excalibore | Excalisnore | Excalisore,2026-09-10T09:20:43.359813+00:00
Entertainment: Video Games,boolean,medium,Minecraft wasn’t the original name to Minecraft.,True,False,2026-09-10T09:20:43.359826+00:00
Entertainment: Video Games,multiple,medium,Who was the first jedi that Starkiller had to kill in Star Wars: The Force Unleashed?,Rahm Kota,Ahsoka Tano | Kazdan Paratus | Kento Marek,2026-09-10T09:20:43.359842+00:00
Entertainment: Video Games,multiple,easy,Which of the following games has the largest map size?,Just Cause 2,Grand Theft Auto 5 | The Elder Scrolls 4:  Oblivion | The Witcher 3:  Wild Hunt,2026-09-10T09:20:43.359862+00:00
Entertainment: Video Games,multiple,hard,"In Terraria, which debuff does the ankh charm not provide immunity to?",Venom,Cursed | Bleeding | Slow,2026-09-10T09:20:43.359870+00:00
Entertainment: Video Games,multiple,medium,"In the ARPG ""Path of Exile,"" what is the highest amount of sockets that an item can have?",6,5 | 4 | 8,2026-09-10T09:20:43.359879+00:00
Entertainment: Video Games,multiple,hard,"In the title of the game ""Luigi's Mansion"", what is the only letter to not appear with a pair of eyes in it?",s,n | i | m,2026-09-10T09:20:43.359889+00:00
Entertainment: Video Games,boolean,medium,"""Return to Castle Wolfenstein"" was the only game of the Wolfenstein series where you don't play as William ""B.J."" Blazkowicz.",False,True,2026-09-10T09:20:43.359898+00:00
Entertainment: Video Games,multiple,hard,"""Banjo-Kazooie"" originally started its development as a totally different game for the SNES under which codename?",Project Dream,Project Ukulele | Project Land | Project BK,2026-09-10T09:20:43.359913+00:00
Entertainment: Video Games,boolean,easy,Minecraft can be played with a virtual reality headset.,True,False,2026-09-10T09:20:43.359918+00:00
Entertainment: Video Games,multiple,easy,In what year was Hearthstone released?,2014,2011 | 2013 | 2012,2026-09-10T09:20:43.359924+00:00
Entertainment: Video Games,multiple,medium,"In the Pokémon series, which type is Sudowoodo, the Imitation Pokémon?",Rock,Grass | Bug | Ground,2026-09-10T09:20:48.963901+00:00
Entertainment: Video Games,multiple,medium,Which of these games was the earliest known first-person shooter with a known time of publication?,Spasim,Doom | Wolfenstein | Quake,2026-09-10T09:20:48.963922+00:00
Entertainment: Video Games,multiple,hard,"In the indie farming game ""Stardew Valley"", which NPC hates the ""prismatic shard"" item when received as a gift?",Haley,Abigail  | Elliott | Lewis,2026-09-10T09:20:48.963937+00:00
Entertainment: Video Games,multiple,easy,The acronym DOTA stands for,Defense of the Ancients,Defense of the Artifacts | Defense of the Antiques | Defense of the Animated,2026-09-10T09:20:48.963965+00:00
Entertainment: Video Games,multiple,hard,"In the game Enter the Gungeon, which one of these is not a playable character?",The Wizard,The Bullet | The Robot | The Cultist,2026-09-10T09:20:48.963984+00:00
Entertainment: Video Games,multiple,medium,What year was the video game streaming platform TwitchTV founded?,2011,2012 | 2010 | 2014,2026-09-10T09:20:48.964011+00:00
Entertainment: Video Games,multiple,hard,"What is the main theme song of ""Sonic Adventure 2""?",Live and Learn,Open Your Heart | Can You Feel the Sunshine? | His World,2026-09-10T09:20:48.964031+00:00
Entertainment: Video Games,multiple,easy,Which of these is NOT a player class in Team Fortress 2?,Healer,Demoman | Pyro | Spy,2026-09-10T09:20:48.964038+00:00
Entertainment: Video Games,multiple,hard,"How long was the World Record Speed Run of Valve Software's ""Half-Life"" that was done in 2014.","20 Minutes, 41 Seconds","45 Minutes, 32 Seconds | 5 Minutes, 50 Seconds | 12 Minutes, 59 Seconds",2026-09-10T09:20:48.964057+00:00
Entertainment: Video Games,boolean,easy,"In ""Undertale"", the main character of the game is Sans.",False,True,2026-09-10T09:20:48.964063+00:00
Entertainment: Video Games,multiple,medium,"In the Half-Life universe, the Black Mesa Research Facility is located in which US state?",New Mexico,Nevada | Arizona | Wyoming,2026-09-10T09:20:48.964073+00:00
Entertainment: Video Games,multiple,easy,"What does the D stand for in D-pad, found on most video game controllers?",Directional,Dynamic | Dial-up | Design,2026-09-10T09:20:48.964080+00:00
Entertainment: Video Games,multiple,hard,"Which of these is NOT a possible drink to be made in the game ""VA-11 HALL-A: Cyberpunk Bartender Action""?",Sour Appletini,Fringe Weaver | Piano Man | Bad Touch,2026-09-10T09:20:48.964097+00:00
Entertainment: Video Games,multiple,medium,In what year was Pokémon Diamond & Pearl released in Japan?,2006,2009 | 2007 | 2008,2026-09-10T09:20:48.964107+00:00
Entertainment: Video Games,multiple,medium,"The original mascot of the popular Nintendo game, ""Splatoon"" was going to be...",Mario,Inklings | Octolings | Zelda,2026-09-10T09:20:48.964115+00:00
Entertainment: Video Games,multiple,easy,"In The Elder Scrolls: Oblivion, the horse that goes by the name Shadowmere is given by what guild?",Dark Brotherhood,Thieves | Fighters | Mages,2026-09-10T09:20:48.964125+00:00
Entertainment: Video Games,multiple,medium,This weapon in Counter-Strike: Global Offensive does not exist in real life.,M4A4,AWP | M4A1 | MP9,2026-09-10T09:20:48.964132+00:00
Entertainment: Video Games,multiple,medium,What is the item required to summon the boss Duke Fishron in the game Terraria?,Truffle Worm,Suspicious Looking Fish | King Grasshopper | Slug,2026-09-10T09:20:48.964144+00:00
Entertainment: Video Games,boolean,medium,"In the Season One Championship of ""League of Legends"", the highest achievable rank was Diamond.",False,True,2026-09-10T09:20:48.964152+00:00
Entertainment: Video Games,multiple,hard,The Bracken from Lethal Company is also known as:,The Flower Man,The Phantom | The Shadow Demon | Larry,2026-09-10T09:20:48.964163+00:00
Entertainment: Video Games,boolean,easy,"The Indie Game Development Studio Cing, developers of Hotel Dusk and Last Window, went bankrupt on March 1st, 2010.",True,False,2026-09-10T09:20:48.964172+00:00
Entertainment: Video Games,multiple,hard,"In what year was the game ""Eliminator"" released?",1998,2000 | 1999 | 2001,2026-09-10T09:20:48.964178+00:00
Entertainment: Video Games,multiple,medium,"In the game The World Ends With You, all of these characters act as a game partner with Neku for a week except:",Rhyme,Shiki | Joshua | Beat,2026-09-10T09:20:48.964187+00:00
Entertainment: Video Games,multiple,medium,Who was the first female protagonist in a video game?,Samus Aran,Lara Croft | Alis Landale | Chell,2026-09-10T09:20:48.964199+00:00
Entertainment: Video Games,multiple,medium,Who's the Captain of the S.T.A.R.S. Bravo Team in Resident Evil 1?,Enrico Marini,Albert Wesker | Richard Aiken | Rebecca Chambers,2026-09-10T09:20:48.964216+00:00
Entertainment: Video Games,multiple,medium,"What is the final game of the ""Zero Escape"" series called?",Zero Escape Zero Time Dilemma ,"Nine Hours, Nine Persons, Nine Doors  | Zero Escape Virtue's Last Reward | The Nonary Game: Sigma's Last Life",2026-09-10T09:20:48.964234+00:00
Entertainment: Video Games,multiple,medium,What is the AK-47's name in Counter Strike: Source?,CV-47,AK-74 | AK | CZ-75,2026-09-10T09:20:48.964241+00:00
Entertainment: Video Games,multiple,medium,"Which town was Seamus ""Sledge"" Cowden from ""Tom Clancy's Rainbow Six Siege"" born in?",John O'Groats,Brawl | Kearvaig | Talmine,2026-09-10T09:20:48.964251+00:00
Entertainment: Video Games,multiple,medium,"In the video game series ""Disgaea"", what word does the character Prinny have to include in all sentences they speak?","""Dood""","""Master"" | ""Plip"" | ""Boom""",2026-09-10T09:20:48.964268+00:00
Entertainment: Video Games,multiple,hard,"According to Toby Fox, what was the method to creating the initial tune for Megalovania?",Singing into a Microphone,Playing a Piano | Using a Composer Software | Listened to birds at the park,2026-09-10T09:20:48.964284+00:00
Entertainment: Video Games,multiple,hard,"In ""The Witness"", how many lasers must be activated to get into the mountain area?",7,8 | 5 | 12,2026-09-10T09:20:48.964293+00:00
Entertainment: Video Games,multiple,hard,"""Exile"" and ""Revelations"" were the third and fourth installments of which PC game series?",Myst,Shivers | Doom | Tropico,2026-09-10T09:20:48.964302+00:00
Entertainment: Video Games,multiple,hard,"In the game ""Super Hang-On"" which is the top speed WITH the use of turbo?",324 km/h,320 km/h | 280 km/h | 286 km/h,2026-09-10T09:20:48.964316+00:00
Entertainment: Video Games,multiple,easy,"In Portal 2, how did CEO of Aperture Science, Cave Johnson, presumably die?",Moon Rock Poisoning,Accidentally sending a portal to the Moon | Slipped in the shower | Asbestos Poisoning,2026-09-10T09:20:48.964333+00:00
Entertainment: Video Games,multiple,easy,Which Mario spin-off game did Waluigi make his debut?,Mario Tennis,Mario Party 3 | Mario Kart: Double Dash!! | Mario Golf: Toadstool Tour,2026-09-10T09:20:48.964348+00:00
Entertainment: Video Games,multiple,easy,"In the game ""Fire Emblem: Shadow Dragon"", what is the central protagonist's name?",Marth,Roy | Eliwood | Robin,2026-09-10T09:20:48.964356+00:00
Entertainment: Video Games,multiple,medium,"What is not a playable race in ""Final Fantasy XIV: A Realm Reborn""?",Hume,Miqo'te | Lalafell | Roegadyn,2026-09-10T09:20:48.964365+00:00
Entertainment: Video Games,multiple,medium,"In the ""Call Of Duty: Zombies"" map ""Origins"", how many numbered power generators are there?",6,8 | 5 | 3,2026-09-10T09:20:48.964374+00:00
Entertainment: Video Games,multiple,hard,Which of the following games in the The Legend of Zelda franchise was released in North America before Japan?,The Legend of Zelda: Twilight Princess,Zelda II: The Adventure of Link | The Legend of Zelda: Four Swords Adventures | The Legend of Zelda: Majora's Mask,2026-09-10T09:20:48.964393+00:00
Entertainment: Video Games,multiple,easy,"In the Halo series, which era of SPARTAN is Master Chief? ",SPARTAN-II,SPARTAN-I | SPARTAN-III | SPARTAN-IV,2026-09-10T09:20:48.964400+00:00
Entertainment: Video Games,multiple,medium,"In the Portal series of games, who was the founder of Aperture Science?",Cave Johnson,GLaDOs | Wallace Breen | Gordon Freeman,2026-09-10T09:20:48.964412+00:00
Entertainment: Video Games,multiple,easy,Which of the following is not a character in the video game Doki Doki Literature Club?,Nico,Monika | Natsuki | Sayori,2026-09-10T09:20:48.964420+00:00
Entertainment: Video Games,multiple,medium,Which of these characters won the Super Smash Bros. Fighter Ballot in 2015?,Bayonetta,Cloud | Ryu | Megaman,2026-09-10T09:20:48.964427+00:00
Entertainment: Video Games,boolean,easy,"In Pokémon, Bulbasaur is the only starter pokemon that is a Grass/Poison type.",True,False,2026-09-10T09:20:48.964434+00:00
Entertainment: Video Games,multiple,hard,What major event caused the events of Half-Life 1?,The Resonance Cascade ,The Blue Shift | The Seven Hour War | The Narbacular Drop,2026-09-10T09:20:48.964447+00:00
Entertainment: Video Games,multiple,hard,Which of these Pokémon cannot learn Surf?,Arbok,Linoone | Tauros | Nidoking,2026-09-10T09:20:48.964454+00:00
Entertainment: Video Games,boolean,easy,Peter Molyneux was the founder of Bullfrog Productions.,True,False,2026-09-10T09:20:48.964459+00:00
Entertainment: Video Games,multiple,hard,"In the Super Mario Bros. Series, what is Yoshi's scientific name?",T. Yoshisaur Munchakoopas,Yoshi | T. Yoshisotop Munchakoopas | Yossy,2026-09-10T09:20:48.964469+00:00
Entertainment: Video Games,boolean,hard,"The video game ""Fuel"" has an open world that is 5,560 square miles?",True,False,2026-09-10T09:20:48.964476+00:00
Entertainment: Video Games,multiple,medium,"In the game ""Cave Story,"" what is the character Balrog's catchphrase?",Huzzah!,Yes! | Whoa there! | Nyeh heh heh!,2026-09-10T09:20:48.964491+00:00
Entertainment: Video Games,multiple,medium,What is the browser game Kantai Collection heavily inspired by?,Second World War,Manga | World of Warcraft | An Anime,2026-09-10T09:20:54.559403+00:00
Entertainment: Video Games,multiple,easy,What was the original name of Crash Bandicoot?,Willie Wombat,Coco Bandicoot | Marvelous Mole | Wally Wombat,2026-09-10T09:20:54.559429+00:00
Entertainment: Video Games,multiple,medium,"Which one of the first four titles of the ""Grand Theft Auto"" franchise started the series of iconic image grid cover arts?",Grand Theft Auto III,Grand Theft Auto | Grand Theft Auto II | Grand Theft Auto Vice City,2026-09-10T09:20:54.559450+00:00
Entertainment: Video Games,multiple,medium,"Who voices Max Payne in the 2001 game ""Max Payne""?",James McCaffrey,Sam Lake | Troy Baker | Hideo Kojima,2026-09-10T09:20:54.559464+00:00
Entertainment: Video Games,multiple,medium,"If you play the Super Mario RPG and nap in a rented hotel room, you will wake up next to what familiar looking character?",Link,Wario | Q*bert | Solid Snake,2026-09-10T09:20:54.559478+00:00
Entertainment: Video Games,multiple,hard,"Which team won the ""Tom Clancy's Rainbow Six Siege"" Invitational Event February 2017 in the PC Category?",Continuum,GIFU | Santos Dexterity | eRa Eternity,2026-09-10T09:20:54.559491+00:00
Entertainment: Video Games,multiple,medium,Which one of these is NOT a character in the video game Overwatch,Garen,Reaper | Hana Song | Tracer,2026-09-10T09:20:54.559500+00:00
Entertainment: Video Games,multiple,hard,Which of these characters wasn't a villian in Club Penguin?,The Director,Herbert P. Bear | Tusk | Ultimate Proto-Bot 10000,2026-09-10T09:20:54.559512+00:00
Entertainment: Video Games,multiple,medium,Which of the following games has the most playable characters?,Timesplitters: Future Perfect,Mortal Kombat: Armageddon | Marvel Vs. Capcom 2 | Dragon Ball Z: Budokai Tenkaichi 3,2026-09-10T09:20:54.559533+00:00
Entertainment: Video Games,multiple,medium,"Which game won the ""Games for Impact"" award in The Game Awards 2015?",Life is Strange,Ori and the Blind Forest | Rocket League | Metal Gear Solid V: The Phantom Pain,2026-09-10T09:20:54.559549+00:00
Entertainment: Video Games,multiple,medium,"In the game Destiny, who succeeded Peter Dinklage in voicing the protagonist's ""Ghost""?",Nolan North,John DiMaggio | Mark Hamill |  Troy Baker,2026-09-10T09:20:54.559565+00:00
Entertainment: Video Games,multiple,hard,"In ""Halo"", what is the name of the planet which Installation 04 orbits?",Threshold,Substance | Sanghelios | Te,2026-09-10T09:20:54.559573+00:00
Entertainment: Video Games,multiple,hard,"In World of Warcraft lore, which of the following is known as the God of Spiders in the troll's loa beliefs?",Elortha no Shadra,Bwonsamdi | Hakkar | Shirvallah,2026-09-10T09:20:54.559635+00:00
Entertainment: Video Games,multiple,medium,"Which character is from ""Splatoon""?",Marie,Cyrus | Palutena | Shulk,2026-09-10T09:20:54.559644+00:00
Entertainment: Video Games,multiple,easy,"What was the release date of ""Grand Theft Auto IV""?","April 29, 2008","May 21, 2009 | June 22, 2010 | July 28, 2008",2026-09-10T09:20:54.559660+00:00
Entertainment: Video Games,multiple,medium,Which of these video game series have NOT had a promotional item appear in Team Fortress 2?,Half-Life,Quake | The Binding of Isaac | Fallout,2026-09-10T09:20:54.559670+00:00
Entertainment: Video Games,multiple,hard,"In the ""Little Lost Girl"" Easter Egg in Call of Duty: Black Ops II, what's the last step required for the achievement?",Raise Hell,Freedom | Skewer the Winged Beast | Ascend from Darkness,2026-09-10T09:20:54.559686+00:00
Entertainment: Video Games,multiple,medium,"In vanilla Minecraft, you can make armor out of all BUT which of the following?",Emeralds,Diamonds | Iron | Leather,2026-09-10T09:20:54.559694+00:00
Entertainment: Video Games,multiple,hard,"What is the real name of ""Warhead"" in the Sega Genesis game ""Vectorman""?",Raster,Peacehead | Vectorkid | Bitmap,2026-09-10T09:20:54.559701+00:00
Entertainment: Video Games,multiple,medium,The city of Rockport is featured in which of the following video games?,Need for Speed: Most Wanted (2005),Infamous 2 | Saints Row: The Third | Burnout Revenge,2026-09-10T09:20:54.559718+00:00
Entertainment: Video Games,multiple,easy,"As of the year 2026, how many known moons does Jupiter have?",97,11 | 43 | 104,2026-09-10T09:20:54.559725+00:00
Entertainment: Video Games,multiple,medium,"In Left 4 Dead, what is the name of the virus, as designated by CEDA, that causes most humans to turn into the Infected?",Green Flu,Yellow Fever | T-Virus | Raspberry Sniffles,2026-09-10T09:20:54.559739+00:00
Entertainment: Video Games,multiple,hard,"Counting the Blood and Wine DLC, how many Hero Cards are there in total in The Witcher 3?",25,30 | 20 | 15,2026-09-10T09:20:54.559747+00:00
Entertainment: Video Games,boolean,easy,"In the ""Half-Life"" series, ""H.E.V"" stands for ""Hazardous Evasiveness Vest""",False,True,2026-09-10T09:20:54.559755+00:00
Entertainment: Video Games,boolean,hard,Grand Theft Auto V is the fifteenth installment of the Grand Theft Auto series.,True,False,2026-09-10T09:20:54.559761+00:00
Entertainment: Video Games,multiple,medium,"In ""Warhammer: End Times - Vermintide"", what is the name of the rat faction you fight in the game?",Skaven,Ratmen | The Horde | Chaos,2026-09-10T09:20:54.559772+00:00
Entertainment: Video Games,multiple,hard,"In Xenoblade Chronicles X, which class has a sniper rifle as it's primary weapon?",Partisan Eagle,Blast Fencer | Winged Viper | Bastion Warrior,2026-09-10T09:20:54.559786+00:00
Entertainment: Video Games,multiple,medium,"Which of these songs does NOT play during the Ruins segments of the 2015 game ""Undertale""?",Another Medium,Anticipation | Unnecessary Tension | Ruins,2026-09-10T09:20:54.559901+00:00
Entertainment: Video Games,multiple,easy,"Which game did ""Sonic The Hedgehog"" make his first appearance in?",Rad Mobile,Sonic The Hedgehog | Super Mario 64 | Mega Man,2026-09-10T09:20:54.559918+00:00
Entertainment: Video Games,boolean,easy,"In the video game ""Splatoon"", the playable characters were originally going to be rabbits instead of squids.",True,False,2026-09-10T09:20:54.559927+00:00
Entertainment: Video Games,multiple,medium,"How many games are there in the ""Colony Wars"" series for the PlayStation?",3,2 | 4 | 5,2026-09-10T09:20:54.559935+00:00
Entertainment: Video Games,multiple,hard,"What was the name of the game created by Masahiro Sakurai and Satoru Iwata that would eventually evolve into ""Super Smash Bros.""?",Dragon King: The Fighting Game,Nintendo Legends: Fight! | Martial Arts: King of the Hill | Aerial Warriors: Supreme Battle,2026-09-10T09:20:54.559955+00:00
Entertainment: Video Games,multiple,medium,"How many zombies need to be killed to get the ""Zombie Genocider"" achievement in Dead Rising (2006)?","53,594","53,593 | 53,595 | 53,596",2026-09-10T09:20:54.559970+00:00
Entertainment: Video Games,multiple,medium,What two characters from the game Undertale are never in a relationship or not related?,Frisk & Chara,Sans & Papyrus | Toriel & Asgore | Alphys & Undyne,2026-09-10T09:20:54.559989+00:00
Entertainment: Video Games,multiple,easy,Which of the following was a map that was in Team Fortress 2 at launch?,Gravel Pit,Hoodoo | Gold Rush | Upward,2026-09-10T09:20:54.560000+00:00
Entertainment: Video Games,multiple,easy,"Which of the following weapons in ""Counter-Strike: Global Offensive"" does not have a right-click function?",XM1014,SG553 | R8 Revolver | USP-S,2026-09-10T09:20:54.560010+00:00
Entertainment: Video Games,multiple,medium,"In the 1980s, a service called Gameline allowed users to download games to what console?",Atari 2600,Sega Genesis | Nintendo Entertainment System | ColecoVision,2026-09-10T09:20:54.560023+00:00
Entertainment: Video Games,multiple,medium,What is the canonical name of the Persona 4 protagonist?,Yu Narukami,Minato Arisato | Soji Seta | Nagito Komaeda,2026-09-10T09:20:54.560036+00:00
Entertainment: Video Games,multiple,easy,"In Fallout: New Vegas, which one of these casinos can you not play in?",Lucky 38,The Tops | Gammorah | Ultra-Luxe,2026-09-10T09:20:54.560047+00:00
Entertainment: Video Games,multiple,easy,"What is the name of the 4-armed Chaos Witch from the 2016 video game ""Battleborn""?",Orendi,Orendoo | Oranda | Randy,2026-09-10T09:20:54.560055+00:00
Entertainment: Video Games,boolean,easy,"In ""Sonic Adventure"", you are able to transform into Super Sonic at will after completing the main story.",False,True,2026-09-10T09:20:54.560063+00:00
Entertainment: Video Games,multiple,easy,"In most FPS video games such as Counter-Strike, shooting which part of the body does the highest damage?",Head,Arm | Leg | Chest,2026-09-10T09:20:54.560071+00:00
Entertainment: Video Games,multiple,medium,Which of the following was not developed by Bethesda?,Fallout: New Vegas,Fallout 3 | The Elder Scrolls V: Skyrim | Fallout 4,2026-09-10T09:20:54.560085+00:00
Entertainment: Video Games,boolean,easy,The shotgun appears in every numbered Resident Evil game.,True,False,2026-09-10T09:20:54.560090+00:00
Entertainment: Video Games,multiple,medium,Which Game Development company made No Man's Sky?,Hello Games,Dovetail Games | Valve | Blizzard Entertainment,2026-09-10T09:20:54.560101+00:00
Entertainment: Video Games,multiple,medium,"In Portal, what color is the Morality Core?",Purple,Red | Yellow | Blue,2026-09-10T09:20:54.560107+00:00
Entertainment: Video Games,multiple,hard,Which of the following games in the The Legend of Zelda franchise was released in Japan before North America?,The Legend of Zelda: The Minish Cap,The Legend of Zelda: Twilight Princess | The Legend of Zelda: Spirit Tracks | The Legend of Zelda: Four Swords,2026-09-10T09:20:54.560127+00:00
Entertainment: Video Games,multiple,hard,"In World of Warcraft, which raid instance features a chess event?",Karazhan,Zul'Aman | Blackwing Lair | Temple of Ahn'Qiraj,2026-09-10T09:20:54.560139+00:00
Entertainment: Video Games,multiple,hard,"In the SHMUP series, ""Darius"", what is the name of the antagonist faction you fight against?",Belsar,Bacterion | Bydo | Orn Empire,2026-09-10T09:20:54.560149+00:00
Entertainment: Video Games,multiple,easy,"What is the hardest possible difficulty in ""Deus Ex: Mankind Divided""?",I Never Asked For This,Nightmare | Extreme | Guru,2026-09-10T09:20:54.560162+00:00
Entertainment: Video Games,multiple,easy,"Which of these is not a Dragon Age Origins ""Origin"": ",Human Commoner,Dwarf Commoner | Dwarf Noble | Human Noble,2026-09-10T09:21:00.137602+00:00
Entertainment: Video Games,multiple,medium,"In Portal 2, the iconic character GLaDOS is turned into:",A potato,A tomato | A lemon | An apple,2026-09-10T09:21:00.137652+00:00
Entertainment: Video Games,multiple,medium,"Ellen McLain, the voice of GLaDOS in the Portal game series, is married to the voice actor for which Team Fortress 2 character?",Sniper,Heavy | Soldier | Scout,2026-09-10T09:21:00.137669+00:00
Entertainment: Video Games,multiple,hard,"What Touhou Project character's first ever appearance was as a midboss in the eighth game, Imperishable Night?",Tewi Inaba,Mystia Lorelei | Kaguya Houraisan | Rumia,2026-09-10T09:21:00.137686+00:00
Entertainment: Video Games,multiple,medium,Which of these is NOT a name of a city in the main island of PLAYERUNKNOWN'S BATTLEGROUNDS?,Belushya Guba,Yasnaya Polyana | Pochinki | Georgopol,2026-09-10T09:21:00.137698+00:00
Entertainment: Video Games,multiple,hard,What was the world's first video game?,Draughts,Spacewar! | Pong | Space Travel,2026-09-10T09:21:00.137708+00:00
Entertainment: Video Games,boolean,medium,"In the canon ""Neptunia"" games, Neptune is always the main protagonist.",False,True,2026-09-10T09:21:00.137716+00:00
Entertainment: Video Games,multiple,medium,Which of the following has Jennifer Taylor NOT voiced?,Sarah Kerrigan,Princess Peach | Zoey | Cortana,2026-09-10T09:21:00.137726+00:00
Entertainment: Video Games,multiple,medium,"In Need For Speed: Most Wanted (2005), how many people are there to defeat on the blacklist?",15,5 | 10 | 20,2026-09-10T09:21:00.137735+00:00
Entertainment: Video Games,boolean,medium,"""Metal Gear Solid 3: Snake Eater"" takes place on Shadow Moses Island.",False,True,2026-09-10T09:21:00.137743+00:00
Entertainment: Video Games,multiple,easy,"Which Greek letter represents the ""Half-Life"" logo?",Lambda,Omega | Alpha | Sigma,2026-09-10T09:21:00.137749+00:00
Entertainment: Video Games,boolean,easy,Rollercoaster Tycoon 1 and 2 were developed by Chris Sawyer.,True,False,2026-09-10T09:21:00.137755+00:00
Entertainment: Video Games,multiple,medium,"In the Halo series, what fleet was Thel 'Vadam supreme commander of before being branded an Arbiter?",Fleet of Particular Justice,Fleet of Sacred Consecration | Fleet of Furious Redemption | Fleet of Righteous Vigilance,2026-09-10T09:21:00.137773+00:00
Entertainment: Video Games,boolean,medium,"In the Resident Evil series, Leon S. Kennedy is a member of STARS.",False,True,2026-09-10T09:21:00.137780+00:00
Entertainment: Video Games,multiple,hard,"Which of these characters was considered, but ultimately not included, for Super Smash Bros. Melee?",James Bond,Diddy Kong | Mega Man | Wave Racer,2026-09-10T09:21:00.137794+00:00
Entertainment: Video Games,multiple,medium,"In ""Overwatch"", how much health does Roadhog's ""Take a Breather"" ability recover?",300,100 | 200 | 400,2026-09-10T09:21:00.137802+00:00
Entertainment: Video Games,multiple,medium,"In the 2000 video game ""Crimson Skies,"" what was the name of the protagonists' zeppelin?",Pandora,Helios | Icarus | Orion,2026-09-10T09:21:00.137811+00:00
Entertainment: Video Games,multiple,medium,"How many Mudokons are rescuable in ""Oddworld: New 'N' Tasty""?",299,301 | 50 | 300,2026-09-10T09:21:00.137818+00:00
Entertainment: Video Games,multiple,easy,"What was the first game in the ""Battlefield"" series?",Battlefield 1942,Battlefield Vietnam | Battlefield 2 | Battlefield 1,2026-09-10T09:21:00.137831+00:00
Entertainment: Video Games,multiple,medium,Which team won the first Overwatch League championship?,London Spitfire,Philadelphia Fusion | New York Excelsior | Seoul Dynasty,2026-09-10T09:21:00.137845+00:00
Entertainment: Video Games,multiple,easy,Which Game Boy from the Game Boy series of portable video game consoles was released first?,Game Boy Color,Game Boy Advance | Game Boy Micro | Game Boy Advance SP,2026-09-10T09:21:00.137861+00:00
Entertainment: Video Games,multiple,easy,"In the 2002 video game ""Kingdom Hearts"", how many Keyblades are usable?",18,13 | 16 | 15,2026-09-10T09:21:00.137873+00:00
Entertainment: Video Games,multiple,hard,"In the remake of ""Resident Evil 2"", which medallion does not exist?",Dragon Medallion,Lion Medallion | Unicorn Medallion | Maiden Medallion,2026-09-10T09:21:00.137887+00:00
Entertainment: Video Games,multiple,medium,What numbers did Sayaka Maizono write on the wall in Dangan Ronpa Trigger Happy Havoc?,11037,"4, 8, 15, 16, 23, 42 | 55730 | 3, 9, 11, 12, 15, 17,",2026-09-10T09:21:00.137902+00:00
Entertainment: Video Games,multiple,medium,"In the game Paper Mario for the Nintendo 64 the first partner you meet is a Goomba, what is its name?",Goombario,Goombella | Goombarry | Goomby,2026-09-10T09:21:00.137911+00:00
Entertainment: Video Games,multiple,easy,Which of these is a type of monster found in Minecraft?,Skeleton,Werewolf | Vampire | Minotaur,2026-09-10T09:21:00.137917+00:00
Entertainment: Video Games,multiple,hard,How many people can you recruit in the game Suikoden in a single playthrough?,107,108 | 93 | 96,2026-09-10T09:21:00.137924+00:00
Entertainment: Video Games,multiple,medium,"In Terraria, which of these items is NOT crafted at a Mythril Anvil?",Ankh Charm,Venom Staff | Sky Fracture | Orichalcum Tools,2026-09-10T09:21:00.137939+00:00
Entertainment: Video Games,boolean,easy,"In Resident Evil 4, the Chicago Typewriter has infinite ammo.",True,False,2026-09-10T09:21:00.137945+00:00
Entertainment: Video Games,multiple,medium,From where does the Nintendo video game character Mario derive his name?,The landlord of the American headquarters,Shigeru Miyamoto's father in law | Satoru Iwata's plumber | The date (Mar 10) that Donkey Kong was released.,2026-09-10T09:21:00.137963+00:00
Entertainment: Video Games,multiple,easy,"Which of these is NOT a playable character in ""Left 4 Dead""?",Nick,Louis | Zoey | Bill,2026-09-10T09:21:00.137970+00:00
Entertainment: Video Games,multiple,medium,"What is the name of the common, gun-toting enemies of the ""Oddworld"" video game series?",Sligs,Scrabs | Slogs | Glukkons,2026-09-10T09:21:00.137978+00:00
Entertainment: Video Games,multiple,hard,Which of the four empires in  Eve Online was the first to achieve faster than light travel?,Amarr Empire,Caldari State | Gallente Federation | Minmatar Republic,2026-09-10T09:21:00.137992+00:00
Entertainment: Video Games,boolean,easy,"Ana was added as a new hero for the game Overwatch on July 19th, 2016.",True,False,2026-09-10T09:21:00.137999+00:00
Entertainment: Video Games,multiple,easy,"In Kingdom Hearts, how many members does Organization XIII have in total?",14,10 | 13 | 12,2026-09-10T09:21:00.138006+00:00
Entertainment: Video Games,multiple,hard,"In World of Warcraft lore, who organized the creation of the Paladins?",Alonsus Faol,"Uther the Lightbringer | Alexandros Mograine | Sargeras, The Daemon Lord",2026-09-10T09:21:00.138021+00:00
Entertainment: Video Games,multiple,easy,Valve Corporation is an American video game developer located in which city?,"Bellevue, Washington","Austin, Texas | Seattle, Washington | San Francisco, California",2026-09-10T09:21:00.138035+00:00
Entertainment: Video Games,multiple,medium,"In the ""Halo"" franchise, in what country is New Mombasa?",Kenya,India | Turkey | Slovakia,2026-09-10T09:21:00.138042+00:00
Entertainment: Video Games,multiple,medium,Which video game earned music composer Mike Morasky the most awards for his work?,Portal 2,Left 4 Dead 2 | Team Fortress 2 | Counter-Strike: Global Offensive,2026-09-10T09:21:00.138057+00:00
Entertainment: Video Games,multiple,medium,Which one of these games came out first?,Terraria,Minecraft | Starbound | Factorio,2026-09-10T09:21:00.138066+00:00
Entertainment: Video Games,multiple,hard,"In Counter Strike: Global Offensive, what is the code implanted onto the C4 as the Terrorists plant the bomb?",7355608,7890728 | 7256380 | 7726354,2026-09-10T09:21:00.138075+00:00
Entertainment: Video Games,multiple,medium,"The rights to the ""Rayman"" series are owned by which company?",Ubisoft,Nintendo | EA | Sony,2026-09-10T09:21:00.138082+00:00
Entertainment: Video Games,multiple,easy,"In Spyro the Dragon, what is Spyro's dragonfly friend called?",Sparx,Sam | Sparky | Spinkles,2026-09-10T09:21:00.138089+00:00
Entertainment: Video Games,multiple,medium,"In Undertale, how much do Spider Donuts cost in Hotland?",9999G,7G | 40G | 12G,2026-09-10T09:21:00.138096+00:00
Entertainment: Video Games,multiple,medium,"During the game's development, what was the first ever created Pokémon?",Rhyhorn,Bulbasaur | Mew | Arceus,2026-09-10T09:21:00.138104+00:00
Entertainment: Video Games,multiple,medium,What is the world's first video game console?,Magnavox Odyssey,Coleco Telstar | Nintendo Color TV Game | Atari 2600,2026-09-10T09:21:00.138117+00:00
Entertainment: Video Games,multiple,easy,"Which ""Call Of Duty: Zombies"" map introduced the ""Staffs Of The Ancients""?",Origins,Shangri-La | Revelations | Nuketown,2026-09-10T09:21:00.138125+00:00
Entertainment: Video Games,multiple,easy,"In ""Overwatch"", which hero is able to wallride?",Lucio,Reinhardt | Sombra | Mercy,2026-09-10T09:21:00.138131+00:00
Entertainment: Video Games,boolean,medium,"In ""Starbound"", the track played by the Decorated Music Box is named ""Atlas"".",True,False,2026-09-10T09:21:00.138138+00:00
Entertainment: Video Games,multiple,medium,"In Sid Meier's Civilization V, which World Wonder can only be built in cities on or next to a desert?",Petra,The Pyramids | Alhambra | Mausoleum of Maussollos,2026-09-10T09:21:00.138151+00:00
Entertainment: Video Games,multiple,medium,"In the Portal series, Aperture Science was founded under what name in the early 1940s?",Aperture Fixtures,Aperture Lavatories | Aperture Science Innovators | Wheatley Laboratories,2026-09-10T09:21:05.743706+00:00
Entertainment: Video Games,multiple,easy,In World of Warcraft the default UI color that signifies Druid is what?,Orange,Brown | Green | Blue,2026-09-10T09:21:05.743728+00:00
Entertainment: Video Games,multiple,easy,"How many times do you fight Gilgamesh in ""Final Fantasy 5""?",6,4 | 5 | 3,2026-09-10T09:21:05.743746+00:00
Entertainment: Video Games,multiple,medium,Which of these was NOT a launch title for the Nintendo 64?,Mario Kart 64,Super Mario 64 | Pilotwings 64 | Saikyō Habu Shōgi,2026-09-10T09:21:05.743772+00:00
Entertainment: Video Games,multiple,hard,"In Super Mario RPG: Legend of The Seven Stars, what is Geno's real name?",♡♪!?,Geno | Exor | Smithy,2026-09-10T09:21:05.743787+00:00
Entertainment: Video Games,multiple,easy,"In the lore of the PAYDAY series, which criminal was arrested and then latered rescued by the PAYDAY gang?",Hoxton,Dallas | Wolf | Chains,2026-09-10T09:21:05.743796+00:00
Entertainment: Video Games,boolean,easy,"""Undertale"" is an RPG created by Toby Fox and released in 2015.",True,False,2026-09-10T09:21:05.743804+00:00
Entertainment: Video Games,multiple,medium,What was the #1 selling game on Steam by revenue in 2016?,Sid Meier's Civilization VI,Grand Theft Auto V | Counter Strike: Global Offensive | Dark Souls III,2026-09-10T09:21:05.743821+00:00
Entertainment: Video Games,boolean,easy,"In Pokémon Sun and Moon, a male Salandit can evolve to a Salazzle.",False,True,2026-09-10T09:21:05.743829+00:00
Entertainment: Video Games,boolean,medium,"In ""Resident Evil"", only Chris has access to the grenade launcher.",False,True,2026-09-10T09:21:05.743836+00:00
Entertainment: Video Games,multiple,medium,"What type of genre is the controversial 2015 game ""Hatred""?",Shoot 'Em Up,Point & Click | MMORPG | Simulation,2026-09-10T09:21:05.743849+00:00
Entertainment: Video Games,multiple,easy,In the original Spyro game who is the first villain?,Gnasty Gnorc,Ripto | Sorceress | Cynder,2026-09-10T09:21:05.743858+00:00
Entertainment: Video Games,multiple,easy,Which of these is NOT a team available in the game Pokémon Go?,Team Rocket,Team Instinct | Team Valor | Team Mystic,2026-09-10T09:21:05.743872+00:00
Entertainment: Video Games,multiple,easy,"In the ""Worms"" series of video games, which of these weapons is affected by wind?",Bazooka,Grenade | Air Strike | Mortar,2026-09-10T09:21:05.743882+00:00
Entertainment: Video Games,multiple,medium,"Which stage was planned to be a part of ""Sonic the Hedgehog 2"", but was scrapped during development?",Genocide City Zone,Stardust Speedway Zone | Sky High Zone  | Clockwork Zone,2026-09-10T09:21:05.743898+00:00
Entertainment: Video Games,multiple,medium,"Which of these stages is not playable in ""Super Smash Bros. for Wii U""?",Fountain of Dreams,Bridge of Eldin | 75m | Miiverse,2026-09-10T09:21:05.743909+00:00
Entertainment: Video Games,multiple,medium,Which company developed the MMO Spiral Knights (2011)?,Three Rings Design,Sega | Electronic Arts | Double Fine,2026-09-10T09:21:05.743921+00:00
Entertainment: Video Games,multiple,hard,"In ""Earthbound"", how does one enter ""Master Belch's"" factory?",Wait 3 Minutes,"Enter the password ""Fly Honey"" | Enter the password ""Master Belch Rules"" | Enter the password ""Mr Saturn Drools""",2026-09-10T09:21:05.743938+00:00
Entertainment: Video Games,multiple,easy,"In Counter-Strike: Global Offensive, what's the rarity of discontinued skins called?",Contraband,Discontinued | Diminished | Limited,2026-09-10T09:21:05.743950+00:00
Entertainment: Video Games,multiple,easy,"In Minecraft, which two items must be combined to craft a torch?",Stick and Coal,Stick and Fire | Wood and Coal | Wood and Fire,2026-09-10T09:21:05.743964+00:00
Entertainment: Video Games,multiple,easy,What does IWHBYD stand for on the skull in the Halo series?,I Would Have Been Your Daddy,I Wanna Have Babies You Down | I Would Hate Being Your Driver | I Would Have Bought Your Dog,2026-09-10T09:21:05.743982+00:00
Entertainment: Video Games,boolean,easy,"Gordon Freeman, the protagonist of ""Half-Life"", is said to have once had a ponytail.",True,False,2026-09-10T09:21:05.743989+00:00
Entertainment: Video Games,boolean,medium,"The game series ""Titanfall"" runs on the Unreal Engine.",False,True,2026-09-10T09:21:05.743995+00:00
Entertainment: Video Games,multiple,medium,"In ""The Legend of Zelda: Ocarina of Time,"" what is the maximum amount of rupees that Link can carry?",500,999 | 1000 | 5000,2026-09-10T09:21:05.744004+00:00
Entertainment: Video Games,multiple,hard,Which souls game was not directed by Hidetaka Miyazaki?,Dark Souls 2,Demon Souls | Dark Souls | Dark Souls 3,2026-09-10T09:21:05.744017+00:00
Entertainment: Video Games,boolean,easy,"In the Mortal Kombat series the ""Deadly Alliance"" consists of Shang Tsung and Quan Chi",True,False,2026-09-10T09:21:05.744024+00:00
Entertainment: Video Games,multiple,medium,The character Wario was first introduced in which game of the Mario video game franchise?,Super Mario Land 2: 6 Golden Coins (1992),Super Mario Bros. 3 (1988) | Wario Land: Super Mario Land 3 (1994) | Mario Party (1998),2026-09-10T09:21:05.744043+00:00
Entertainment: Video Games,multiple,medium,"What name does the little headcrab in ""Half Life 2"" have?",Lamarr,Jumperr | Drett | Jerry,2026-09-10T09:21:05.744050+00:00
Entertainment: Video Games,multiple,medium,How many times do you fight the Imprisoned in The Legend of Zelda: Skyward Sword?,3,2 | 4 | 5,2026-09-10T09:21:05.744057+00:00
Entertainment: Video Games,multiple,medium,"Which car is NOT featured in ""Need for Speed: Hot Pursuit 2""?",Toyota MR2,Ford Crown Victoria | BMW Z8 | McLaren F1,2026-09-10T09:21:05.744072+00:00
Entertainment: Video Games,multiple,easy,"Who made the video game, ""Bendy and the Ink Machine""?",TheMeatly,Scott Cawthon |  Jeff Kaplan | Konami,2026-09-10T09:21:05.744083+00:00
Entertainment: Video Games,boolean,medium,"In Rocket League, you can play Basketball.",True,False,2026-09-10T09:21:05.744088+00:00
Entertainment: Video Games,multiple,medium,"In the beginning of the game ""Sonic Adventure"", what color Chaos Emerald does Tails own?",Purple,Red | Green | Blue,2026-09-10T09:21:05.744096+00:00
Entertainment: Video Games,multiple,medium,Who is the main villain of the Crash Bandicoot series?,Dr. Neo Cortex,Dr. Evo-Cortex | Dr. Cortox | Sir Cartex,2026-09-10T09:21:05.744109+00:00
Entertainment: Video Games,multiple,medium,The first version of Blockland came out in which year?,2004,2007 | 2008 | 2006,2026-09-10T09:21:05.744115+00:00
Entertainment: Video Games,multiple,easy,"In Grand Theft Auto V, what was Michael De Santa's former surname?",Townley,De Santos | Watson | Simpson,2026-09-10T09:21:05.744124+00:00
Entertainment: Video Games,boolean,medium,"As of February 2019, the ""Donkey Kong Country"" series only had released five games (not counting remakes or ports).",True,False,2026-09-10T09:21:05.744133+00:00
Entertainment: Video Games,multiple,medium,"Who is the protagonist of the videogame ""Dead Rising 2""?",Chuck Greene,Nick Ramos | Frank West | Katie Greene,2026-09-10T09:21:05.744148+00:00
Entertainment: Video Games,multiple,easy,"In ""Civilization 5"", which civilization can only settle one city?",Venice,India | Liechtenstein | Portugal,2026-09-10T09:21:05.744155+00:00
Entertainment: Video Games,multiple,hard,Why was the character Trevor Philips discharged from the Air Force?,Mental Health Issues,Injuries | Disease | Danger to Others,2026-09-10T09:21:05.744166+00:00
Entertainment: Video Games,multiple,easy,"What household item make the characters of ""Steins; Gate"" travel through time?",Microwave,Computer | Refrigerator | Televison,2026-09-10T09:21:05.744173+00:00
Entertainment: Video Games,multiple,hard,"In Diablo lore, this lesser evil spawned from one of the seven heads of Tathamet, and was known as the Maiden of Anguish.",Andariel,Valla | Malthael | Kashya,2026-09-10T09:21:05.744182+00:00
Entertainment: Video Games,multiple,medium,"In ""Super Mario World 2: Yoshi's Island"", which of these colors is NOT represented by a Yoshi?",White,Purple | Brown | Red,2026-09-10T09:21:05.744191+00:00
Entertainment: Video Games,boolean,easy,Luigi is taller than Mario?,True,False,2026-09-10T09:21:05.744196+00:00
Entertainment: Video Games,multiple,medium,"What was the game ""Galaga"" was a sequel to?",Galaxian,Galactica | Space Invaders | Galactic Wars,2026-09-10T09:21:05.744206+00:00
Entertainment: Video Games,multiple,easy,"In the game Battleblock Theater, what was the name of the voice actor who voiced the narrator?",Will Stamper,Steve Blum | Richard Epcar | Yuri Lowenthal,2026-09-10T09:21:05.744220+00:00
Entertainment: Video Games,multiple,medium,"In the Mario Kart and Smash Bros. Games, Princess Rosalina is considered what weight class?",Heavy,Medium | Light | Light-Medium,2026-09-10T09:21:05.744227+00:00
Entertainment: Video Games,multiple,medium,"Who was the mascot of SEGA before ""Sonic the Hedgehog""?",Alex Kidd,Opa Opa | NiGHTS | Ristar,2026-09-10T09:21:05.744237+00:00
Entertainment: Video Games,multiple,medium,Which of these is NOT a name of a playable character in Apex Legends?,Viper,Revenant | Crypto | Wattson,2026-09-10T09:21:05.744245+00:00
Entertainment: Video Games,boolean,easy,"The game ""Jetpack Joyride"" was created by ""Redbrick Studios"".",False,True,2026-09-10T09:21:05.744251+00:00
Entertainment: Video Games,multiple,easy,Who are the original creators of Rachet & Clank?,Insomniac Games,PixelTail Games | Rare | Bethesda,2026-09-10T09:21:11.344090+00:00
Entertainment: Video Games,multiple,medium,What was the first Super Mario game ever released in North America for the 3DS?,Super Mario 3D Land,Super Mario Maker | New Super Mario Bros. 2 | Mario Kart 7,2026-09-10T09:21:11.344121+00:00
Entertainment: Video Games,multiple,easy,Aperture Science CEO Cave Johnson is voiced by which American actor?,J.K. Simmons,Nolan North | John Patrick Lowrie | Christopher Lloyd,2026-09-10T09:21:11.344136+00:00
Entertainment: Video Games,multiple,medium,What is the lowest amount of max health you can have in Team Fortress 2?,70,100 | 50 | 95,2026-09-10T09:21:11.344144+00:00
Entertainment: Video Games,multiple,medium,"In Night in the Woods, which instrument did Casey play?",Drums,Bass | Piano | Sax,2026-09-10T09:21:11.344151+00:00
Entertainment: Video Games,multiple,medium,In Yakuza 4 who is the first character you play as?,Shun Akiyama,Taiga Saejima | Kazuma Kiryu | Goro Majima,2026-09-10T09:21:11.344163+00:00
Entertainment: Video Games,multiple,hard,Which of these Pokemon is NOT exclusively female?,Clefairy,Salazzle | Mandibuzz | Illumise,2026-09-10T09:21:11.344169+00:00
Entertainment: Video Games,multiple,medium,"When was ""System Shock"" released?",1994,1995 | 2000 | 1998,2026-09-10T09:21:11.344175+00:00
Entertainment: Video Games,boolean,easy,Ryuji Sakamoto is a character from Final Fantasy.,False,True,2026-09-10T09:21:11.344180+00:00
Entertainment: Video Games,multiple,easy,Which race in Guild Wars 2 believes in the Eternal Alchemy?,Asura,Humans | Norn | Charr,2026-09-10T09:21:11.344187+00:00
Entertainment: Video Games,multiple,easy,Who is the main protagonist of Dead Space?,Isaac Clarke,Commander Shepard | Gordon Freeman | Master Chief,2026-09-10T09:21:11.344199+00:00
Entertainment: Video Games,boolean,medium,"In the video game ""Transistor"", ""Red"" is the name of the main character.",True,False,2026-09-10T09:21:11.344207+00:00
Entertainment: Video Games,multiple,easy,Which of the following Elite Four members from the 6th Generation of Pokémon was a member of Team Flare?,Malva,Siebold | Wikstrom | Drasna,2026-09-10T09:21:11.344217+00:00
Entertainment: Video Games,multiple,medium,"In ""Call of Duty: Zombies"", what group does Doctor Maxis work for?",Group 935,Group Reanimate | Group Rezurrection | Division 9,2026-09-10T09:21:11.344232+00:00
Entertainment: Video Games,multiple,hard,"In Rainbow 6 Siege, what is Mozzie's real name?",Max Goose,Mick Seagull | Hugo Sparrow | Dan Bird,2026-09-10T09:21:11.344246+00:00
Entertainment: Video Games,multiple,medium,"In The Elder Scrolls V: Skyrim, who is the jester in the dark brotherhood?",Cicero,Lucien Lachance | Archimedes | Astrid,2026-09-10T09:21:11.344255+00:00
Entertainment: Video Games,multiple,medium,"What CoD ""Deathstreak"" is only featured in Call of Duty : Modern Warfare 2?",Copycat, Martrydom | Final Stand | Revenge,2026-09-10T09:21:11.344267+00:00
Entertainment: Video Games,multiple,medium,What is the main character of Metal Gear Solid 2?,Raiden,Solidus Snake | Big Boss | Venom Snake,2026-09-10T09:21:11.344279+00:00
Entertainment: Video Games,boolean,easy,"In Pokémon, Arbok evolves into Seviper.",False,True,2026-09-10T09:21:11.344285+00:00
Entertainment: Video Games,multiple,easy,"""Minecraft"" was released from beta in 2011 during a convention held in which city?",Las Vegas,Paris | Bellevue | London,2026-09-10T09:21:11.344294+00:00
Entertainment: Video Games,multiple,easy,Who turns out to be the true victor in the Battle of Armageddon in Mortal Kombat?,Shao Kahn,Liu Kang | Shang Tsung | Raiden,2026-09-10T09:21:11.344307+00:00
Entertainment: Video Games,multiple,medium,What was the name of the protagonist of Metal Gear Solid V: The Phantom Pain?,"Punished ""Venom"" Snake",Miller | Solid Snake | Ocelot,2026-09-10T09:21:11.344318+00:00
Entertainment: Video Games,multiple,medium,"What is the name of the currency in the ""Animal Crossing"" series?",Bells,Sea Shells | Leaves | Bugs,2026-09-10T09:21:11.344327+00:00
Entertainment: Video Games,boolean,easy,"""Half-Life 2"" runs on the Source Engine.",True,False,2026-09-10T09:21:11.344333+00:00
Entertainment: Video Games,multiple,easy,"In ""Phoenix Wright: Ace Attorney"" which character is the District Chief of Police?",Damon Gant,Miles Edgeworth | Lana Skye | Mike Meekins,2026-09-10T09:21:11.344347+00:00
Entertainment: Video Games,multiple,hard,Which variant of the MP5 is depicted in Counter-Strike 1.6?,MP5N,MP5SD | MP5K | MP5RAS,2026-09-10T09:21:11.344354+00:00
Entertainment: Video Games,multiple,easy,Who is the leader of Team Valor in Pokémon Go?,Candela,Willow | Blanche | Spark,2026-09-10T09:21:11.344361+00:00
Entertainment: Video Games,multiple,medium,Which of the following characters were considered for inclusion in Super Smash Bros. Melee?,Lucas,Mega Man | Meta Knight | Diddy Kong,2026-09-10T09:21:11.344374+00:00
Entertainment: Video Games,multiple,easy,"In Pokemon Red & Blue, what is the name of HM05?",Flash,Strength | Cut | Fly,2026-09-10T09:21:11.344382+00:00
Entertainment: Video Games,multiple,medium,"Who is the main protagonist of ""Ace Combat Zero: The Belkan War""?",Cipher,Mobius 1 | Blaze | Pixy,2026-09-10T09:21:11.344408+00:00
Entertainment: Video Games,multiple,easy,Who in this list is one of the co-founders of Valve?,Gabe Newell,Robin Walker | Marc Laidlaw | Ray Ueno,2026-09-10T09:21:11.344430+00:00
Entertainment: Video Games,multiple,medium,Which of the following is not a real Pokémon?,Luminid,Dragalge | Mandibuzz | Araquanid,2026-09-10T09:21:11.344440+00:00
Entertainment: Video Games,multiple,easy,"In ""Phantasy Star Online 2"", which is the first area that you are granted access to?",Forest,Swamp | Plains | Caves,2026-09-10T09:21:11.344449+00:00
Entertainment: Video Games,multiple,medium,"In ""Paper Mario: The Thousand Year Door"", what is Hooktail's weakness?",The Sound of Crickets,"Attacks from Koopas | The ""Ice Storm"" Item | The Hammer",2026-09-10T09:21:11.344466+00:00
Entertainment: Video Games,multiple,medium,"Who created the pump ""F.L.U.D.D."" Mario uses in Super Mario Sunshine?",Elvin Gadd,Robert Fludd | Nirona | Crygor,2026-09-10T09:21:11.344476+00:00
Entertainment: Video Games,boolean,hard,Danganronpa 2: Goodbye Despair featured all of the surviving students from the first game.,False,True,2026-09-10T09:21:11.344483+00:00
Entertainment: Video Games,boolean,easy,In Kingdom Hearts the Paopu fruit is said to intertwine the destinies for two people forever.,True,False,2026-09-10T09:21:11.344490+00:00
Entertainment: Video Games,multiple,medium,"In the game Minecraft, how many iron ingots are required to make an iron golem?",36,40 | 32 | 46,2026-09-10T09:21:11.344498+00:00
Entertainment: Video Games,multiple,easy,Which of the following is not a faction in Tom Clancy's The Division?,CDC,Cleaners | Last Man Batallion | Rikers,2026-09-10T09:21:11.344507+00:00
Entertainment: Video Games,multiple,medium,"In ""A Hat In Time"" who is the final boss?",Mustache Girl,Snatcher | Conductor | Mafia Boss,2026-09-10T09:21:11.344517+00:00
Entertainment: Video Games,multiple,easy,"What company created and developed the game ""Overwatch""?",Blizzard Entertainment,Valve | Hi-Rez Studios | Gearbox Software,2026-09-10T09:21:11.344528+00:00
Entertainment: Video Games,multiple,easy,"Who is the protagonist in the game ""The Walking Dead: Season One""?",Lee Everett,Clementine | Kenny | Rick Grimes,2026-09-10T09:21:11.344539+00:00
Entertainment: Video Games,multiple,hard,"Which day in ""Papers, Please"" does the man in red appear?",Day 23,Day 20 | Day 17 | Day 15,2026-09-10T09:21:11.344552+00:00
Entertainment: Video Games,multiple,easy,What is the title of song on the main menu in Halo?,Halo,Opening Suite | Shadows | Suite Autumn,2026-09-10T09:21:11.344565+00:00
Entertainment: Video Games,boolean,medium,David Baszucki was a co-founder of ROBLOX Corporation.,True,False,2026-09-10T09:21:11.344570+00:00
Entertainment: Video Games,multiple,medium,"Which of the following is not a prosecutor in the ""Ace Attorney"" video game series?",Jake Marshall,Godot | Miles Edgeworth | Jacques Portsman,2026-09-10T09:21:11.344583+00:00
Entertainment: Video Games,multiple,medium,Which Touhou character is a Hell Raven?,Utsuho Reiuji,Flandre Scarlet | Marisa Kirisame | Aya Shameimaru,2026-09-10T09:21:11.344594+00:00
Entertainment: Video Games,multiple,hard,The creeper in Minecraft was the result of a bug while implementing which creature?,Pig,Zombie | Chicken | Cow,2026-09-10T09:21:11.344602+00:00
Entertainment: Video Games,boolean,medium,Mortal Kombat was almost based on Jean-Claude Van Damme movie.,True,False,2026-09-10T09:21:11.344607+00:00
Entertainment: Video Games,multiple,hard,"Which character, in the game ""Morenatsu"", has the most possible endings to their route, at a total of four different endings?",Shin Kuroi,Kouya Aotsuki | Soutarou Touno | Torahiko Ooshima,2026-09-10T09:21:11.344623+00:00
Entertainment: Video Games,multiple,easy,"What Ultimate does Makoto Naegi, protagonist of Danganronpa: Trigger Happy Havoc, have? ",Ultimate Lucky Student,Ultimate Unlucky Student | Ultimate Detective | Ultimate Runner,2026-09-10T09:21:16.948805+00:00
Entertainment: Video Games,multiple,easy,"In Night In The Woods, where does Gregg work?",Snack Falcon,"Ol' Pickaxe | Video Outpost ""Too"" | Food Donkey",2026-09-10T09:21:16.948832+00:00
Entertainment: Video Games,multiple,medium,What is a Tetris piece called?,Tetromino,Tetratile | Tetris | Tetripiece,2026-09-10T09:21:16.948839+00:00
Entertainment: Video Games,boolean,easy,"There are 6 legendary cards in ""Clash Royale"".",False,True,2026-09-10T09:21:16.948845+00:00
Entertainment: Video Games,boolean,easy,"In the game ""Subnautica"", a ""Spadefish"" will attack you.",False,True,2026-09-10T09:21:16.948853+00:00
Entertainment: Video Games,multiple,medium,"From the Meme Culture, which Mario game immerged ""Weegee""?",Mario is Missing! MS-DOS Version ,Mario is Missing! SNES Version | Mario is Missing! NES Version | Mario is Missing! MSX Version,2026-09-10T09:21:16.948871+00:00
Entertainment: Video Games,multiple,hard,"In which game did the character ""Mario"" make his first appearance?",Donkey Kong,Super Mario Bros. | Super Mario Land | Mario Bros.,2026-09-10T09:21:16.948886+00:00
Entertainment: Video Games,multiple,hard,Which game was exclusive to Dreamcast?,Pen Pen TriIcelon,Sylvester & Tweety in Cagey Capers | Perfect Dark | Tetrisphere,2026-09-10T09:21:16.948902+00:00
Entertainment: Video Games,multiple,medium,Who was Tetris created by?,Alexey Pajitnov,Toru Iwatani | Allan Alcorn | William Higinbotham,2026-09-10T09:21:16.948916+00:00
Entertainment: Video Games,multiple,medium,"How many regular Sunken Sea Scrolls are there in ""Splatoon""?",27,32 | 30 | 5,2026-09-10T09:21:16.948923+00:00
Entertainment: Video Games,multiple,easy,Rincewind from the 1995 Discworld game was voiced by which member of Monty Python?,Eric Idle,John Cleese | Terry Gilliam | Michael Palin,2026-09-10T09:21:16.948938+00:00
Entertainment: Video Games,multiple,medium,"In the game Pokémon Conquest, how many kingdoms make up the region of Ransei?",17,18 | 15 | 16,2026-09-10T09:21:16.948947+00:00
Entertainment: Video Games,multiple,easy,Who stars in Brutal Legend?,Jack Black,Kanye West | Lemmy | Ozzy Osbourne,2026-09-10T09:21:16.948958+00:00
Entertainment: Video Games,multiple,easy,Who is the last boss in Night In The Woods' Demontower minigame?,The Blood Thief,Mega Hairball  | King Skellie  | Krampus ,2026-09-10T09:21:16.948973+00:00
Entertainment: Video Games,multiple,medium,"In the 2002 video game ""Kingdom Hearts"", how many playable worlds were there?",14,13 | 16 | 11,2026-09-10T09:21:16.948981+00:00
Entertainment: Video Games,multiple,easy,Who is the main protagonist in Danganronpa 2: Goodbye Despair?,Hajime Hinata,Nagito Komaeda | Makoto Naegi | Junko Enoshima,2026-09-10T09:21:16.948995+00:00
Entertainment: Video Games,multiple,medium,"In ""The Binding of Isaac"", what is the name of the final boss that you fight in The Void?",Delirium,Mega Satan | Hush | The Lamb,2026-09-10T09:21:16.949007+00:00
Entertainment: Video Games,boolean,easy,Nintendo's Luigi was originally just called Green Mario?,False,True,2026-09-10T09:21:16.949013+00:00
Entertainment: Video Games,multiple,easy,Who is the main antagonist of Ori and the Blind Forest?,Kuro,Nibel | Gumo | King Rammer XII,2026-09-10T09:21:16.949022+00:00
Entertainment: Video Games,multiple,easy,What minimum level in the Defence skill is needed to equip Dragon Armour in the MMO RuneScape?,60,65 | 55 | 70,2026-09-10T09:21:16.949030+00:00
Entertainment: Video Games,multiple,medium,What was the first game ever released that ran on the Source engine?,Counter-Strike: Source,Half-Life 2 | Garry's Mod | Team Fortress 2,2026-09-10T09:21:16.949045+00:00
Entertainment: Video Games,multiple,hard,"Which game in the ""Halo"" series has the strongest iteration of the shotgun?",Halo: Combat Evolved,Halo 2 | Halo 3 | Halo: Reach,2026-09-10T09:21:16.949060+00:00
Entertainment: Video Games,multiple,easy,What Nationality is D.Va from Overwatch?,Korean,Japanese | Chinese | Vietnamese ,2026-09-10T09:21:16.949068+00:00
Entertainment: Video Games,multiple,medium,"In Fallout 4, which type of power armor is first encountered in the early mission ""When Freedom Calls"" in a crashed Vertibird?",T-45,T-51 | T-60 | X-01,2026-09-10T09:21:16.949078+00:00
Entertainment: Video Games,multiple,hard,Which one of these characters appeared in Marvel vs Capcom: Infinite? ,Firebrand,Wolverine | Dr. Doom | Jill Valentine,2026-09-10T09:21:16.949089+00:00
Entertainment: Video Games,multiple,easy,"In the game ""DELTARUNE"", what is Ralsei's special ability?",Pacify,Persuade | Eliminate | Hug,2026-09-10T09:21:16.949097+00:00
Entertainment: Video Games,multiple,hard,"Which video game was recalled for containing a hidden, playable South Park episode?",Tiger Woods 99 PGA Tour,Tony Hawk's Pro Skater 3 | Sonic Adventure | Madden 99,2026-09-10T09:21:16.949113+00:00
Entertainment: Video Games,multiple,easy,"In what year was the first ""Mass Effect"" game released?",2007,2008 | 2009 | 2010,2026-09-10T09:21:16.949120+00:00
Entertainment: Video Games,multiple,easy,Which eSports team came first place in The International Dota 2 Championship 2016?,Wings Gaming,Digital Chaos | Evil Geniuses | Fnatic,2026-09-10T09:21:16.949132+00:00
Entertainment: Video Games,multiple,easy,"The ""Day of Defeat"" series of games take place during which war?",World War II,World War I | Vietnam War | Iraq War,2026-09-10T09:21:16.949147+00:00
Entertainment: Video Games,multiple,easy,"In the video game ""Postal 2"", what is the name of Postal Dude's dog?",Champ,Snoopy | Krotchy | Duke,2026-09-10T09:21:16.949156+00:00
Entertainment: Video Games,multiple,hard,What is the homeworld of the Elites from Halo?,Sanghelios,Te | Doisac | Eayn,2026-09-10T09:21:16.949163+00:00
Entertainment: Video Games,multiple,easy,"In the Nintendo DS game 'Ghost Trick: Phantom Detective', what is the name of the hitman seen at the start of the game?",Nearsighted Jeego,One Step Ahead Tengo | Missile | Cabanela,2026-09-10T09:21:16.949178+00:00
Entertainment: Video Games,multiple,easy,"In Need for Speed: Most Wanted (2005), what was the name of the main antagonist?","Clarence ""Razor"" Callahan","Hector ""Ming"" Domingo | Toru ""Bull"" Sato | Karl ""Baron"" Smit",2026-09-10T09:21:16.949195+00:00
Entertainment: Video Games,multiple,hard,Which retro video game was released first?,Space Invaders,Galaga | Pac-Man | Asteroids,2026-09-10T09:21:16.949207+00:00
Entertainment: Video Games,multiple,medium,"What was the first weapon pack for ""PAYDAY 2""?",The Gage Weapon Pack #1,The Overkill Pack | The Gage Chivalry Pack | The Gage Historical Pack,2026-09-10T09:21:16.949223+00:00
Entertainment: Video Games,multiple,medium,In which U.S. state is Far Cry 5's fictional setting 'Hope County' located?,Montana,Idaho | Wyoming | North Carolina,2026-09-10T09:21:16.949233+00:00
Entertainment: Video Games,multiple,easy,Who is the main protagonist in the game Life is Strange: Before The Storm?,Chloe Price ,Max Caulfield | Rachel Amber | Frank Bowers,2026-09-10T09:21:16.949247+00:00
Entertainment: Video Games,boolean,easy,"In the ""S.T.A.L.K.E.R."" series, the Freedom faction wishes to destroy the supernatural area known as  ""the Zone"".",False,True,2026-09-10T09:21:16.949256+00:00
Entertainment: Video Games,multiple,easy,What year was Super Mario Bros. released?,1985,1983 | 1987 | 1986,2026-09-10T09:21:16.949263+00:00
Entertainment: Video Games,multiple,medium,"Which of these is NOT a playable character race in the video game ""Starbound""?",Fenerox,Floran | Novakid | Hylotl,2026-09-10T09:21:16.949271+00:00
Entertainment: Video Games,multiple,hard,"In the original ""Super Mario Bros."", what is the acceleration of Mario if he was in free fall?",91.28 m/s^2,110  m/s^2 | 9.42  m/s^2 | 4.4  m/s^2,2026-09-10T09:21:16.949289+00:00
Entertainment: Video Games,multiple,medium,"Who is the main character in the video game ""Just Cause 3""?",Rico Rodriguez,Tom Sheldon | Marcus Holloway | Mario Frigo,2026-09-10T09:21:16.949303+00:00
Entertainment: Video Games,multiple,hard,"In the popular MOBA League of Legends, which of the following champions is nicknamed ""the Virtuoso""?",Jhin,Kayle | Ezreal | Camille,2026-09-10T09:21:16.949312+00:00
Entertainment: Video Games,multiple,hard,"What video game company developed the 2004 racing game ""Burnout 3: Takedown""?",Criterion Games,EA Black Box | Codemasters | Rockstar Games,2026-09-10T09:21:16.949325+00:00
Entertainment: Video Games,boolean,easy,"The game ""Pocket Morty"" has a Morty called ""Pocket Mortys Morty""?",True,False,2026-09-10T09:21:16.949332+00:00
Entertainment: Video Games,multiple,easy,Which company did Gabe Newell work at before founding Valve Corporation?,Microsoft,Apple | Google | Yahoo,2026-09-10T09:21:16.949339+00:00
Entertainment: Video Games,multiple,easy,Which of the following is not a character in the Street Fighter series?,Mai Shiranui,Laura Matsuda | Sakura Kasugano | Ibuki,2026-09-10T09:21:16.949351+00:00
Entertainment: Video Games,multiple,hard,"The Internet Meme ""All your base are belong to us"" is based on the poorly translated English Version of which Video Game?",Zero Wing,F-Zero | Wing Commander | Star Wars: X-Wing,2026-09-10T09:21:16.949366+00:00
Entertainment: Video Games,multiple,medium,Which CS:GO eSports team won the major event ESL One Cologne 2016?,SK Gaming,Team Liquid | Fnatic | Virtus.pro,2026-09-10T09:21:16.949377+00:00
Entertainment: Video Games,multiple,medium,Killing Floor started as a mod for which Unreal Engine 2 game?,Unreal Tournament 2004,Deus Ex: Invisible War | Unreal Tournament 3 | Postal,2026-09-10T09:21:22.537889+00:00
Entertainment: Video Games,boolean,easy,There are 2 player roles in Trouble in Terrorist Town.,False,True,2026-09-10T09:21:22.537928+00:00
Entertainment: Video Games,multiple,medium,Phil Fish was the designer of which game?,Fez,Super Meat Boy | Hotline Miami | FTL,2026-09-10T09:21:22.537943+00:00
Entertainment: Video Games,boolean,easy,Solid Snake is actually a clone from the DNA of Big Boss in the Metal Gear Solid series' history.,True,False,2026-09-10T09:21:22.537952+00:00
Entertainment: Video Games,multiple,medium,"The first game in the Touhou Project, ""Highly Responsive to Prayers"", is part of which genre?",Breakout/Arkanoid,Shoot 'em Up | Puzzle | Fighter,2026-09-10T09:21:22.537967+00:00
Entertainment: Video Games,multiple,easy,"In the ""Metal Gear Solid"" series, what's the name of Solid Snake's brother?",Liquid Snake,Kulus Snake | Billy Snake | Gilur Snake,2026-09-10T09:21:22.537982+00:00
Entertainment: Video Games,multiple,medium,"What was the first ""Team Fortress 2"" update to include a war?",Sniper vs. Spy Update,WAR! Update | Meet Your Match Update | Spy Vs. Engineer Update,2026-09-10T09:21:22.537999+00:00
Entertainment: Video Games,multiple,easy,"What is the name of ""Team Fortress 2"" update, in which it became Free-to-play?",Über Update,Pyromania Update | Mann-Conomy Update | Engineer Update,2026-09-10T09:21:22.538015+00:00
Entertainment: Video Games,multiple,medium,"In the Mass Effect trilogy, who is the main protagonist?",Shepard,Mordin | Garrus | Thane,2026-09-10T09:21:22.538022+00:00
Entertainment: Video Games,multiple,medium,"What is the name of the creature that the main character befriends in ""The Last Guardian""?",Trico,Nico | Wolf | Andazi,2026-09-10T09:21:22.538030+00:00
Entertainment: Video Games,multiple,medium,"In Terraria, which of the following items does the Martian Saucer mini-boss NOT drop?",Drill Containment Unit,Anti-Gravity Hook | Influx Waver | Cosmic Car Key,2026-09-10T09:21:22.538045+00:00
Entertainment: Video Games,boolean,easy,"In ""Space Station 13"",  the station has a clown aboard it.",True,False,2026-09-10T09:21:22.538051+00:00
Entertainment: Video Games,multiple,medium,"In Need For Speed Most Wanted (2005), what do you drive at the beginning of the career mode?",BMW M3 GTR,Porsche 911 Turbo | Nissan 240SX | Ford Mustang,2026-09-10T09:21:22.538067+00:00
Entertainment: Video Games,boolean,medium,Shang Tsung is a playable character in Mortal Kombat XL.,False,True,2026-09-10T09:21:22.538073+00:00
Entertainment: Video Games,multiple,easy,In the Yakuza series who is the Dragon of Dojima?,Kazuma Kiryu,Sohei Dojima | Ryuji Goda | Haruka Sawamura,2026-09-10T09:21:22.538085+00:00
Entertainment: Video Games,multiple,medium,"In Team Fortress 2, which class wields a shotgun?",Everyone Listed,Heavy | Soldier | Engineer,2026-09-10T09:21:22.538093+00:00
Entertainment: Video Games,multiple,easy,What is the name of the main healing item in Dark Souls?,Estus Flask,Health Potion | Orange Juice | Ashen Flask,2026-09-10T09:21:22.538106+00:00
Entertainment: Video Games,multiple,medium,What was the first .hack game?,.hack//Infection,.hack//Zero | .hack//Sign | .hack//Liminality,2026-09-10T09:21:22.538119+00:00
Entertainment: Video Games,multiple,easy,What is Pikachu's National PokéDex Number?,#025,#001 | #031 | #109,2026-09-10T09:21:22.538132+00:00
Entertainment: Video Games,boolean,medium,The ADAM collecters in the Bioshock series are known as Little Sisters.,True,False,2026-09-10T09:21:22.538138+00:00
Entertainment: Video Games,multiple,medium,"When was the video game publisher ""Ubisoft"" founded ?",March 1986,April 1990 | June 2001 | August 1956,2026-09-10T09:21:22.538151+00:00
Entertainment: Video Games,multiple,medium,What was the first interactive movie video game?,Astron Belt,Dragon's Lair | Cube Quest | M.A.C.H. 3,2026-09-10T09:21:22.538163+00:00
Entertainment: Video Games,multiple,easy,Which student in Yandere Simulator is known for asking irritating and stupid questions?,Midori Gurin,Kokona Hruka | Oka Ruto | Pipi Osu,2026-09-10T09:21:22.538177+00:00
Entertainment: Video Games,multiple,easy,"In ""Call Of Duty: Zombies"", what is the name of the machine that upgrades weapons?",Pack-A-Punch,Wunderfizz | Gersch Device | Mule Kick,2026-09-10T09:21:22.538188+00:00
Entertainment: Video Games,multiple,medium,Who is Sora's Nobody in Kingdom Hearts?,Roxas,Riku | Kairi | Mickey,2026-09-10T09:21:22.538194+00:00
Entertainment: Video Games,multiple,medium,Which episode of the Phantasy Star Online series is exclusive to the Nintendo Gamecube?,Episode III,Episode I | Episode II | Episode IV,2026-09-10T09:21:22.538208+00:00
Entertainment: Video Games,multiple,medium,Which of the following games was not a launch title for the Nintendo Gamecube?,Super Mario Sunshine,Luigi’s Mansion | Star Wars Rogue Squadron II | Disney’s Tarzan Untamed,2026-09-10T09:21:22.538226+00:00
Entertainment: Video Games,multiple,easy,"What video game sparked controversy because of its hidden ""Hot Coffee"" minigame?",Grand Theft Auto: San Andreas,Grand Theft Auto: Vice City | Hitman: Blood Money | Cooking Mama,2026-09-10T09:21:22.538242+00:00
Entertainment: Video Games,multiple,easy,When was Minecraft first released to the public?,"May 17th, 2009","September 17th, 2009 | November 18th, 2011 | October 7th, 2011",2026-09-10T09:21:22.538256+00:00
Entertainment: Video Games,multiple,easy,What war is Call Of Duty: Black Ops based on?,Cold War,WW3 | Vietnam | WW1,2026-09-10T09:21:22.538265+00:00
Entertainment: Video Games,boolean,medium,"In World of Warcraft lore, Thrall is the original wielder of ""Doomhammer"".",False,True,2026-09-10T09:21:22.538272+00:00
Entertainment: Video Games,multiple,easy,"Which of the following characters from the game ""Overwatch"" was revealed to be homosexual in December of 2016?",Tracer,Widowmaker | Sombra | Symmetra,2026-09-10T09:21:22.538280+00:00
Entertainment: Video Games,multiple,medium,Who composed the soundtrack for the game VVVVVV?,Magnus Pålsson,Terry Cavanagh | Danny Baranowsky | Joel Zimmerman,2026-09-10T09:21:22.538294+00:00
Entertainment: Video Games,boolean,easy,"In the Super Mario series, the character Pauline is a Princess like Princess Peach.",False,True,2026-09-10T09:21:22.538301+00:00
Entertainment: Video Games,multiple,hard,Which of these online games was originally named LindenWorld in it's early development?,SecondLife,ActiveWorlds | IMVU | HabboHotel,2026-09-10T09:21:22.538308+00:00
Entertainment: Video Games,multiple,medium,"Who created Agent 47 in the game series ""Hitman""?",Dr. Otto Wolfgang Ort-Meyer,Professor Hertz Amadeus Schneider | Dr. Josef Mengele | Professor Otto Rothwinkler,2026-09-10T09:21:22.538325+00:00
Entertainment: Video Games,multiple,medium,"In Pokemon Diamond, Pearl and Platinum, where can a Munchlax be found?",Honey Trees,Trading with an NPC | Grass on Route 209 | Wayward Cave,2026-09-10T09:21:22.538340+00:00
Entertainment: Video Games,multiple,medium,"When was the game ""Roblox"" released?",2006,2003 | 2002 | 2007,2026-09-10T09:21:22.538346+00:00
Entertainment: Video Games,multiple,easy,"In the game Half-Life, which enemy is showcased as the final boss?",The Nihilanth,Dr. Wallace Breen | G-Man | The Gonarch,2026-09-10T09:21:22.538362+00:00
Entertainment: Video Games,multiple,medium,"Which of the following games in the Anno series introduced the ""Eco Balance"" gameplay mechanic?",Anno 2070,Anno 1404 | Anno 2205 |  Anno 1701,2026-09-10T09:21:22.538377+00:00
Entertainment: Video Games,multiple,easy,Who is the main character in Metal Gear Rising: Revengeance?,Raiden,Solid Snake | Otacon | Revolver Ocelot,2026-09-10T09:21:22.538387+00:00
Entertainment: Video Games,multiple,medium,"Which one of these ""Mortal Kombat"" characters has been playable in every single mainline game?",Sub-Zero,Raiden | Scorpion | Liu Kang,2026-09-10T09:21:22.538397+00:00
Entertainment: Video Games,multiple,medium,"In what year was ""Super Mario Sunshine"" released?",2002,2003 | 2000 | 2004,2026-09-10T09:21:22.538403+00:00
Entertainment: Video Games,multiple,medium,Which of these Counter-Strike maps is a bomb defuse scenario?,Prodigy,747 | Havana | Oilrig,2026-09-10T09:21:22.538410+00:00
Entertainment: Video Games,multiple,medium,"Which of these characters was almost added into Super Smash Bros. Melee, but not included as the game was too far in development?",Solid Snake,Pit | Meta Knight | R.O.B.,2026-09-10T09:21:22.538422+00:00
Entertainment: Video Games,boolean,easy,"In Sonic the Hedgehog universe, Tails' real name is Miles Prower.",True,False,2026-09-10T09:21:22.538429+00:00
Entertainment: Video Games,multiple,hard,"In the game ""Sonic the Hedgehog (1991)"" how many chaos emeralds could you collect?",6,8 | 7 | 9,2026-09-10T09:21:22.538437+00:00
Entertainment: Video Games,multiple,medium,"In ""PUBATTLEGROUNDS"" what is the name of the Military Base island?",Sosnovka,Novorepnoye | Mylta | Yasnaya,2026-09-10T09:21:22.538445+00:00
Entertainment: Video Games,multiple,hard,"In the game Warframe, what Mastery Rank do you need to have to build the Tigris Prime?",13,6 | 18 | 10,2026-09-10T09:21:22.538453+00:00
Entertainment: Video Games,multiple,easy,"In World of Warcraft, What was the name of the spell that caused a plague that famously killed millions of players in 2005?",Corrupted Blood,Necrotic Plague | Unbound Infestation | Mutated Infection,2026-09-10T09:21:22.538471+00:00
Entertainment: Video Games,multiple,easy,Rocket League is a game which features..,Cars,Helicopters | Planes | Submarines,2026-09-10T09:21:28.241970+00:00
Entertainment: Video Games,multiple,medium,"Which Overwatch character says the line ""Heroes never die!""?",Mercy,Reaper | Sonic | Ana,2026-09-10T09:21:28.241991+00:00
Entertainment: Video Games,multiple,hard,In the National Pokedex what number is Porygon-Z?,474,376 | 432 | 589,2026-09-10T09:21:28.241999+00:00
Entertainment: Video Games,multiple,hard,"In Hollow Knight, how many Precepts does Zote have?",Fifty-Seven,Sixty-Nine | Fourty-Three | Ninety-One,2026-09-10T09:21:28.242006+00:00
Entertainment: Video Games,multiple,medium,"In ""The Elder Scrolls 3: Morrowind"", which of the following factions is not joinable?",The Dark Brotherhood,Fighters Guild | Mages Guild | Thieves Guild,2026-09-10T09:21:28.242024+00:00
Entertainment: Video Games,multiple,easy,The starting pistol of the Terrorist team in a competitive match of Counter Strike: Global Offensive is what?,Glock-18,Tec-9 | Desert Eagle | Dual Berretas,2026-09-10T09:21:28.242037+00:00
Entertainment: Video Games,multiple,easy,Which company developed the free battle royale game Fortnite?,Epic Games,Valve | Ubisoft | Square Enix,2026-09-10T09:21:28.242047+00:00
Entertainment: Video Games,multiple,medium,How many normal endings are there in Cry Of Fear's campaign mode?,4,5 | 3 | 6,2026-09-10T09:21:28.242055+00:00
Entertainment: Video Games,multiple,easy,What video game engine does the videogame Quake 2 run in?,iD Tech 2,iD Tech 3 | iD Tech 1 | Unreal Engine,2026-09-10T09:21:28.242070+00:00
Entertainment: Video Games,multiple,medium,What country is Sean Matsuda from in Street Fighter?,Brazil,Japan | USA | UK,2026-09-10T09:21:28.242076+00:00
Entertainment: Video Games,multiple,easy,"In the Street Fighter franchise, what's Ken's surname?",Masters,Mitchell | Michaels | Morrison,2026-09-10T09:21:28.242082+00:00
Entertainment: Video Games,multiple,hard,Which of these games was NOT developed by Markus Persson?,Dwarf Fortress,Minecraft | Wurm Online | 0x10c,2026-09-10T09:21:28.242092+00:00
Entertainment: Video Games,multiple,medium,Which one of these games wasn't released in 2016?,Metal Gear Solid V,Tom Clancy's The Division | Killing Floor 2 | Hitman,2026-09-10T09:21:28.242105+00:00
Entertainment: Video Games,multiple,easy,When was the game 'Portal 2' released?,2011,2014 | 2009 | 2007,2026-09-10T09:21:28.242111+00:00
Entertainment: Video Games,multiple,hard,Which one of the following titles by Valve is not based on a Community Mod?,Ricochet,Day of Defeat | Counter-Strike | Alien Swarm,2026-09-10T09:21:28.242122+00:00
Entertainment: Video Games,multiple,easy,What is the name of the playable character in the 2018 video game Deltarune: Chapter 1?,Kris,Frisk | Chara | Gaster,2026-09-10T09:21:28.242130+00:00
Entertainment: Video Games,multiple,easy,Who created the digital distribution platform Steam?,Valve,Pixeltail Games | Ubisoft | Electronic Arts,2026-09-10T09:21:28.242139+00:00
Entertainment: Video Games,boolean,hard,"In ""Portal 2"", Cave Johnson started out Aperture Science as a shower curtain company.",True,False,2026-09-10T09:21:28.242147+00:00
Entertainment: Video Games,multiple,hard,"Which game in the ""Dark Souls"" series does the player play as the ""Ashen One""?",Dark Souls III,Dark Souls I | Bloodborne | Demon Souls,2026-09-10T09:21:28.242160+00:00
Entertainment: Video Games,multiple,easy,"""The Potato Sack"" was a collection of indie games released on Steam in 2011 as a promotion for which game?",Portal 2,Left 4 Dead 2 | Half-Life 3 | Dota 2,2026-09-10T09:21:28.242201+00:00
Entertainment: Video Games,multiple,medium,"In Overwatch, what is Lúcio's full name?",Lúcio Correia Dos Santos,Lúcio Luiz Lós Guilherme | Lúcio João Lucas | Lúcio Chupar Prima,2026-09-10T09:21:28.242223+00:00
Entertainment: Video Games,multiple,hard,"During development of ""Super Mario World"", Yoshi's hard saddle was originally which of these?",A shell,A slide of Gelatin | A poffin | A spike,2026-09-10T09:21:28.242239+00:00
Entertainment: Video Games,multiple,medium,"Which pop singer was brought in by SEGA to produce the music for ""Sonic the Hedgehog 3""?",Michael Jackson ,Prince | George Michael | Vanilla Ice ,2026-09-10T09:21:28.242252+00:00
Entertainment: Video Games,boolean,medium,"In the video game ""Blue Reflection"", the main protagonist, Hinako Shirai, was a ballet dancer.",True,False,2026-09-10T09:21:28.242261+00:00
Entertainment: Video Games,multiple,medium,Who was the main antagonist of Max Payne 3 (2012)?,Victor Branco,Álvaro Neves | Armando Becker | Milo Rego,2026-09-10T09:21:28.242275+00:00
Entertainment: Video Games,multiple,easy,What type of Pokémon is Charizard?,Fire/Flying,Fire | Dragon | Fire/Dragon,2026-09-10T09:21:28.242285+00:00
Entertainment: Video Games,multiple,medium,"In the Fallout: New Vegas add-on Honest Hearts, what is the name of Joshua Graham's personal .45 pistol?",A Light Shining in Darkness,Requiem | Maria | Recompense of the Fallen,2026-09-10T09:21:28.242299+00:00
Entertainment: Video Games,multiple,medium,"In ""Call Of Duty: Zombies"", completing which map's easter egg will reward you with the achievement, ""Time Travel Will Tell""?",Shangri-La,Ascension | Moon | Die Rise,2026-09-10T09:21:28.242315+00:00
Entertainment: Video Games,multiple,easy,Which Nintendo 64 game did NOT have Luigi in it?,Super Mario 64,Mario Party 2 | Paper Mario | Super Smash Bros.,2026-09-10T09:21:28.242329+00:00
Entertainment: Video Games,multiple,hard,In the original DOOM (1993) which of the following is NOT a cheat code?,IDCLIP,IDFA | IDDQD | IDSPISPOPD,2026-09-10T09:21:28.242336+00:00
Entertainment: Video Games,multiple,easy,How many obsidian blocks are required to build a nether portal in Minecraft?,10,14 | 13 | 16,2026-09-10T09:21:28.242343+00:00
Entertainment: Video Games,multiple,easy,"In the game Nuclear Throne, what character is only usable in a play through with Melting?",Skeleton,Frog | Horror | Plant,2026-09-10T09:21:28.242351+00:00
Entertainment: Video Games,multiple,medium,"In PROTOTYPE 2, which of the following abilities/weapons is NOT obtained by an Evolved?",Tendrils,Blade | Bio-Bomb | Pack Leader,2026-09-10T09:21:28.242360+00:00
Entertainment: Video Games,multiple,medium,Who published the 1998 video game Half-Life?,Sierra On-Line,Valve | Blizzard | EA,2026-09-10T09:21:28.242367+00:00
Entertainment: Video Games,multiple,medium,"When was the video game ""P.A.M.E.L.A."" released on Steam?","March 9, 2017","January 7, 2007 | October 23, 1997 | February 16, 2015",2026-09-10T09:21:28.242381+00:00
Entertainment: Video Games,multiple,medium,"In Super Smash Bros. Ultimate, which of the following pair of characters are NOT considered ""Echo Fighters""?",Link & Young Link,Marth & Lucina | Richter & Simon | Peach & Daisy,2026-09-10T09:21:28.242400+00:00
Entertainment: Video Games,multiple,medium,"Which of these is the only fighter in the game ""Super Smash Bros. Melee"" capable of dealing damage with their taunt animation?",Luigi,Mr. Game & Watch | Jigglypuff | Pichu,2026-09-10T09:21:28.242412+00:00
Entertainment: Video Games,boolean,easy,"The ghosts in ""Pac-Man"" and ""Ms. Pac-Man"" have completely different behavior.",True,False,2026-09-10T09:21:28.242419+00:00
Entertainment: Video Games,multiple,hard,"When was the first ""Half-Life"" released?",1998,2004 | 1999 | 1997,2026-09-10T09:21:28.242425+00:00
Entertainment: Video Games,multiple,easy,"In the game Warframe, what is the bipedal robot from the Corpus faction called?",MOA,Corpus Tech | Crewman | Corpus Walker,2026-09-10T09:21:28.242436+00:00
Entertainment: Video Games,boolean,easy,The main antagonist in the videogame Saints Row IV is an entity known as The Mastermind.,False,True,2026-09-10T09:21:28.242443+00:00
Entertainment: Video Games,multiple,easy,"In Undertale, what's the prize for answering correctly?",More questions,New car | Mercy | Money,2026-09-10T09:21:28.242452+00:00
Entertainment: Video Games,boolean,easy,The end credits sequence in Grand Theft Auto 5 is over half an hour long.,True,False,2026-09-10T09:21:28.242459+00:00
Entertainment: Video Games,boolean,medium,"In ""Super Mario World"", the rhino mini-boss, Reznor, is named after the lead singer of the band ""Nine Inch Nails"".",True,False,2026-09-10T09:21:28.242468+00:00
Entertainment: Video Games,multiple,medium,"Who is the main character of ""Metal Gear Solid 3""?",Naked Snake,Solid Snake | Liquid Snake | Venom Snake,2026-09-10T09:21:28.242481+00:00
Entertainment: Video Games,multiple,medium,"The cake depicted in Valve's ""Portal"" franchise most closely resembles which real-world type of cake?",Black Forest,Devil's Food | Molten Chocolate | German Chocolate,2026-09-10T09:21:28.242495+00:00
Entertainment: Video Games,multiple,hard,When was Pokemon GO released in North America?,"July 6th, 2016","June 5th, 2016 | May 24th, 2016 | January 2nd, 2017",2026-09-10T09:21:28.242509+00:00
Entertainment: Video Games,multiple,medium,"Which of these is not one of Dracula's relics found in the video game ""Castlevania II: Simon's Quest""?",The Tooth,The Nail | The Eyeball | The Rib Bone,2026-09-10T09:21:28.242524+00:00
Entertainment: Video Games,multiple,easy,What is the name of the talking cat in Persona 5?,Morgana,Teddie | Marie | Ryuji,2026-09-10T09:21:28.242531+00:00
Entertainment: Video Games,multiple,medium,"In the Mario series, which game introduced Mario's Backflip ability?",Donkey Kong (Gameboy),Super Mario 64 | Super Mario 3D Land | Super Mario Galaxy,2026-09-10T09:21:28.242545+00:00
Entertainment: Video Games,multiple,medium,"In ""Call Of Duty: Zombies"", completing which map's main easter egg will reward you with the achievement, ""High Maintenance""?",Die Rise,Mob Of The Dead | Origins | Ascension,2026-09-10T09:21:33.848040+00:00
Entertainment: Video Games,multiple,easy,Which of the following was NOT a playable character in the game Kingdom Hearts: Birth by Sleep?,Ignis,Ventus | Terra | Aqua,2026-09-10T09:21:33.848058+00:00
Entertainment: Video Games,multiple,medium,"Which of these is the name of a cut enemy from ""Half-Life 2""?",Hydra,Cthulu | Spike | Tremor,2026-09-10T09:21:33.848066+00:00
Entertainment: Video Games,boolean,hard,Unturned originally started as a Roblox game.,True,False,2026-09-10T09:21:33.848072+00:00
Entertainment: Video Games,multiple,medium,Which country is featured in Ace Combat 5: The Unsung War?,Osea,Aurelia | Australia | Japan,2026-09-10T09:21:33.848079+00:00
Entertainment: Video Games,boolean,easy,Watch_Dogs 2 is a prequel.,False,True,2026-09-10T09:21:33.848084+00:00
Entertainment: Video Games,multiple,medium,"What former MOBA, created by Waystone Games and published by EA, was shut down in 2014?",Dawngate,Strife | League of Legends | Heroes of Newerth,2026-09-10T09:21:33.848096+00:00
Entertainment: Video Games,multiple,hard,"What is the default name of the Vampire character in ""Shining Soul 2"".",Bloodstar,Sachs | Dracuul | Alucard,2026-09-10T09:21:33.848104+00:00
Entertainment: Video Games,multiple,hard,"In the PAYDAY series, where did Dallas start his criminal career?","Chicago, Illinois","Dallas, Texas | New York City, New York | Boston, Massachusetts",2026-09-10T09:21:33.848119+00:00
Entertainment: Video Games,multiple,easy,"In ""Xenoblade Chronicles 2"", Which party member cannot use normal blades?",Tora,Rex | Zeke | Nia,2026-09-10T09:21:33.848126+00:00
Entertainment: Video Games,multiple,medium,Who is the main antagonist of Silent Hill 4?,Walter Sullivan,Alessa Gillespie | Pyramid Head | Claudia Wolf,2026-09-10T09:21:33.848139+00:00
Entertainment: Video Games,multiple,easy,"Who created the indie adventure game ""Night in the Woods""?",Alec Holowka,Ron Gilbert | Tim Schafer |  Tommy Refenes,2026-09-10T09:21:33.848153+00:00
Entertainment: Video Games,multiple,hard,"In ""Call Of Duty: Zombies"", ""Richtofen"" is in possession of two filled blood vials belonging to who?",Sal DeLuca and Finn O'Leary,Richtofen | Al Arlington and Sal DeLuca | Jessica Rose and Jack Vincent,2026-09-10T09:21:33.848169+00:00
Entertainment: Video Games,multiple,hard,"In the Fallout series, on which date did The Great War happen?","October 23rd, 2077","May 15th, 2058 | December 14th, 2069 | November 5th, 2076",2026-09-10T09:21:33.848184+00:00
Entertainment: Video Games,multiple,easy,What does Solid Snake use to hide himself with?,Cardboard Box,Cloaking Device | Metal Crate | Cardboard cut-out,2026-09-10T09:21:33.848196+00:00
Entertainment: Video Games,multiple,medium,In the Kingdom Heart series who provides the english voice for Master Eraqus?,Mark Hamill,Jason Dohring | Jesse McCartney | Haley Joel Osment,2026-09-10T09:21:33.848219+00:00
Entertainment: Video Games,multiple,medium,"Which of these is not a playable character in ""Enter The Gungeon?""",The Heavy,The Bullet | The Robot | The Cultist,2026-09-10T09:21:33.848251+00:00
Entertainment: Video Games,multiple,easy,In which series of games do you collect souls to empower you and buy weaponry and armor with?,Souls ,Final Fantasy  | Monster Hunter | The Legend of Zelda,2026-09-10T09:21:33.848269+00:00
Entertainment: Video Games,multiple,medium,Which of the following is not a playable race in the MMORPG Guild Wars 2? ,Tengu,Sylvari | Charr | Asura ,2026-09-10T09:21:33.848280+00:00
Entertainment: Video Games,boolean,medium,"In the Disgaea series, any character can equip any weapon.",False,True,2026-09-10T09:21:33.848286+00:00
Entertainment: Video Games,multiple,medium,"In Splatoon 2's Hero Mode, which agent does the player take the role of?",Agent 4,Agent 1 | Agent 2 | Agent 3,2026-09-10T09:21:33.848300+00:00
Entertainment: Video Games,multiple,medium,"What happened to Half-Life 2 prior to its release, which resulted in Valve starting over the development of the game?",The source code got leaked,They weren't satisfied with the result | The story was not good enough | Way too many bugs to be fixed,2026-09-10T09:21:33.848323+00:00
Entertainment: Video Games,multiple,easy,Pokémon Go is a location-based augmented reality game developed and published by which company?,Niantic,Rovio | Zynga | Supercell,2026-09-10T09:21:33.848333+00:00
Entertainment: Video Games,multiple,medium,"How much did the indie game ""Cave Story"" cost when it was first released in 2004?",$0 USD,$5 USD | $10 USD | $15 USD,2026-09-10T09:21:33.848350+00:00
Entertainment: Video Games,multiple,medium,What was the first PlayStation game to require the use of the DualShock controller?,Ape Escape,Metal Gear | Tekken  | Tomba 2!,2026-09-10T09:21:33.848365+00:00
Entertainment: Video Games,multiple,medium,"Which character does the player play as in the video game ""Bastion""?",The Kid,Rucks | Zulf | Zia,2026-09-10T09:21:33.848377+00:00
Entertainment: Video Games,multiple,medium,Who is the protagonist in Dead Rising 3?,Nick Ramos,Frank West | Chuck Greene | Isabela Keyes,2026-09-10T09:21:33.848390+00:00
Entertainment: Video Games,multiple,medium,What song is played during the ending credits of Guitar Hero: World Tour?,Dream Theater - Pull Me Under,King Crimson - 21st Century Schizoid Man | Dragonforce - Through The Fire & The Flames | Lynyrd Skynyrd - Free Bird,2026-09-10T09:21:33.848411+00:00
Entertainment: Video Games,multiple,medium,"By how many minutes are you late to work in ""Half-Life""?",30,5 | 60 | 15,2026-09-10T09:21:33.848418+00:00
Entertainment: Video Games,multiple,easy,Who is the main antagonist in the Portal franchise?,GLaDOS,Chell | Wheatley | Rick,2026-09-10T09:21:33.848425+00:00
Entertainment: Video Games,multiple,hard,"In ""Starbound"", what is the max HP of the monster ""Punchy""?","50,000 HP","9,000,000 HP | 100 HP | 150,000 HP",2026-09-10T09:21:33.848440+00:00
Entertainment: Video Games,multiple,medium,"In ""Call Of Duty: Zombies"", what is the name of Samantha Maxis' dog?",Fluffy,Baxter | Fido | Henry,2026-09-10T09:21:33.848448+00:00
Entertainment: Video Games,multiple,medium,"Where does ""The Legend of Zelda: Majora's Mask"" take place?",Termina,Hyrule | Gysahl | Besaid,2026-09-10T09:21:33.848455+00:00
Entertainment: Video Games,boolean,medium,"The first PlayStation console was released in the USA on December 3rd, 1994.",False,True,2026-09-10T09:21:33.848462+00:00
Entertainment: Video Games,multiple,easy,What is the maximum HP in Terraria?,500,400 | 1000 | 100,2026-09-10T09:21:33.848467+00:00
Entertainment: Video Games,multiple,medium,"Without enchantments, which pickaxe in minecraft mines blocks the quickest.",Golden ,Diamond | Iron | Obsidian,2026-09-10T09:21:33.848476+00:00
Entertainment: Video Games,multiple,medium,In Kingdom Hearts which of the following people can NOT wield a keyblade?,Larxene,Xehanort | Lea | Mickey,2026-09-10T09:21:33.848483+00:00
Entertainment: Video Games,multiple,medium,When was Nintendo's Virtual Boy released?,1995,1989 | 1997 | 1992,2026-09-10T09:21:33.848488+00:00
Entertainment: Video Games,multiple,medium,In which country's version of Half-Life are the HECU Marines replaced with robots?,Germany,Japan | China | France,2026-09-10T09:21:33.848495+00:00
Entertainment: Video Games,multiple,easy,"The football video game series ""Pro Evolution Soccer"" is developed by which company?",Konami,Square Enix | Electronic Arts | THQ,2026-09-10T09:21:33.848506+00:00
Entertainment: Video Games,multiple,hard,"What is the highest level that you can reach in ""The Elder Scrolls 4: Oblivion"" without considering skill levels, class, and birthsign?",50,No limit | 80 | 100,2026-09-10T09:21:33.848517+00:00
Entertainment: Video Games,multiple,easy,Who is the protagonist in Dead Rising (2006)?,Frank West,Chuck Greene | John North | Jason Grey,2026-09-10T09:21:33.848530+00:00
Entertainment: Video Games,multiple,easy,How many playable characters are there in Yakuza 5?,5,2 | 3 | 1,2026-09-10T09:21:33.848536+00:00
Entertainment: Video Games,multiple,medium,Who is the main villain of Kirby's Return to Dreamland?,Magolor,Landia | King Dedede | Queen Sectonia ,2026-09-10T09:21:33.848546+00:00
Entertainment: Video Games,multiple,easy,What is the most expensive weapon in Counter-Strike: Global Offensive?,Scar-20/G3SG1,M4A1 | AWP | R8 Revolver,2026-09-10T09:21:33.848556+00:00
Entertainment: Video Games,multiple,medium,"In the game ""Dead By Daylight,"" which character starts with the perk ""Bond"".",Dwight Fairfield,Claudette Morell | Meg Thomas | Jake Park,2026-09-10T09:21:33.848571+00:00
Entertainment: Video Games,multiple,medium,"In ""Resident Evil 2"", which virus was William Birkin mutated by?",G-Virus,T-Virus | C-Virus | E-Virus,2026-09-10T09:21:33.848578+00:00
Entertainment: Video Games,multiple,easy,"The protagonist of the hit game, Half-Life 2 is called:",Gordon Freeman,Alyx Vance | Isaac Kleiner | Wallace Breen,2026-09-10T09:21:33.848590+00:00
Entertainment: Video Games,multiple,easy,Which of the following is NOT one of the main characters in Grand Theft Auto V’s story mode?,Tommy Vercetti,Michael de Santa | Franklin Clinton | Trevor Phillips,2026-09-10T09:21:33.848606+00:00
Entertainment: Video Games,multiple,medium,How much does the 'AWP' cost in Counter-Strike: Global Offensive?,$4750,$4500 | $4650 | $5000,2026-09-10T09:21:33.848789+00:00
Entertainment: Video Games,multiple,medium,"Which of these games takes place in the Irish town of Doolin, with the option to play as one of the characters, Ellen and Keats?",Folklore,Shadow of the Colossus | ICO | Beyond Good & Evil,2026-09-10T09:21:39.443723+00:00
Entertainment: Video Games,multiple,hard,"What is the plane of existence in MicroProse's 1997 ""Magic the Gathering""?",Shandalar,Theros | Ravnica | Amonkhet,2026-09-10T09:21:39.443741+00:00
Entertainment: Video Games,multiple,hard,Which achievement name is shared between Team Fortress 2 and Left 4 Dead 2?,"Rode Hard, Put Away Wet",The Quick and the Dead | Cache Grab | F in Chemistry,2026-09-10T09:21:39.443760+00:00
Entertainment: Video Games,multiple,medium,Which one of these characters was first introduced in Sonic Boom: Rise of Lyric?,Sticks the Badger,Mighty the Armadillo | Espio the Chameleon | Rouge the Bat,2026-09-10T09:21:39.443776+00:00
Entertainment: Video Games,multiple,easy,Which of 2 Valve Games are set in the same universe?,Half-life and Portal,Portal and Left 4 Dead | Half-life and Left 4 Dead | Half-life and Counter Strike,2026-09-10T09:21:39.443792+00:00
Entertainment: Video Games,multiple,medium,"What name did ""Mario"", from ""Super Mario Brothers"", originally have?",Ossan,Jumpman | Mr. Video | Mario,2026-09-10T09:21:39.443802+00:00
Entertainment: Video Games,multiple,easy,What is the code name of Morgana the cat in Persona 5?,Mona,Panther | Nightstalker | Zorro,2026-09-10T09:21:39.443809+00:00
Entertainment: Video Games,boolean,easy,Tetris is the #1 best-selling video game of all-time.,False,True,2026-09-10T09:21:39.443829+00:00
Entertainment: Video Games,multiple,hard,When was Minecraft 1.0 released?,"November 18, 2011","May 17, 2009 | December 10, 2014 | September 13, 2012",2026-09-10T09:21:39.443852+00:00
Entertainment: Video Games,boolean,hard,"In the game ""Melty Blood Actress Again Current Code"", you can enter Blood Heat mode in Half Moon style.",False,True,2026-09-10T09:21:39.443862+00:00
Entertainment: Video Games,multiple,medium,"In the video game ""League of Legends"" which character is known as ""The Sinister Blade""?",Katarina,Shaco | Akali | Zed,2026-09-10T09:21:39.443871+00:00
Entertainment: Video Games,multiple,medium,"Which of these features was added in the 1994 game ""Heretic"" that the original ""DOOM"" could not add due to limitations?",Looking up and down,Increased room sizes | Unlimited weapons | Highly-detailed textures,2026-09-10T09:21:39.443889+00:00
Entertainment: Video Games,multiple,easy,Which of these video game engines was made by the company Epic Games?,Unreal,Unity | Game Maker: Studio | Cry Engine,2026-09-10T09:21:39.443901+00:00
Entertainment: Video Games,multiple,medium,"Which of these is not a character in the game, ""Lethal League""?",Rex,Switch | Candyman | Sonata,2026-09-10T09:21:39.443908+00:00
Entertainment: Video Games,multiple,hard,"In Halo 2, how many rounds does the M6C hold in a single magazine?",12,6 | 36 | 18,2026-09-10T09:21:39.443916+00:00
Entertainment: Video Games,multiple,medium,"Which one of these nations was added to Civilization V with the ""Gods & Kings"" expansion?",The Netherlands,The Zulu | The Ottomans | The Kongo,2026-09-10T09:21:39.443931+00:00
Entertainment: Video Games,multiple,easy,"In the Assassin's Creed series,what was the name of Desmond Miles given by Abstergo?",Subject 17,Subject 16 | Subject 18 | Altaïr Ibn-La'Ahad,2026-09-10T09:21:39.443947+00:00
Entertainment: Video Games,multiple,medium,"In the video game ""Closers Online: Dimension Conflict"", who is the administrator of team Wildhüter?",Alice Wiseman,Kim Yujung | Wolfgang Schneider | Hong Siyoung,2026-09-10T09:21:39.443963+00:00
Entertainment: Video Games,boolean,medium,Amazon acquired Twitch in August 2014 for $970 million dollars.,True,False,2026-09-10T09:21:39.443969+00:00
Entertainment: Video Games,multiple,easy,What company developed the Xbox line of video game consoles?,Microsoft,Sony | Toshiba | IBM,2026-09-10T09:21:39.443975+00:00
Entertainment: Video Games,multiple,medium,"Who is the villain company in ""Stardew Valley""?",Joja Co ,Ronin | Empire | Robotnik Industry's ,2026-09-10T09:21:39.443986+00:00
Entertainment: Video Games,multiple,medium,"What's the famous line Vaas says in ""Far Cry 3""?",Did I ever tell you the definition of Insanity?,Have I failed to entertain you? | You're my b*tch! | Maybe your best course...would be to tread lightly.,2026-09-10T09:21:39.444004+00:00
Entertainment: Video Games,boolean,easy,"In ""Tony Hawk's Underground"", the main character's friend turned rival is named ""Jeff Sampson""",False,True,2026-09-10T09:21:39.444012+00:00
Entertainment: Video Games,multiple,medium,Which of these game franchises were made by Namco?,Tekken,Street Fighter | Mortal Kombat | Dragon Quest,2026-09-10T09:21:39.444023+00:00
Entertainment: Video Games,multiple,hard,"Which monster in ""Monster Hunter Tri"" was causing earthquakes in Moga Village?",Ceadeus,Alatreon | Rathalos | Lagiacrus,2026-09-10T09:21:39.444030+00:00
Entertainment: Video Games,multiple,medium,"In the original DOOM games, which of the following demons is a recolor of the Baron of Hell, but is weaker than the Baron?",Hell Knight,Mancubus | Pinky | Arch-Vile,2026-09-10T09:21:39.444041+00:00
Entertainment: Video Games,multiple,hard,"In TF2 Lore, what are the names of the Heavy's younger sisters?",Yana and Bronislava,Gaba and Anna | Yanna and Gaba | Anna and Bronislava,2026-09-10T09:21:39.444056+00:00
Entertainment: Video Games,multiple,easy,"In the video game, Half-life, what event started the Half-life universe as we know today?",The Resonance Cascade,World War 3 | The Xen Attack | The Black Mesa Nuke,2026-09-10T09:21:39.444071+00:00
Entertainment: Video Games,boolean,easy,Pac-Man was invented by the designer Toru Iwatani while he was eating pizza.,True,False,2026-09-10T09:21:39.444077+00:00
Entertainment: Video Games,multiple,medium,"Which operation in ""Tom Clancy's Rainbow Six Siege"" introduced the ""Skyscraper"" map?",Red Crow,Velvet Shell | Skull Rain | Dust Line,2026-09-10T09:21:39.444091+00:00
Entertainment: Video Games,multiple,hard,"In the Zombies mode of ""Call of Duty: Black Ops"", what is the ""Pack-A-Punched"" version of the ""Galil"" called?",Lamentation,Galvanized Atomic Lead Insertion Liquidator | Gabig | Predictive Death Wish,2026-09-10T09:21:39.444105+00:00
Entertainment: Video Games,multiple,medium,"In the first Left 4 Dead, you can play as either of these four characters.","Francis, Bill, Zoey, and Louis","Bender, Andrew, Allison, and Brian | Coach, Ellis, Nick, and Rochelle | Harry, Ron, Hermione and Dumbledore",2026-09-10T09:21:39.444133+00:00
Entertainment: Video Games,multiple,medium,How many Chaos Emeralds can you collect in the first Sonic The Hedgehog?,Six,Seven | Five | Eight,2026-09-10T09:21:39.444140+00:00
Entertainment: Video Games,multiple,hard,"In the game Nuclear Throne, what organization chases the player character throughout the game?",The I.D.P.D,The Fishmen | The Bandits | The Y.V.G.G,2026-09-10T09:21:39.444154+00:00
Entertainment: Video Games,multiple,medium,"What is the full name of the protagonist from the indie adventure game ""Night in the Woods""?",Margaret Borowski,Marlena Woborski | Milena Catharina | Katia Managan,2026-09-10T09:21:39.444169+00:00
Entertainment: Video Games,multiple,easy,"In PROTOTYPE 2. who is referred to as ""Tango Primary""?",James Heller,Alex Mercer | Dana Mercer | Any Goliaths roaming around,2026-09-10T09:21:39.444182+00:00
Entertainment: Video Games,multiple,medium,How many permanent companions are there in the base game version of Fallout: New Vegas?,8,7 | 9 | 6,2026-09-10T09:21:39.444190+00:00
Entertainment: Video Games,multiple,medium,"In the Super Mario Bros. series, what game is the  ""Carrot"" power-up from?",Super Mario Land 2: The 6 Golden Coins,Super Mario World | Super Mario Land | Super Mario 3D Land,2026-09-10T09:21:39.444209+00:00
Entertainment: Video Games,multiple,hard,What was the code name given to Sonic the Hedgehog 4 during its development?,Project Needlemouse,Project Bluespike | Project Roboegg | Project Darksphere,2026-09-10T09:21:39.444222+00:00
Entertainment: Video Games,multiple,easy,"In ""Fallout 4"" which faction is not present in the game?",The Enclave,The Minutemen | The Brotherhood of Steel | The Institute,2026-09-10T09:21:39.444236+00:00
Entertainment: Video Games,boolean,medium,"Hidden in the files for ""Mario Kart Arcade GP"" is a picture of the Beslan school hostage crisis.",True,False,2026-09-10T09:21:39.444245+00:00
Entertainment: Video Games,multiple,medium,Which of these is not a Fallout protagonist?,Tunnel Snake,Courier | Lone Wanderer | Vault Dweller,2026-09-10T09:21:39.444255+00:00
Entertainment: Video Games,multiple,medium,"Which of the following Copy Abilities was only featured in ""Kirby & The Amazing Mirror""?",Mini,Magic | Smash | Missile,2026-09-10T09:21:39.444264+00:00
Entertainment: Video Games,multiple,medium,What snowy mob was added in Minecraft 1.10?,Polar bears,Eskimos | Penguins | Walking TNT,2026-09-10T09:21:39.444273+00:00
Entertainment: Video Games,multiple,medium,How many playable characters were there in Street Fighter II: Champion Edition?,12,16 | 8 | 17,2026-09-10T09:21:39.444280+00:00
Entertainment: Video Games,multiple,easy,"In Final Fantasy XIV, what is the name of the Deep Dungeon that was introduced in the expansion pack, Heavensward?",Palace of the Dead,Heaven on High | Aetherochemical Research Facility | Sunken Temple of Qarn,2026-09-10T09:21:39.444297+00:00
Entertainment: Video Games,multiple,hard,Which of the following games was NOT included in Valve's Orange Box?,Counter-Strike,Portal | Half-Life 2: Episode Two | Team Fortress 2,2026-09-10T09:21:39.444308+00:00
Entertainment: Video Games,multiple,medium,"In Call of Duty: United Offensive, what two soldiers share a name of a video game character?",Gordon & Freeman,Sam & Fisher | Nathan & Drake | Dig & Dug,2026-09-10T09:21:39.444325+00:00
Entertainment: Video Games,multiple,medium,"In ""Kingdom Hearts"", what mission are Donald and Goofy assigned by King Mickey?",To find the Key bearer and stick with him!,To find the Key bearer and steal the key! | To find the Key bearer and report back! | To find the Key bearer and kill him!,2026-09-10T09:21:39.444346+00:00
Entertainment: Video Games,multiple,easy,"In what year was ""Antichamber"" released?",2013,2012 | 2014 | 2011,2026-09-10T09:21:39.444352+00:00
Entertainment: Video Games,boolean,easy,"The song ""Megalovania"" by Toby Fox made its third appearence in the 2015 RPG ""Undertale"".",True,False,2026-09-10T09:21:45.054241+00:00
Entertainment: Video Games,multiple,medium,What is the name of the 8th installment in the Fire Emblem series?,The Sacred Stones,Blazing Sword | Awakening | Path of Radiance,2026-09-10T09:21:45.054269+00:00
Entertainment: Video Games,multiple,medium,The '64' in the Nintendo-64 console refers to what?,The bits in the CPU architecture,The number of megabytes of RAM | Capacity of the ROM Cartridges in megabytes | Clock speed of the CPU in Hertz,2026-09-10T09:21:45.054288+00:00
Entertainment: Video Games,multiple,easy,"Who is the founder of Team Fortress 2's fictional company ""Mann Co""?",Zepheniah Mann,Cave Johnson | Wallace Breem | Saxton Hale,2026-09-10T09:21:45.054304+00:00
Entertainment: Video Games,multiple,medium,Who's the creator of Geometry Dash?,Robert Topala,Scott Cawthon | Adam Engels | Andrew Spinks,2026-09-10T09:21:45.054317+00:00
Entertainment: Video Games,multiple,medium,"Why were only only 300,000 copies of Uniracers were produced?","DMA Designs was sued by Pixar, preventing more copies from being produced",There was a disagreement between DMA Designs and Nintendo | It didn't sell well due to poor review scores | No public information is available,2026-09-10T09:21:45.054338+00:00
Entertainment: Video Games,multiple,easy,"What is the Alien Race in the game ""Lego Racers 2"" known as?",Ramas,Slizers | Roboriders | Turagas,2026-09-10T09:21:45.054346+00:00
Entertainment: Video Games,multiple,hard,Which drive form was added into Kingdom Hearts II Final Mix?,Limit Form,Valor Form | Wisdom Form | Anti Form,2026-09-10T09:21:45.054360+00:00
Entertainment: Video Games,multiple,easy,"What is the name of the main character in ""Life is Strange""?",Maxine Caulfield,Victoria Chase | Stella Hill | Chloe Price,2026-09-10T09:21:45.054373+00:00
Entertainment: Video Games,multiple,medium,"In Cook, Serve, Delicious!, which food is NOT included in the game?",Pie,Shish Kabob | Hamburger | Lasagna,2026-09-10T09:21:45.054383+00:00
Entertainment: Video Games,multiple,medium,"In the beta version of the 1986 game ""The Legend of Zelda"", players have the choice between a sword and what other item?",Boomerang ,Spear | Slingshot | Crossbow,2026-09-10T09:21:45.054413+00:00
Entertainment: Video Games,multiple,medium,"In the game Pokémon Conquest, which warlord is able to bond with Zekrom and a shiny Rayquazza?",Nobunaga,The Player | Oichi | Hideyoshi,2026-09-10T09:21:45.054427+00:00
Entertainment: Video Games,multiple,medium,"In Telltale Games' ""The Walking Dead: Season One"" what is the name of Clementine's father?",Ed,Charles | Lee | Walter,2026-09-10T09:21:45.054436+00:00
Entertainment: Video Games,multiple,hard,"In the Mario Kart series, which game introduced the ""Shield Drifting"" mechanic?",Mario Kart Arcade GP DX,Mario Kart: Double Dash | Mario Kart Super Circuit | Mario Kart DS,2026-09-10T09:21:45.054453+00:00
Entertainment: Video Games,multiple,medium,"What is the name of Cream the Rabbit's mom in the ""Sonic the Hedgehog"" series?",Vanilla,Peach | Strawberry | Mint,2026-09-10T09:21:45.054461+00:00
Entertainment: Video Games,multiple,easy,What was the Maximum Level in World of Warcraft: Battle for Azeroth?,120,100 | 90 | 150,2026-09-10T09:21:45.054468+00:00
Entertainment: Video Games,multiple,medium,"Which of these is not a DLC vehicle in ""Mario Kart 8""?",Wild Wiggler,Bone Rattler | B Dasher | 300 SL Roadster,2026-09-10T09:21:45.054482+00:00
Entertainment: Video Games,boolean,hard,"The Paradox Interactive game ""Stellaris"" was released in 2016.",True,False,2026-09-10T09:21:45.054488+00:00
Entertainment: Video Games,multiple,medium,"How many different notes is the tune, ""Song of Healing"", comprised of in ""The Legend of Zelda: Majora's Mask""?",3,4 | 1 | 6,2026-09-10T09:21:45.054499+00:00
Entertainment: Video Games,boolean,easy,"The Mann Co. Store from Team Fortress 2 has the slogan ""We hire mercenaries and get in fights"".",False,True,2026-09-10T09:21:45.054507+00:00
Entertainment: Video Games,multiple,medium,In what year was the first eSports competition?,1972,1989 | 1990 | 2000,2026-09-10T09:21:45.054514+00:00
Entertainment: Video Games,multiple,hard,"""Strangereal"" is a fictitious Earth-like world for which game series?",Ace Combat,Jet Set Radio | Deus Ex | Crimson Skies,2026-09-10T09:21:45.054535+00:00
Entertainment: Video Games,multiple,medium,Where was the Sniper character in Team Fortress 2 born?,New Zealand,South Africa | Antarctica | Australia,2026-09-10T09:21:45.054547+00:00
Entertainment: Video Games,multiple,hard,"What is the 4th boss in the 1997 video game ""Crash Bandicoot 2: Cortex Strikes Back""?",Dr. N. Gin,Dr. Neo Cortex | Komodo Brothers | Tiny Tiger,2026-09-10T09:21:45.054686+00:00
Entertainment: Video Games,multiple,easy,Which of these characters is the mascot of the video game company SEGA?,Sonic the Hedgehog,Dynamite Headdy | Alex Kidd | Opa-Opa,2026-09-10T09:21:45.054701+00:00
Entertainment: Video Games,multiple,medium,"In ""Overwatch,"" what is the hero McCree's full name?",Jesse McCree,"Jack ""McCree"" Morrison | Gabriel Reyes | Jamison ""Deadeye"" Fawkes",2026-09-10T09:21:45.054717+00:00
Entertainment: Video Games,multiple,medium,"In World of Warcraft Lore, four Old Gods created a giant and powerful creature. What was it called? ",The Ancient One,Anomalous | Eater of Souls | The Lich King,2026-09-10T09:21:45.054731+00:00
Entertainment: Video Games,multiple,medium,In what year were screenshots added to Steam?,2011,2010 | 2008 | 2009,2026-09-10T09:21:45.054737+00:00
Entertainment: Video Games,multiple,easy,What year was the game Dishonored released?,2012,2011 | 2008 | 2013,2026-09-10T09:21:45.054743+00:00
Entertainment: Video Games,multiple,medium,In what year were achivements added to Steam?,2007,2008 | 2009 | 2006,2026-09-10T09:21:45.054749+00:00
Entertainment: Video Games,multiple,medium,What is the only Generation III Pokemon whose name begins with the letter I?,Illumise,Infernape | Ivysaur | Igglybuff,2026-09-10T09:21:45.054756+00:00
Entertainment: Video Games,multiple,medium,Who is the character you play as in Yume Nikki?,Madotsuki,Masada | Uboa | Poniko,2026-09-10T09:21:45.054763+00:00
Entertainment: Video Games,multiple,medium,"Psych-Horror ""Eternal Darkness: Sanity's Requiem"", developed by Silicon Knights in 2002, was published by who and on what platform?",Nintendo® Co. Ltd. | GameCube™,Sony® Computer Entertainment™ Inc. | PlayStation® 2 | Microsoft® Game Studios™ | XBox™ | Sega® Enterprises Co. Ltd. | Dreamcast™,2026-09-10T09:21:45.054791+00:00
Entertainment: Video Games,multiple,easy,Which of these covert groups employs Sam Fisher to work as a Splinter Cell?,Third Echelon,Voron | Black Arrow | The Engineers,2026-09-10T09:21:45.054804+00:00
Entertainment: Video Games,multiple,medium,"What is the first primary weapon the player gets in ""PAYDAY: The Heist""?",AMCAR-4,Brenner 21 | Reinbeck | M308,2026-09-10T09:21:45.054813+00:00
Entertainment: Video Games,boolean,easy,Doki Doki Literature Club was developed in Japan.,False,True,2026-09-10T09:21:45.054818+00:00
Entertainment: Video Games,multiple,hard,How many total monsters appear in Monster Hunter Generations?,105,100 | 98 | 73,2026-09-10T09:21:45.054824+00:00
Entertainment: Video Games,multiple,easy,"In the video game Team Fortress 2, which of these is NOT a primary?",Medigun,Scattergun | Grenade Launcher | Rocket Launcher,2026-09-10T09:21:45.054835+00:00
Entertainment: Video Games,multiple,hard,Where are Terror Fiends more commonly found in the Nintendo game Miitopia?,New Lumos,Peculia | The Sky Scraper | Otherworld,2026-09-10T09:21:45.054845+00:00
Entertainment: Video Games,multiple,hard,"In the Team Fortress 2 canon, what did Shakespearicles NOT invent?",Stairs,Two-Story Building | Rocket Launcher | Stage Play,2026-09-10T09:21:45.054857+00:00
Entertainment: Video Games,multiple,medium,Which is the protagonist of Bioshock Infinite?,Booker DeWitt,Zachary Comstock | Arthas Menethil | Herbie Hancock,2026-09-10T09:21:45.054869+00:00
Entertainment: Video Games,boolean,easy,Donkey Kong was originally set to be a Popeye arcade game.,True,False,2026-09-10T09:21:45.054875+00:00
Entertainment: Video Games,multiple,hard,"In the game Cry of Fear, which enemy can cause the player to kill themselves if they are wielding a loaded firearm?",Drowned,Suicider | Citalopram | Psycho,2026-09-10T09:21:45.054884+00:00
Entertainment: Video Games,multiple,hard,Which car did not appear in the 2002 Lego Game: Drome Racers?,Wasp,Raptor | Hornet | Behemoth,2026-09-10T09:21:45.054891+00:00
Entertainment: Video Games,multiple,medium,Who is the main character in most of the games of the YS series?,Adol Christin ,Character doesn't have a name | Estelle Bright | Roger Wilco,2026-09-10T09:21:45.054906+00:00
Entertainment: Video Games,multiple,easy,"The games Cry of Fear, Natural Selection and Counter-Strike were originally mods for what video game?",Half-Life,Warcraft III | Arma 2 | Doom,2026-09-10T09:21:45.054917+00:00
Entertainment: Video Games,multiple,medium,"Who voices the character ""Vernon Cherry"" in ""Red Dead Redemption""?",Casey Mongillo,Tara Strong | Troy Baker | Rob Wiethoff,2026-09-10T09:21:45.054931+00:00
Entertainment: Video Games,multiple,easy,"In the second-generation Pokémon games, which Pokémon can you start with?","Chikorita, Cyndaquil, and Totodile","Bulbasaur, Charmander, and Squirtle | Treecko,Torchic, and Mudkip | Grassy, Firey, and Watery",2026-09-10T09:21:45.054949+00:00
Entertainment: Video Games,multiple,hard,How many voice channels does the Super Nintendo Entertainment System support?,8,6 | 10 | 12,2026-09-10T09:21:45.054962+00:00
Entertainment: Video Games,multiple,hard,"Prior to his appearance in Super Smash Bros. Ultimate, What was King K. Rool's last appearance in any game?",Mario Super Sluggers,Donkey Kong 64 | Donkey Kong Country 3 | Donkey Kong: King Of Swing,2026-09-10T09:21:45.054982+00:00
Entertainment: Video Games,multiple,hard,Which of these Generation 1 Pokemon did NOT have an evolution in Generation 4?,Jynx,Electabuzz | Magmar | Rhydon,2026-09-10T09:21:50.662884+00:00
Entertainment: Video Games,multiple,medium,"Which country was Eliza ""Ash"" Cohen from ""Tom Clancy's Rainbow Six Siege"" born in?",Israel,United States of America | Mexico | Canada,2026-09-10T09:21:50.662907+00:00
Entertainment: Video Games,multiple,medium,"The walls of the Goldenrod City Gym in ""Pokémon Gold and Silver"" are arranged in the shape of which Pokémon?",Clefairy,Bulbasaur | Pikachu | Pidgey,2026-09-10T09:21:50.662919+00:00
Entertainment: Video Games,multiple,medium,"Who developed the 2016 farming RPG ""Stardew Valley""?",Eric Barone,Daisuke Amaya | Jasper Byrne | Lucas Pope,2026-09-10T09:21:50.662933+00:00
Entertainment: Video Games,multiple,medium,Who is the half-demon character in Divinity: Original Sin 2 who you talk to to transition between acts?,Malady,Meister Siva | Gawin | Exter,2026-09-10T09:21:50.662944+00:00
Entertainment: Video Games,multiple,medium,Which actor provided the voice for the main character's father in Fallout 3?,Liam Neeson,Kiefer Sutherland | Brendan Gleeson | Robbie Coltrane,2026-09-10T09:21:50.662959+00:00
Entertainment: Video Games,multiple,medium,"In the video game ""Pizza Tower"", what is the protagonist's name?",Peppino,Pastachio | Pepper | Spinachio,2026-09-10T09:21:50.662966+00:00
Entertainment: Video Games,multiple,easy,What ingredient is NOT used to craft a cake in Minecraft?,Bread,Wheat | Milk | Egg,2026-09-10T09:21:50.662973+00:00
Entertainment: Video Games,multiple,medium,What was the name of the Secret Organization in the Hotline Miami series? ,50 Blessings,American Blessings | 50 Saints | USSR's Blessings,2026-09-10T09:21:50.663010+00:00
Entertainment: Video Games,multiple,easy,Which one of these characters is NOT a playable fighter in Super Smash Bros. Ultimate?,Kumatora,King K. Rool | Incineroar | Corrin,2026-09-10T09:21:50.663022+00:00
Entertainment: Video Games,boolean,easy,"Valve's ""Portal"" and ""Half-Life"" franchises exist within the same in-game universe.",True,False,2026-09-10T09:21:50.663030+00:00
Entertainment: Video Games,multiple,medium,"What system was ""Touhou: Highly Responsive to Prayers"" released on?",PC-98,OSX 10.9.5 | Windows ME | Windows 98,2026-09-10T09:21:50.663042+00:00
Entertainment: Video Games,multiple,easy,What is the name of the City in Saints Row The Third?,Steelport,Stilwater | Carcer | Liberty,2026-09-10T09:21:50.663049+00:00
Entertainment: Video Games,multiple,medium,Which of these is NOT the name of a playable map in PUBG: Battlegrounds?,Orinocco,Miramar | Sanhok | Vikendi,2026-09-10T09:21:50.663056+00:00
Entertainment: Video Games,multiple,easy,"In World of Warcraft, What was the original level cap?",60,70 | 50 | 100,2026-09-10T09:21:50.663063+00:00
Entertainment: Video Games,multiple,easy,"In what year was the game ""FTL: Faster Than Light"" released?",2012,2014 | 2013 | 2011,2026-09-10T09:21:50.663070+00:00
Entertainment: Video Games,multiple,easy,Which Animal Crossing game was for the Nintendo Wii?,Animal Crossing: City Folk,Animal Crossing: New Leaf | Animal Crossing: Wild World | Animal Crossing: Population Growing!,2026-09-10T09:21:50.663086+00:00
Entertainment: Video Games,multiple,medium,Which Dota 1 hero changed gender when ported to Dota 2?,Legion Commander,Axe | Keeper of the Light | Templar Assassin,2026-09-10T09:21:50.663098+00:00
Entertainment: Video Games,multiple,easy,"In the videogame Bully, what is the protagonist's last name?",Hopkins,Smith | Kowalski | Crabblesnitch,2026-09-10T09:21:50.663105+00:00
Entertainment: Video Games,multiple,hard,What was the name of the hero in the 80s animated video game 'Dragon's Lair'?,Dirk the Daring,Arthur | Sir Toby Belch | Guy of Gisbourne,2026-09-10T09:21:50.663119+00:00
Entertainment: Video Games,multiple,easy,"League of Legends, DOTA 2, Smite and Heroes of the Storm are all part of which game genre?",Multiplayer Online Battle Arena (MOBA),Real Time Strategy (RTS) | First Person Shooter (FPS) | Role Playing Game (RPG),2026-09-10T09:21:50.663139+00:00
Entertainment: Video Games,multiple,medium,"In Touhou: Embodiment of Scarlet Devil, what song plays during Flandre Scarlet's boss fight?",U.N. Owen Was Her,Septette for the Dead Princess | Flowering Night | Pierrot of the Star-Spangled Banner,2026-09-10T09:21:50.663156+00:00
Entertainment: Video Games,multiple,medium,"In ""Call Of Duty: Zombies"", which map introduced the perk ""PhD Flopper""?",Ascension,Moon | Call Of The Dead | Die Rise,2026-09-10T09:21:50.663175+00:00
Entertainment: Video Games,multiple,hard,When was the Valve Corporation founded?,"August 24, 1996","December 26, 1994 | March 22, 1997 | March 13, 1997",2026-09-10T09:21:50.663191+00:00
Entertainment: Video Games,multiple,medium,"In the 2015 RPG ""Undertale"", which character do you first encounter after falling down into the underground?",Flowey,Toriel | Sans | Papyrus,2026-09-10T09:21:50.663200+00:00
Entertainment: Video Games,multiple,hard,Which of the following commercial vehicles from Grand Theft Auto IV did NOT reappear in Grand Theft Auto V?,Steed,Mule | Benson | Pony,2026-09-10T09:21:50.663208+00:00
Entertainment: Video Games,multiple,medium,Which of these is NOT a faction included in the game Counter-Strike: Global Offensive?,BOPE,GSG-9 | Elite Crew | Phoenix Connexion,2026-09-10T09:21:50.663219+00:00
Entertainment: Video Games,multiple,hard,"In ""Super Mario Sunshine"", how do you unlock the ""Corona Mountain"" level?",By clearing every 7th episode,"By obtaining 70 Shines | By clearing every episode involving a ""Secret"" | By unlocking every nozzle F.L.U.D.D can use",2026-09-10T09:21:50.663238+00:00
Entertainment: Video Games,multiple,hard,"In the ""Halo"" series, what is the name of the race of aliens humans refer to as ""Grunts""?",Unggoy,Huragok | Sangheili | Yanme'e,2026-09-10T09:21:50.663249+00:00
Entertainment: Video Games,multiple,medium,What American city was featured in the 1999 PC game Midtown Madness?,Chicago,Washington D.C. | San Francisco | New York City,2026-09-10T09:21:50.663261+00:00
Entertainment: Video Games,boolean,easy,"The ultimate phrase used by Pharah from Overwatch is: ""Justice rains from above!""",True,False,2026-09-10T09:21:50.663268+00:00
Entertainment: Video Games,boolean,easy,"In ""Super Mario 3D World"", the Double Cherry power-up originated from a developer accidentally making two characters controllable.",True,False,2026-09-10T09:21:50.663277+00:00
Entertainment: Video Games,multiple,medium,How many sets of grandmaster witcher gear are in The Witcher 3's Blood and Wine DLC?,5,3 | 6 | 4,2026-09-10T09:21:50.663285+00:00
Entertainment: Video Games,multiple,hard,"In Stardew Valley, what is the reward for completing all of the Bulletin Board bundles?",Additional Friendship points,Glittering Boulder removed | Bus is repaired | Greenhouse,2026-09-10T09:21:50.663299+00:00
Entertainment: Video Games,multiple,easy,What year was the game Team Fortress 2 released?,2007,2009 | 2005 | 2010,2026-09-10T09:21:50.663305+00:00
Entertainment: Video Games,multiple,hard,Which of these characters from Final Fantasy VIII primarily spoke in one word sentences?,Fujin,Raijin | Seifer | Zell,2026-09-10T09:21:50.663312+00:00
Entertainment: Video Games,multiple,easy,Who is Sonic's sidekick?,Tails,Shadow | Amy | Knuckles,2026-09-10T09:21:50.663318+00:00
Entertainment: Video Games,boolean,easy,English new wave musician Gary Numan founded the video game development company Facepunch Studios in March 2009.,False,True,2026-09-10T09:21:50.663325+00:00
Entertainment: Video Games,multiple,easy,What is the name of a popular franchise that includes placing blocks down and surviving in an open world? ,Minecraft,Unturned | Roblox | Grand Theft Auto V,2026-09-10T09:21:50.663335+00:00
Entertainment: Video Games,multiple,easy,"In CoD: Black Ops III, what is the name of the rogue A.I. antagonist?",Corvus,Cabal | Legion | Icarus,2026-09-10T09:21:50.663343+00:00
Entertainment: Video Games,boolean,hard,"All of these maps were in ""Tom Clancy's Rainbow Six Siege"" on its initial release: House, Clubhouse, Border, Consulate.",False,True,2026-09-10T09:21:50.663352+00:00
Entertainment: Video Games,multiple,medium,What was the original release date of Grand Theft Auto V?,"September 17, 2013","August 17, 2013 | April 14, 2015 | November 18, 2014",2026-09-10T09:21:50.663368+00:00
Entertainment: Video Games,multiple,easy,"Which character in the ""Animal Crossing"" series uses the phrase ""zip zoom"" when talking to the player?",Scoot,Drake | Bill | Mallary,2026-09-10T09:21:50.663377+00:00
Entertainment: Video Games,multiple,hard,"What was the first game to utilize Valve's ""Source 2"" engine?",Dota 2,"Counter-Strike: Global Offensive | Pirates, Vikings & Knights II | Artifact",2026-09-10T09:21:50.663392+00:00
Entertainment: Video Games,multiple,hard,"In the Pokémon series, what is Palkia's hidden ability?",Telepathy,Pressure | Water Bubble | Hydration,2026-09-10T09:21:50.663401+00:00
Entertainment: Video Games,boolean,easy,The protagonist of Dead Rising 3 is called Chuck Greene.,False,True,2026-09-10T09:21:50.663407+00:00
Entertainment: Video Games,boolean,easy,"In the Monster Hunter Series, it is possible to capture Elder Dragons.",False,True,2026-09-10T09:21:50.663413+00:00
Entertainment: Video Games,multiple,easy,"In Slay the Spire, which of the following is NOT a playable character?",Stoneheart,Silent | Defect | Ironclad,2026-09-10T09:21:50.663421+00:00
Entertainment: Video Games,multiple,easy,"In Dota 2, Wraith King was previously known as...",Skeleton King,Reaper King | Skull King | Hell King,2026-09-10T09:21:50.663433+00:00
Entertainment: Video Games,multiple,medium,Who is credited with having created the world's first video game Easter Egg?,Warren Robinett,Julius Smith | Will Crowther | Don Woods,2026-09-10T09:21:50.663447+00:00
Entertainment: Board Games,multiple,hard,"How many rooms are there, not including the hallways and the set of stairs, in the board game ""Clue""?",9,1 | 6 | 10,2026-09-10T09:22:01.918832+00:00
Entertainment: Board Games,boolean,easy,"The Angry Video Game Nerd's alter ego is ""Board James"".",True,False,2026-09-10T09:22:01.918851+00:00
Entertainment: Board Games,multiple,easy,Which of these board games do NOT utilize standard 6-sided dice?,The Game of Life,Monopoly | Risk | Snakes and Ladders,2026-09-10T09:22:01.918864+00:00
Entertainment: Board Games,multiple,easy,How many spaces are there on a standard Monopoly board?,40,28 | 55 | 36,2026-09-10T09:22:01.918872+00:00
Entertainment: Board Games,multiple,easy,"When was the board game Twister, released to the public?",April 1966,September 1965 | January 1969 | February 1966,2026-09-10T09:22:01.918886+00:00
Entertainment: Board Games,multiple,easy,How many dice are used in the game of Yahtzee?,Five,Four | Six | Eight,2026-09-10T09:22:01.918893+00:00
Entertainment: Board Games,multiple,medium,What happens when you roll 3 doubles in a row in Monopoly?,Go to jail,Get paid $200 | Pay $200 | Move to Free Parking,2026-09-10T09:22:01.918920+00:00
Entertainment: Board Games,multiple,medium,Who was the first official world chess champion?,Wilhelm Steinitz,José Raúl Capablanca | Emanuel Lasker | Bobby Fischer,2026-09-10T09:22:01.918944+00:00
Entertainment: Board Games,multiple,medium,Which of the following tabletop games is the oldest?,Go,Chess | Mahjong | Shogi,2026-09-10T09:22:01.918952+00:00
Entertainment: Board Games,boolean,easy,"When setting up a chess board, the king is placed on a square of his own color.",False,True,2026-09-10T09:22:01.918960+00:00
Entertainment: Board Games,boolean,easy,The top human players can easily beat the top computers at chess,False,True,2026-09-10T09:22:01.918967+00:00
Entertainment: Board Games,boolean,easy,"In the Dungeons and Dragons universe, Beshaba is the deity of bad luck. ",True,False,2026-09-10T09:22:01.918974+00:00
Entertainment: Board Games,multiple,medium,Europa Universalis is a strategy video game based on which French board game?,Europa Universalis,Europe and the Universe | Europa! | Power in Europe,2026-09-10T09:22:01.918989+00:00
Entertainment: Board Games,multiple,medium,"At the start of a standard game of the Monopoly, if you throw a double six, which square would you land on?",Electric Company,Water Works | Chance | Community Chest,2026-09-10T09:22:01.919005+00:00
Entertainment: Board Games,multiple,easy,How many pieces are there on the board at the start of a game of chess?,32,16 | 20 | 36,2026-09-10T09:22:01.919013+00:00
Entertainment: Board Games,boolean,medium,"In the game ""Racko"" you may pick up ANY card from the discard pile.",False,True,2026-09-10T09:22:01.919020+00:00
Entertainment: Board Games,multiple,medium,"The board game, Nightmare was released in what year?",1991,1992 | 1989 | 1995,2026-09-10T09:22:01.919027+00:00
Entertainment: Board Games,multiple,hard,"In Magic: The Gathering, what was a tribute card to Jamie Wakefield's late wife Marilyn, who loved horses?",Timbermare,Loyal Pegasus | Vryn Wingmare | Sungrace Pegasus,2026-09-10T09:22:01.919182+00:00
Entertainment: Board Games,multiple,easy,Which of the following is NOT a class in Dungeons and Dragons 5e?,Engineer ,Fighter  | Paladin  | Bard,2026-09-10T09:22:01.919196+00:00
Entertainment: Board Games,boolean,hard,The board game Go has more possible legal positions than the number of atoms in the visible universe.,True,False,2026-09-10T09:22:01.919204+00:00
Entertainment: Board Games,multiple,hard,"Some of the ""Fallen Empires"" cards from ""Magic: The Gathering"" were misprinted on the backs of which other card game?",Wyvern,Pokemon | Dominion | Yu-Gi-Oh,2026-09-10T09:22:01.919214+00:00
Entertainment: Board Games,multiple,hard,The Dice Tower network of board game podcasts and videos is run by which individual?,Tom Vasel,Jason LeVine | Borth Sampson | Uncle Pennybags,2026-09-10T09:22:01.919228+00:00
Entertainment: Board Games,multiple,hard,"In Magic: The Gathering, what card's flavor text is ""Catch!""?",Lava Axe,Stone-Throwing Devils | Ember Shot | Throwing Knife,2026-09-10T09:22:01.919242+00:00
Entertainment: Board Games,multiple,medium,"In poker, ""EV"" means what?",Expected Value,Equity Value | Equivalent Variation | Equity Variation,2026-09-10T09:22:01.919255+00:00
Entertainment: Board Games,boolean,easy,"The card game ""Munchkin"" won the 2001 Origins Award for Best Traditional Card Game.",True,False,2026-09-10T09:22:01.919262+00:00
Entertainment: Board Games,boolean,medium,Wooden molding scraps were used to make the original Monopoly houses and hotels.,True,False,2026-09-10T09:22:01.919268+00:00
Entertainment: Board Games,multiple,hard,"In Magic: The Gathering, which of the following was the first publicly released foil card?",Lightning Dragon,Revenant | Beast of Burden | Dirtcowl Wurm,2026-09-10T09:22:01.919281+00:00
Entertainment: Board Games,multiple,medium,"In ""Magic: The Gathering"", what instant card has the highest converted mana cost?",Blinkmoth Infusion,Vitalizing Wind |  Chant of Vitu-Ghazi | Assert Authority,2026-09-10T09:22:01.919296+00:00
Entertainment: Board Games,multiple,medium,Who is the main character in the VHS tape included in the board game Nightmare?,The Gatekeeper,The Kryptkeeper | The Monster | The Nightmare,2026-09-10T09:22:01.919310+00:00
Entertainment: Board Games,multiple,hard,"Which card is on the cover of the Beta rulebook of ""Magic: The Gathering""?",Bog Wraith,Island | Rock Hydra | Elvish Archers,2026-09-10T09:22:01.919323+00:00
Entertainment: Board Games,multiple,easy,"Which of these games includes the phrase ""Do not pass Go, do not collect $200""?",Monopoly,Pay Day | Cluedo | Coppit,2026-09-10T09:22:01.919333+00:00
Entertainment: Board Games,boolean,easy,"There is a Donald Trump Board Game, which was made in 1989.",True,False,2026-09-10T09:22:01.919339+00:00
Entertainment: Board Games,multiple,medium,"In Yu-Gi-Oh, how does a player perform an Xyz Summon?",Overlay at least 2 Monsters of the Same Level,Activate a Spell and Send Monsters to the Graveyard | Add the Monsters' Levels Together to Match the Xyz Monster | Banish A Number of Monsters From Your Hand And Deck,2026-09-10T09:22:01.919359+00:00
Entertainment: Board Games,multiple,medium,In what year was the card game Magic: the Gathering first introduced?,1993,1987 | 1998 | 2003,2026-09-10T09:22:01.919366+00:00
Entertainment: Board Games,multiple,medium,How many points is the Z tile worth in Scrabble?,10,8 | 5 | 6,2026-09-10T09:22:01.919373+00:00
Entertainment: Board Games,multiple,medium,"In Chess, the Queen has the combined movement of which two pieces?",Bishop and Rook,Rook and King | Knight and Bishop | King and Knight,2026-09-10T09:22:01.919387+00:00
Entertainment: Board Games,multiple,hard,What do you declare in Rīchi Mahjong when you've drawn your winning tile?,Tsumo,Ron | Rīchi | Kan,2026-09-10T09:22:01.919398+00:00
Entertainment: Board Games,multiple,easy,"In chess, which is a characteristic of the King's Gambit?",Sacrificing a pawn,Sacrificing the king for a queen | Castling kingside | Moving the king on the 2nd move,2026-09-10T09:22:01.919414+00:00
Entertainment: Board Games,multiple,easy,"In which year was the pen and paper RPG ""Deadlands"" released?",1996,2003 | 1999 | 1993,2026-09-10T09:22:01.919421+00:00
Entertainment: Board Games,multiple,hard,"Which ability from the ""Magic: The Gathering"" Scars of Mirrodin expansion involves having at least three artifacts in play?",Metalcraft,Affinity | Imprint | Living Weapon,2026-09-10T09:22:01.919432+00:00
Entertainment: Board Games,multiple,hard,Which character class in Dungeons and Dragons 5th edition gains it's powers from making a pact with a being of higher power?,Warlock,Wizard | Sorceror | Cleric,2026-09-10T09:22:01.919441+00:00
Entertainment: Board Games,multiple,easy,Carcassonne is based on which French town?,Carcassonne,Paris | Marseille | Clermont-Ferrand,2026-09-10T09:22:01.919447+00:00
Entertainment: Board Games,multiple,easy,"In Dungeons and Dragons (5th edition), what stat do you normally add onto your initiative die roll?",Dexterity,Speed | Strength | Wisdom,2026-09-10T09:22:01.919455+00:00
Entertainment: Board Games,multiple,hard,What is the sum of all the tiles in a standard box of Scrabble?,187,207 | 197 | 177,2026-09-10T09:22:01.919462+00:00
Entertainment: Board Games,multiple,easy,How many dots are on a single die?,21,24 | 15 | 18,2026-09-10T09:22:01.919468+00:00
Entertainment: Board Games,multiple,easy,What is the maximum level you can have in a single class in Dungeons and Dragons (5e)?,20,30 | 15 | 25,2026-09-10T09:22:01.919476+00:00
Entertainment: Board Games,multiple,easy,Which one of these is not a real game in the Dungeons & Dragons series?,Extreme Dungeons & Dragons,Advanced Dungeons & Dragons | Dungeons & Dragons 3.5th edition | Advanced Dungeons & Dragons 2nd edition,2026-09-10T09:22:01.919496+00:00
Entertainment: Board Games,multiple,easy,"On a standard Monopoly board, which square is diagonally opposite 'Go'? ",Free Parking,Go to Jail | Jail | The Electric Company,2026-09-10T09:22:01.919514+00:00
Entertainment: Board Games,multiple,hard,"Which of these cards from ""Magic: The Gathering"" has a flavor text that begins with ""Oi oi oi""?",Uthden Troll,Lotleth Troll | Albino Troll | Harvester Troll,2026-09-10T09:22:01.919529+00:00
Entertainment: Board Games,multiple,hard,"Which board game was first released on February 6th, 1935?",Monopoly,Risk | Clue | Candy Land,2026-09-10T09:22:01.919537+00:00
Science & Nature,multiple,medium,What is the name of the cognitive bias wherein a person with low ability in a particular skill mistake themselves as being superior?,Dunning-Kruger effect,Meyers-Briggs effect | Müller-Lyer effect | Freud-Hall effect,2026-09-10T09:22:13.132268+00:00
Science & Nature,multiple,medium,What part of the brain takes its name from the Greek for seahorse?,Hippocampus,Cerebellum | Thalamus | Amygdala,2026-09-10T09:22:13.132287+00:00
Science & Nature,boolean,medium,Anatomy considers the forms of macroscopic structures such as organs and organ systems.,True,False,2026-09-10T09:22:13.132295+00:00
Science & Nature,multiple,hard,Which of these chemical compounds is NOT found in gastric acid?,Sulfuric acid,Hydrochloric acid | Potassium chloride | Sodium chloride,2026-09-10T09:22:13.132309+00:00
Science & Nature,boolean,hard,Albert Einstein won a noble prize for his theory of relativity.,False,True,2026-09-10T09:22:13.132316+00:00
Science & Nature,multiple,hard,What is the scientific name of the knee cap?,Patella,Femur | Foramen Magnum | Scapula,2026-09-10T09:22:13.132324+00:00
Science & Nature,boolean,hard,Frederick Banting and John Macleod won a Nobel Prize for their contributions to the scientific fields of quantum mechanics.,False,True,2026-09-10T09:22:13.132344+00:00
Science & Nature,multiple,hard,How many types of quarks are there in the standard model of physics?,6,2 | 3 | 4,2026-09-10T09:22:13.132356+00:00
Science & Nature,multiple,easy,How many moons does Pluto have?,Five,Two | Three | One,2026-09-10T09:22:13.132364+00:00
Science & Nature,boolean,medium,"The ""Gympie Stinger"" is the deadliest plant in the world.",False,True,2026-09-10T09:22:13.132373+00:00
Science & Nature,multiple,medium,What is Hypernatremia?,Increase in blood sodium,Decrease in blood potassium | Increase in blood glucose | Decrease in blood iron,2026-09-10T09:22:13.132387+00:00
Science & Nature,multiple,medium,Down Syndrome is usually caused by an extra copy of which chromosome?,21,23 | 15 | 24,2026-09-10T09:22:13.132394+00:00
Science & Nature,multiple,easy,Which of the following is not one of the groups on the periodic table?,Fluorines,Alkali Metals | Halogens | Noble Gases,2026-09-10T09:22:13.132405+00:00
Science & Nature,multiple,easy,The biggest distinction between a eukaryotic cell and a prokaryotic cell is:,The presence or absence of a nucleus,The overall size | The presence or absence of certain organelles | The mode of reproduction,2026-09-10T09:22:13.132423+00:00
Science & Nature,multiple,hard,Which of these is a stop codon in DNA?,TAA,ACT | ACA | GTA,2026-09-10T09:22:13.132430+00:00
Science & Nature,multiple,hard,What is the most potent toxin known?,Botulinum toxin,Ricin | Cyanide | Asbestos,2026-09-10T09:22:13.132437+00:00
Science & Nature,multiple,hard,Which of these animals belongs in class Chondrichthyes?,Great white shark,Octopus | Killer whale | Catfish,2026-09-10T09:22:13.132447+00:00
Science & Nature,multiple,medium,"What was the category of the 2005 hurricane, Hurricane Katrina, in the Saffir-Simpson hurricane wind scale?",Category 5,Category 1 | Category 4 | Category 2,2026-09-10T09:22:13.132462+00:00
Science & Nature,multiple,easy,What is the unit of electrical resistance?,Ohm,Mho | Tesla | Joule,2026-09-10T09:22:13.132468+00:00
Science & Nature,multiple,medium,"What cell organelle is known as ""the powerhouse of the cell?""",Mitochondria,Nucleus | Golgi apparatus | Endoplasmic reticulum,2026-09-10T09:22:13.132478+00:00
Science & Nature,multiple,easy,Stars consist mainly of hydrogen and which other gas?,Helium,Oxygen | Argon | Nitrogen,2026-09-10T09:22:13.132485+00:00
Science & Nature,multiple,medium,Who developed the first successful polio vaccine in the 1950s?,Jonas Salk,John F. Enders | Thomas Weller | Frederick Robbins,2026-09-10T09:22:13.132498+00:00
Science & Nature,multiple,easy,71% of the Earth's surface is made up of,Water,Deserts | Continents | Forests,2026-09-10T09:22:13.132505+00:00
Science & Nature,multiple,easy,Alzheimer's disease primarily affects which part of the human body?,Brain,Lungs | Skin | Heart,2026-09-10T09:22:13.132511+00:00
Science & Nature,multiple,medium,"The ""Tibia"" is found in which part of the body?",Leg,Arm | Hand | Head,2026-09-10T09:22:13.132518+00:00
Science & Nature,multiple,easy,The human heart has how many chambers?,4,2 | 6 | 3,2026-09-10T09:22:13.132524+00:00
Science & Nature,multiple,medium,How many hearts does an octopus have?,Three,One | Two | Four,2026-09-10T09:22:13.132534+00:00
Science & Nature,multiple,medium,"On the periodic table of elements, what is the symbol for Tin?",Sn,Ti | Ni | Na,2026-09-10T09:22:13.132541+00:00
Science & Nature,multiple,easy,The element involved in making human blood red is which of the following?,Iron,Copper | Iridium | Cobalt,2026-09-10T09:22:13.132548+00:00
Science & Nature,multiple,medium,Which chemical element was originally known as Alabamine?,Astatine,Selenium | Antimony | Molybdenum,2026-09-10T09:22:13.132553+00:00
Science & Nature,multiple,easy,What is the standard SI unit for time?,Second,Minute | Hour | Day,2026-09-10T09:22:13.132559+00:00
Science & Nature,multiple,medium,What do you study if you are studying entomology?,Insects,Humans | the Brain | Fish,2026-09-10T09:22:13.132567+00:00
Science & Nature,boolean,medium,Pneumonoultramicroscopicsilicovolcanoconiosis is a synonym for the disease known as silicosis.,True,False,2026-09-10T09:22:13.132573+00:00
Science & Nature,multiple,medium,Which of these is NOT a part of the structure of a typical neuron?,Islets of Langerhans,Node of Ranvier | Schwann cell | Myelin sheath,2026-09-10T09:22:13.132587+00:00
Science & Nature,multiple,easy,Dry ice is the solid form of what substance?,Carbon dioxide,Nitrogen | Ammonia | Oxygen,2026-09-10T09:22:13.132594+00:00
Science & Nature,multiple,medium,Gannymede is the largest moon of which planet?,Jupiter,Uranus | Neptune | Mars,2026-09-10T09:22:13.132600+00:00
Science & Nature,multiple,medium,Which continent do sweet potatoes originally come from?,South America,Asia | Africa | Europe,2026-09-10T09:22:13.132607+00:00
Science & Nature,multiple,medium,What is the chemical formula for ammonia?,NH3,CO2 | NO3 | CH4,2026-09-10T09:22:13.132613+00:00
Science & Nature,multiple,medium,About how old is Earth?,4.5 Billion Years,3.5 Billion Years | 2.5 Billion Years | 5.5 Billion Years,2026-09-10T09:22:13.132625+00:00
Science & Nature,multiple,medium,"The humerus, paired radius, and ulna come together to form what joint?",Elbow,Knee | Sholder | Ankle,2026-09-10T09:22:13.132632+00:00
Science & Nature,multiple,easy,Which type of rock is created by intense heat AND pressure?,Metamorphic,Sedimentary | Igneous | Diamond,2026-09-10T09:22:13.132639+00:00
Science & Nature,multiple,easy,The medical term for the belly button is which of the following?,Umbilicus,Nevus | Nares | Paxillus,2026-09-10T09:22:13.132646+00:00
Science & Nature,multiple,medium,Which portion of the Marijuana plant produces the psychoactive substance known as THC?,Female Flower,Leaves | Male Flower | Root Ball,2026-09-10T09:22:13.132658+00:00
Science & Nature,multiple,medium,"When the Falcon Heavy was launched on it's test flight, what was the only part of the operation that failed?",Center Core Landing,Side Booster Landing | Deployment of Starman | Ignition and Liftoff,2026-09-10T09:22:13.132674+00:00
Science & Nature,multiple,medium,Deuterium is an isotope of which element?,Hydrogen,Nitrogen | Helium | Neon,2026-09-10T09:22:13.132680+00:00
Science & Nature,multiple,medium,Which of the following men does not have a chemical element named after him?,Sir Isaac Newton,Albert Einstein | Niels Bohr | Enrico Fermi,2026-09-10T09:22:13.132695+00:00
Science & Nature,multiple,hard,What nucleotide pairs with guanine?,Cytosine,Thymine | Adenine | Uracil,2026-09-10T09:22:13.132700+00:00
Science & Nature,boolean,medium,A defibrillator is used to start up a heartbeat once a heart has stopped beating.,False,True,2026-09-10T09:22:13.132707+00:00
Science & Nature,multiple,easy,"What was the name of the first artificial Earth satellite, launched by the Soviet Union in 1957?",Sputnik 1,Soyuz 7K-OK | Zenit-2 | Voskhod 3KV,2026-09-10T09:22:13.132720+00:00
Science & Nature,multiple,easy, What is the chemical symbol for Helium?,He,H | Hg | Hs,2026-09-10T09:22:13.132726+00:00
Science & Nature,boolean,medium,A person can get sunburned on a cloudy day.,True,False,2026-09-10T09:22:18.729018+00:00
Science & Nature,multiple,medium,What term is best associated with Sigmund Freud?,Psychoanalysis,Cognitive-Behavioral Therapy | Theory of Gravity | Dialectical Behavior Therapy,2026-09-10T09:22:18.729044+00:00
Science & Nature,boolean,medium,Steel is an alloy of Iron and Carbon.,True,False,2026-09-10T09:22:18.729051+00:00
Science & Nature,multiple,medium,"Which planet did the ""Viking 1"" spacecraft send surface images of, starting in 1976?",Mars,Saturn | Jupiter | Venus,2026-09-10T09:22:18.729060+00:00
Science & Nature,boolean,easy,An exothermic reaction is a chemical reaction that releases energy by radiating electricity.,False,True,2026-09-10T09:22:18.729067+00:00
Science & Nature,multiple,easy,Which of these Elements is a metalloid?,Antimony,Tin | Bromine | Rubidium,2026-09-10T09:22:18.729073+00:00
Science & Nature,multiple,medium,"At what depth should you make a decompression stop, or safety stop, on a typical scuba dive?",15 Feet / 5 Meters,25 Feet / 7.5 Meters | 50 Feet / 15 Meters | 75 Feet / 23 Meters,2026-09-10T09:22:18.729092+00:00
Science & Nature,multiple,medium,"The moons, Miranda, Ariel, Umbriel, Titania and Oberon orbit which planet?",Uranus,Jupiter | Venus | Neptune,2026-09-10T09:22:18.729100+00:00
Science & Nature,multiple,easy,What is the official name of the star located closest to the North Celestial Pole?,Polaris,Eridanus | Gamma Cephei | Iota Cephei,2026-09-10T09:22:18.729111+00:00
Science & Nature,multiple,medium,What are human nails made of?,Keratin,Bone | Chitin | Calcium,2026-09-10T09:22:18.729117+00:00
Science & Nature,multiple,medium,What is the standard SI unit for electric current?,Ampere,Volt | Ohm | Watt,2026-09-10T09:22:18.729123+00:00
Science & Nature,multiple,easy,"What is the ""powerhouse"" of the Eukaryotic animal cell?",Mitochondria,Nucleus | Chloroplast | Endoplasmic Reticulum,2026-09-10T09:22:18.729132+00:00
Science & Nature,multiple,easy,What is the standard atomic weight of a Plutonium nucleus?,244,94 | 481 | 128,2026-09-10T09:22:18.729138+00:00
Science & Nature,boolean,hard,It was once believed that injecting shark cartilage into people would prevent them from contracting cancer.,True,False,2026-09-10T09:22:18.729145+00:00
Science & Nature,boolean,medium,"If you dip a dry towel into a tub full of water, water will climb up the towel by a phenomenon called ""Cartillary Action""",False,True,2026-09-10T09:22:18.729155+00:00
Science & Nature,multiple,easy,What does the letter 'S' stand for in 'NASA'?,Space,Science | Society | Star,2026-09-10T09:22:18.729161+00:00
Science & Nature,multiple,medium,Which of these elements on the Periodic Table is a Noble Gas?,Neon,Potassium | Iodine | Colbalt,2026-09-10T09:22:18.729168+00:00
Science & Nature,multiple,hard,"What is the scientific name for the extinct hominin known as ""Lucy""?",Australopithecus Afarensis,Australopithecus Africanus | Australopithecus Architeuthis | Australopithecus Antaris,2026-09-10T09:22:18.729182+00:00
Science & Nature,multiple,medium,Which psychological term refers to the stress of holding contrasting beliefs?,Cognitive Dissonance,Flip-Flop Syndrome | Split-Brain | Blind Sight,2026-09-10T09:22:18.729194+00:00
Science & Nature,multiple,easy,What is the elemental symbol for mercury?,Hg,Me | Mc | Hy,2026-09-10T09:22:18.729200+00:00
Science & Nature,multiple,medium,"Where did the Great Storm of 1987 make landfall at, first?",Cornwall,Surrey | Wales | The Midlands,2026-09-10T09:22:18.729208+00:00
Science & Nature,multiple,hard,What is the molecular formula of Glucose?,C6H12O6,C2H4O2 | K+ | CH4,2026-09-10T09:22:18.729216+00:00
Science & Nature,multiple,easy,What lies at the center of our galaxy?,A black hole,A wormhole | A supernova | A quasar,2026-09-10T09:22:18.729234+00:00
Science & Nature,multiple,hard,Which of the following is a major muscle of the back?,Trapezius,Trapezium | Trapezoid | Triquetrum,2026-09-10T09:22:18.729240+00:00
Science & Nature,multiple,hard,Which Landsat Satellite failed to reach orbit?,Landsat 6,Landsat 5 | Landsat 4 | Landsat 3,2026-09-10T09:22:18.729252+00:00
Science & Nature,multiple,medium,Myopia is the scientific term for which condition?,Shortsightedness,Farsightedness | Double Vision | Clouded Vision,2026-09-10T09:22:18.729278+00:00
Science & Nature,multiple,hard,Which major extinction event was caused by an asteroid collision and eliminated the majority of non-avian dinosaurs?,Cretaceous-Paleogene,Triassic–Jurassic | Permian–Triassic | Ordovician–Silurian,2026-09-10T09:22:18.729299+00:00
Science & Nature,boolean,hard,The chemical element Lithium is named after the country of Lithuania.,False,True,2026-09-10T09:22:18.729306+00:00
Science & Nature,boolean,easy,The shape of the Earth is a perfect sphere.,False,True,2026-09-10T09:22:18.729312+00:00
Science & Nature,multiple,medium,Which chemical element has the lowest boiling point?,Helium,Hydrogen | Neon | Nitrogen,2026-09-10T09:22:18.729318+00:00
Science & Nature,boolean,easy,Igneous rocks are formed by excessive heat and pressure.,False,True,2026-09-10T09:22:18.729324+00:00
Science & Nature,multiple,hard,The 'Islets of Langerhans' is found in which human organ?,Pancreas,Kidney | Liver | Brain,2026-09-10T09:22:18.729331+00:00
Science & Nature,multiple,easy,What is the largest animal currently on Earth?,Blue Whale,Orca | Colossal Squid | Giraffe,2026-09-10T09:22:18.729341+00:00
Science & Nature,multiple,hard,Autosomal-dominant Compelling Helio-Ophthalmic Outburst syndrome is the need to do what when seeing the Sun?,Sneeze,Cough | Yawn | Hiccup,2026-09-10T09:22:18.729349+00:00
Science & Nature,multiple,hard,What causes the sound of a heartbeat?,Closure of the heart valves,Contraction of the heart chambers | Blood exiting the heart | Relaxation of the heart chambers,2026-09-10T09:22:18.729364+00:00
Science & Nature,multiple,easy,What is the hottest planet in the solar system,Venus,Jupiter | Mercury  | Mars,2026-09-10T09:22:18.729371+00:00
Science & Nature,multiple,medium,"What does CPR, the emergency procedure to assist someone who has suffered cardiac arrest, stand for?",Cardiopulmonary resuscitation,Chronic pain relief | Cancer pain release | Contraceptive prevalence rate,2026-09-10T09:22:18.729386+00:00
Science & Nature,multiple,hard,Which constellation contains the center of the Milky Way?,Sagittarius,Scorpius | Ophiuchus | Capricornus,2026-09-10T09:22:18.729392+00:00
Science & Nature,boolean,medium,Shrimp can swim backwards.,True,False,2026-09-10T09:22:18.729396+00:00
Science & Nature,multiple,medium,Approximately how long is a year on Uranus?,84 Earth years,47 Earth years | 62 Earth years | 109 Earth years,2026-09-10T09:22:18.729409+00:00
Science & Nature,multiple,easy,What is an example of a bacterial pathogen?,Cholera,Measles  | AIDS | Ringworm,2026-09-10T09:22:18.729416+00:00
Science & Nature,boolean,medium,"In the periodic table, Potassium's symbol is the letter K.",True,False,2026-09-10T09:22:18.729422+00:00
Science & Nature,multiple,hard,"""The Big Bang Theory"" was first theorized by a priest of what religious ideology?",Catholic,Christian | Jewish | Islamic,2026-09-10T09:22:18.729430+00:00
Science & Nature,multiple,medium,What is the mathematical formula of Ohm's law?,V = I*R,I = V*R | R = V*I | V = I / R,2026-09-10T09:22:18.729446+00:00
Science & Nature,boolean,medium,The Doppler effect applies to light.,True,False,2026-09-10T09:22:18.729450+00:00
Science & Nature,multiple,hard,"What does the term ""isolation"" refer to in microbiology?","The separation of a strain from a natural, mixed population of living microbes","A lack of nutrition in microenviroments | The nitrogen level in soil | Testing effects of certain microorganisms in an isolated enviroments, such as caves",2026-09-10T09:22:18.729470+00:00
Science & Nature,multiple,easy,How many moons does the Earth have?,1,0 | 2 | 3,2026-09-10T09:22:18.729477+00:00
Science & Nature,boolean,medium,The French scientists Louis Pasteur and Émile Roux developed the first rabies vaccination in 1885.,True,False,2026-09-10T09:22:18.729485+00:00
Science & Nature,boolean,medium,Polaris is the brightest star in the northern hemisphere night sky.,False,True,2026-09-10T09:22:18.729491+00:00
Science & Nature,boolean,easy,All planets in the Solar System orbit the Sun.,True,False,2026-09-10T09:22:18.729496+00:00
Science & Nature,multiple,medium,What is the colour of unoxidized blood?,Red,Blue | Purple | Green,2026-09-10T09:22:24.321195+00:00
Science & Nature,multiple,hard,What is the same in Celsius and Fahrenheit?,-40,32 | -39 | -42,2026-09-10T09:22:24.321214+00:00
Science & Nature,boolean,medium,Hippopotomonstrosesquippedaliophobia is the irrational fear of long words.,True,False,2026-09-10T09:22:24.321221+00:00
Science & Nature,boolean,easy,An atom contains a nucleus.,True,False,2026-09-10T09:22:24.321227+00:00
Science & Nature,multiple,hard,What is considered the rarest form of color blindness?,Blue,Red | Green | Purple,2026-09-10T09:22:24.321233+00:00
Science & Nature,multiple,hard,Which Landsat Satellite currently has had the longest operational life?,Landsat 5,Landsat 8 | Landsat 7 | Landsat 6,2026-09-10T09:22:24.321247+00:00
Science & Nature,boolean,medium,Type 1 diabetes is a result of the liver working improperly.,False,True,2026-09-10T09:22:24.321253+00:00
Science & Nature,multiple,medium,"Which NASA Space Shuttle broke apart during atmospheric re-entry on February 1, 2003? ",Columbia,Challenger | Discovery | Endeavour,2026-09-10T09:22:24.321262+00:00
Science & Nature,multiple,hard,"Botanically speaking, which of these fruits is NOT a berry?",Strawberry,Blueberry | Banana | Concord Grape,2026-09-10T09:22:24.321270+00:00
Science & Nature,multiple,hard,A comet's gaseous envelope (which creates the tail) is called what?,The coma,The wake | The backwash | The ablative,2026-09-10T09:22:24.321285+00:00
Science & Nature,multiple,medium,"In Psychology, which need appears highest in the ""Maslow's hierarchy of needs"" pyramid?",Esteem,Love | Safety | Physiological,2026-09-10T09:22:24.321293+00:00
Science & Nature,multiple,hard,Which of the following liquids is least viscous? Assume temperature is 25°C.,Acetone,Water | Mercury | Benzene,2026-09-10T09:22:24.321302+00:00
Science & Nature,multiple,easy,Which element has the highest melting point?,Carbon,Tungsten | Platinum | Osmium,2026-09-10T09:22:24.321308+00:00
Science & Nature,boolean,easy,The Earth and the Moon roughly have the same mass.,False,True,2026-09-10T09:22:24.321314+00:00
Science & Nature,multiple,medium,"Which color cannot be produced in Roses, even through genetic alteration?",Blue,Black | Orange | Brown,2026-09-10T09:22:24.321321+00:00
Science & Nature,multiple,medium,Which element has the atomic number of 7?,Nitrogen,Oxygen | Hydrogen | Neon,2026-09-10T09:22:24.321327+00:00
Science & Nature,multiple,hard,Which horizon in a soil profile consists of bedrock?,R,O | B | D,2026-09-10T09:22:24.321349+00:00
Science & Nature,multiple,medium,What is the molecular formula of the active component of chili peppers(Capsaicin)?,C18H27NO3,C21H23NO3 | C6H4Cl2 | C13H25NO4,2026-09-10T09:22:24.321360+00:00
Science & Nature,multiple,hard,What is the scientific name of the red fox?,Vulpes Vulpes,Vulpes Redus | Red Fox | Vulpes Vulpie,2026-09-10T09:22:24.321376+00:00
Science & Nature,multiple,medium,Which of these two plates are best know for forming earthquakes and tsunami's? ,Convergent Plate Boundaries/Oceanic Crust,Divergent Plate Boundaries/Convergent/Oceanic Crust | Transform Plate Boundaries/Divergent Plate Boundaries | Oceanic & Continental Crust/Transform Plate Boundaries,2026-09-10T09:22:24.321404+00:00
Science & Nature,multiple,hard,What does the scientific name of the Cambrian-Period sea creature Anomalocaris mean?,Abnormal Shrimp,Deformed Fish | Strange Crab | Anomalous Clam,2026-09-10T09:22:24.321419+00:00
Science & Nature,multiple,easy,About what percentage of the Earth's surface is water? ,70%,30% | 50% | 90%,2026-09-10T09:22:24.321433+00:00
Science & Nature,multiple,medium,"In Chemistry, how many isomers does Butanol (C4H9OH) have?",4,3 | 5 | 6,2026-09-10T09:22:24.321441+00:00
Science & Nature,multiple,medium,What is the scientific term for 'taste'?,Gustatory Perception,Olfaction | Somatosensation | Auditory Perception,2026-09-10T09:22:24.321451+00:00
Science & Nature,multiple,hard,"In physics, conservation of energy and conservation of momentum are both consequences of which of the following?",Noether's Theorem,Bell's Theorem | Wick's Theorem | Carnot's Theorem,2026-09-10T09:22:24.321467+00:00
Science & Nature,multiple,medium,Which of these is NOT a bone found in the human arm?,Tibia,Humerus | Ulna | Radius,2026-09-10T09:22:24.321474+00:00
Science & Nature,multiple,medium,Tetsuya Fujita was a scientist that developed the scale for which natural disaster?,Tornadoes,Hurricanes | Earthquakes | Volcanoes,2026-09-10T09:22:24.321482+00:00
Science & Nature,multiple,easy,What is the largest planet in the Solar System?,Jupiter,Saturn | Earth | Mars,2026-09-10T09:22:24.321488+00:00
Science & Nature,multiple,medium,"In human biology, a circadium rhythm relates to a period of roughly how many hours?",24,8 | 16 | 32,2026-09-10T09:22:24.321496+00:00
Science & Nature,multiple,medium,What was the first living creature in space?,Fruit Flies ,Monkey | Dog | Mouse,2026-09-10T09:22:24.321504+00:00
Science & Nature,multiple,hard,What element on the periodic table has 92 electrons?,Uranium,Sulfur | Hydrogen | Iron,2026-09-10T09:22:24.321510+00:00
Science & Nature,multiple,medium,What is the largest living organism currently known to man?,Honey Fungus,Blue Whale | Redwood Tree | The Coral Reef,2026-09-10T09:22:24.321524+00:00
Science & Nature,multiple,easy,Which noble gas has the lowest atomic number?,Helium,Neon | Argon | Krypton,2026-09-10T09:22:24.321530+00:00
Science & Nature,multiple,easy,What does DNA stand for?,Deoxyribonucleic Acid,Deoxyribogenetic Acid | Deoxyribogenetic Atoms | Detoxic Acid,2026-09-10T09:22:24.321542+00:00
Science & Nature,multiple,medium,All the following metal elements are liquids at or near room temperature EXCEPT:,Beryllium,Gallium | Caesium | Mercury,2026-09-10T09:22:24.321549+00:00
Science & Nature,multiple,easy,How many laws of thermodynamics are there?,Four,Three | Two | Five,2026-09-10T09:22:24.321555+00:00
Science & Nature,multiple,hard,Which of the following is NOT a word used to describe an earthquake?,Drop-slide,Foreshock | Strike-slip | Temblor,2026-09-10T09:22:24.321562+00:00
Science & Nature,boolean,medium,El Niño pushes warm water to the coasts of the Western Pacific during winter.,True,False,2026-09-10T09:22:24.321570+00:00
Science & Nature,multiple,easy,Which is the longest bone in the human body? ,Femur,Scapula | Fibula | Ulna,2026-09-10T09:22:24.321576+00:00
Science & Nature,multiple,hard,Folic acid is the synthetic form of which vitamin?,Vitamin B,Vitamin A | Vitamin C | Vitamin D,2026-09-10T09:22:24.321588+00:00
Science & Nature,multiple,easy,"This element, when overcome with extreme heat and pressure, creates diamonds.",Carbon,Nitrogen | Oxygen | Hydrogen,2026-09-10T09:22:24.321595+00:00
Science & Nature,multiple,hard,"In quantum physics, which of these theorised sub-atomic particles has yet to be observed?",Graviton,Z boson | Tau neutrino | Gluon,2026-09-10T09:22:24.321606+00:00
Science & Nature,multiple,hard,What physics principle relates the net electric flux out of a closed surface to the charge enclosed by that surface?,Gauss's Law,Faraday's Law | Ampere's Law | Biot-Savart Law,2026-09-10T09:22:24.321621+00:00
Science & Nature,multiple,hard,Burning which of these metals will produce a bright white flame?,Magnesium,Copper | Lithium | Lead,2026-09-10T09:22:24.321628+00:00
Science & Nature,multiple,medium,After which Danish city is the 72th element on the periodic table named?,Copenhagen,Odense | Herning | Skagen,2026-09-10T09:22:24.321634+00:00
Science & Nature,multiple,hard,What was the first organic compound to be synthesized from inorganic compounds?,Urea,Propane | Ethanol | Formaldehyde,2026-09-10T09:22:24.321641+00:00
Science & Nature,multiple,medium,Which of the following spacecraft never touched the moon?,Mariner 4,Apollo 11 | Luna 2 | SMART-1,2026-09-10T09:22:24.321652+00:00
Science & Nature,multiple,easy,What is the powerhouse of the cell?,Mitochondria,Ribosome | Redbull | Nucleus,2026-09-10T09:22:24.321657+00:00
Science & Nature,multiple,hard,Muscle fiber is constructed of bundles small long organelles called what?,Myofibrils,Epimysium | Myofiaments | Myocardium,2026-09-10T09:22:24.321664+00:00
Science & Nature,multiple,medium,Which part of the body does glaucoma affect?,Eyes,Throat | Stomach | Blood,2026-09-10T09:22:24.321669+00:00
Science & Nature,multiple,medium,The Sun consists of mostly which two elements?,Hydrogen & Helium,Hydrogen & Nitrogen | Carbon & Nitrogen | Carbon & Helium,2026-09-10T09:22:30.032152+00:00
Science & Nature,boolean,easy,Great Whites sometimes perform the bump-and-bite attack (a test bite) on victims.,True,False,2026-09-10T09:22:30.032170+00:00
Science & Nature,multiple,medium,When was the first mammal successfully cloned?,1996,2009 | 1999 | 1985,2026-09-10T09:22:30.032177+00:00
Science & Nature,boolean,medium,"Scientists accidentally killed the once known world's oldest living creature, a mollusc, known to be aged as 507 years old.",True,False,2026-09-10T09:22:30.032187+00:00
Science & Nature,multiple,hard,What genetic disease is caused by having an extra Y chromosome (XYY)?,Jacob's Syndrome,Klinefelter's Syndrome | Turner's Syndrome | Down Syndrome,2026-09-10T09:22:30.032202+00:00
Science & Nature,multiple,medium,What is the chemical symbol for lead?,Pb,Ld | Le | Pm,2026-09-10T09:22:30.032208+00:00
Science & Nature,boolean,easy,"Celiac Disease is a disease that effects the heart, causing those effected to be unable to eat meat.",False,True,2026-09-10T09:22:30.032216+00:00
Science & Nature,multiple,easy,How many chromosomes are in your body cells?,23,21 | 22 | 24,2026-09-10T09:22:30.032222+00:00
Science & Nature,multiple,easy,Which Apollo mission was the first one to land on the Moon?,Apollo 11,Apollo 10 | Apollo 9 | Apollo 13,2026-09-10T09:22:30.032236+00:00
Science & Nature,multiple,easy,What is the first element on the periodic table?,Hydrogen,Helium | Oxygen | Lithium,2026-09-10T09:22:30.032242+00:00
Science & Nature,multiple,hard,What is the standard SI unit for luminous intensity?,Candela,Lumen | Faraday | Coulomb,2026-09-10T09:22:30.032249+00:00
Science & Nature,multiple,medium,Which of these is a type of stretch/deep tendon reflex?,Ankle jerk reflex,Gag reflex | Pupillary light reflex | Scratch reflex,2026-09-10T09:22:30.032263+00:00
Science & Nature,multiple,easy,How many planets are there in the Solar System?,8,9 | 11 | 10,2026-09-10T09:22:30.032269+00:00
Science & Nature,multiple,medium,How old is the universe?,13.8 Billion Years,4.5 Billion Years | 7.9 Billion Years | 16.2 Billion Years,2026-09-10T09:22:30.032282+00:00
Science & Nature,multiple,easy,How many planets are in our Solar System?,Eight,Nine | Seven | Ten,2026-09-10T09:22:30.032288+00:00
Science & Nature,multiple,medium,Which of these stars is the largest?,UY Scuti,VY Canis Majoris | Betelgeuse | RW Cephei,2026-09-10T09:22:30.032299+00:00
Science & Nature,boolean,medium,Sugar contains fat.,False,True,2026-09-10T09:22:30.032304+00:00
Science & Nature,multiple,medium,What is radiation measured in?,Gray ,Watt | Decibel | Kelvin,2026-09-10T09:22:30.032311+00:00
Science & Nature,multiple,hard,What is the molecular formula of Ozone?,O3,C6H2O6 | N2O | SO4,2026-09-10T09:22:30.032316+00:00
Science & Nature,multiple,medium,What is the atomic number of the element Strontium?,38,73 | 47 | 11,2026-09-10T09:22:30.032323+00:00
Science & Nature,multiple,medium,"In aeronautics, flaps and slats are used to control what on an aircraft?",Lift,Thrust | Drag | Weight ,2026-09-10T09:22:30.032332+00:00
Science & Nature,multiple,hard,An organic compound is considered an alcohol if it has what functional group?,Hydroxyl,Carbonyl | Alkyl | Aldehyde,2026-09-10T09:22:30.032339+00:00
Science & Nature,multiple,medium,What medication was once commonly used as rat poison?,Coumadin,Aspirin | Eliquis | Tylenol,2026-09-10T09:22:30.032345+00:00
Science & Nature,multiple,easy,What organelle aids in synthesis of DNA in cells?,Ribosomes,Nuclei | Lysosomes | Mitochondria,2026-09-10T09:22:30.032351+00:00
Science & Nature,multiple,easy,What is the speed of light in a vacuum?,"299,792,458 m/s","50,461 m/s | 308,215,043 m/s | 751,665,014,151 m/s",2026-09-10T09:22:30.032376+00:00
Science & Nature,multiple,easy,Who is the chemical element Curium named after?,Marie & Pierre Curie,The Curiosity Rover | Curious George | Stephen Curry,2026-09-10T09:22:30.032390+00:00
Science & Nature,multiple,medium,What is the atomic number of Uranium ,92,235 | 17 | 167,2026-09-10T09:22:30.032397+00:00
Science & Nature,multiple,medium,What is the Linnean name of the domestic apple tree?,Malus pumila,Malus americana | Pomus domestica | Appelus delectica,2026-09-10T09:22:30.032409+00:00
Science & Nature,multiple,easy,Which of the following bones is not in the leg?,Radius,Patella | Tibia | Fibula ,2026-09-10T09:22:30.032417+00:00
Science & Nature,multiple,medium,What is the name of the Supermassive Black Hole in the centre of the Milky Way?,Sagittarius A*,Messier 87 | Alpha Centauri | Andromeda,2026-09-10T09:22:30.032430+00:00
Science & Nature,multiple,medium,What does the yellow diamond on the NFPA 704 fire diamond represent?,Reactivity,Health | Flammability | Radioactivity,2026-09-10T09:22:30.032454+00:00
Science & Nature,multiple,easy,What is the standard SI unit for mass?,Kilogram,Tonne | Pound | Gram,2026-09-10T09:22:30.032465+00:00
Science & Nature,multiple,hard,What is the unit of electrical inductance?,Henry,Weber | Coulomb | Mho,2026-09-10T09:22:30.032473+00:00
Science & Nature,multiple,medium,How many baby/milk teeth does a human child have in total?,20,10 | 15 | 25,2026-09-10T09:22:30.032481+00:00
Science & Nature,multiple,easy,What produces the green colour of most plant leaves?,Chlorophyll,Light refraction | Natural pigments | UV radiation,2026-09-10T09:22:30.032492+00:00
Science & Nature,multiple,easy,Rhinoplasty is a surgical procedure on what part of the human body?,Nose,Ears | Chin | Neck,2026-09-10T09:22:30.032499+00:00
Science & Nature,multiple,hard,Which of the following elements is typically used in the doping of the semiconductor silicon?,Boron,Oxygen | Carbon | Iron,2026-09-10T09:22:30.032507+00:00
Science & Nature,multiple,easy,How many bones are in the human body?,206,203 | 209 | 200,2026-09-10T09:22:30.032513+00:00
Science & Nature,multiple,medium,On which mission did the Space Shuttle Columbia break up upon re-entry?,STS-107,STS-51-L | STS-61-C | STS-109,2026-09-10T09:22:30.032520+00:00
Science & Nature,multiple,hard,The Western Lowland Gorilla is scientifically know as?,Gorilla Gorilla Gorilla,Gorilla Gorilla Diehli | Gorilla Beringei Graueri | Gorilla Beringei Beringei,2026-09-10T09:22:30.032534+00:00
Science & Nature,multiple,easy,"What is the thin, outermost layer of the Earth?",Crust,Exosphere | Mantle | Outer Core,2026-09-10T09:22:30.032543+00:00
Science & Nature,multiple,hard,"In the Scoville scale, what is the hottest chemical?",Resiniferatoxin,Capsaicin | Dihydrocapsaicin | Tinyatoxin,2026-09-10T09:22:30.032549+00:00
Science & Nature,multiple,hard,How much radiation does a banana emit?,0.1 Microsievert,0.3 Microsievert | 0.5 Microsievert | 0.7 Microsievert,2026-09-10T09:22:30.032561+00:00
Science & Nature,multiple,medium,"Where did the dog breed ""Chihuahua"" originate?",Mexico,France | Spain | Russia,2026-09-10T09:22:30.032567+00:00
Science & Nature,multiple,hard,Which is the chemical name of H2O?,Dihydrogen Monoxide,Ammonium chloride | Anhydrous Sodium Carbonate | Manganese dioxide,2026-09-10T09:22:30.032580+00:00
Science & Nature,multiple,medium,"To the nearest minute, how long does it take for light to travel from the Sun to the Earth?",8 Minutes,6 Minutes | 2 Minutes | 12 Minutes,2026-09-10T09:22:30.032596+00:00
Science & Nature,multiple,hard,If you planted the seeds of Quercus robur what would grow?,Trees,Flowers | Vegtables | Grains,2026-09-10T09:22:30.032603+00:00
Science & Nature,boolean,easy,Not including false teeth; A human has two sets of teeth in their lifetime.,True,False,2026-09-10T09:22:30.032610+00:00
Science & Nature,multiple,hard,How many objects are equivalent to one mole?,6.022 x 10^23,6.002 x 10^22 | 6.022 x 10^22 | 6.002 x 10^23,2026-09-10T09:22:30.032624+00:00
Science & Nature,boolean,medium,Sound can travel through a vacuum.,False,True,2026-09-10T09:22:30.032629+00:00
Science & Nature,multiple,hard,Which of the following are cells of the adaptive immune system?,Cytotoxic T cells,Dendritic cells | Natural killer cells | White blood cells,2026-09-10T09:22:35.635844+00:00
Science & Nature,multiple,hard,"Which of the following plastic is commonly used for window frames, gutters and drain pipes?",Polyvinylchloride (PVC) ,Polyethylene (PE) | Polypropylene (PP) | Polystyrene (PS),2026-09-10T09:22:35.635872+00:00
Science & Nature,multiple,medium,What part of the body produces insulin?,Pancreas,Kidney | Liver | Stomach,2026-09-10T09:22:35.635949+00:00
Science & Nature,multiple,medium,The medial meniscus forms which part of what joint in the human body?,Knee,Elbow | Ankle | Shoulder,2026-09-10T09:22:35.635962+00:00
Science & Nature,multiple,easy,What is the primary addictive substance found in tobacco?,Nicotine,Cathinone | Ephedrine | Glaucine,2026-09-10T09:22:35.635970+00:00
Science & Nature,multiple,medium,Which of these choices is not one of the phases of mitosis?,Diplophase,Metaphase | Anaphase | Telophase,2026-09-10T09:22:35.635977+00:00
Science & Nature,multiple,easy,Which gas forms about 78% of the Earth’s atmosphere?,Nitrogen,Oxygen | Argon | Carbon Dioxide,2026-09-10T09:22:35.635989+00:00
Science & Nature,multiple,medium,What is the half-life of Uranium-235?,"703,800,000 years","4,300,400,000 years | 1,260,900,000 years | Uranium-235 is a stable isotope",2026-09-10T09:22:35.636005+00:00
Science & Nature,multiple,hard,How many protons are in an oxygen atom?,Eight,Four | Two | Six,2026-09-10T09:22:35.636011+00:00
Science & Nature,multiple,medium,"Along with Oxygen, which element is primarily responsible for the sky appearing blue?",Nitrogen,Helium | Carbon | Hydrogen,2026-09-10T09:22:35.636019+00:00
Science & Nature,multiple,easy,What name is given to all baby marsupials?,Joey,Calf | Pup | Cub,2026-09-10T09:22:35.636025+00:00
Science & Nature,multiple,hard,Where is the Gluteus Maximus muscle located?,Butt,Arm | Head | Torso,2026-09-10T09:22:35.636031+00:00
Science & Nature,multiple,medium,What are the smallest blood vessels in the human body?,Capillaries,Arterioles | Veinules | Lymphatics,2026-09-10T09:22:35.636037+00:00
Science & Nature,boolean,medium,The most frequent subconscious activity repeated by the human body is blinking.,False,True,2026-09-10T09:22:35.636044+00:00
Science & Nature,multiple,medium,How many degrees Fahrenheit is 100 degrees Celsius? ,212,326 | 100 | 451,2026-09-10T09:22:35.636050+00:00
Science & Nature,boolean,easy,The Sun is considered a star.,True,False,2026-09-10T09:22:35.636055+00:00
Science & Nature,boolean,medium,The Neanderthals were a direct ancestor of modern humans.,False,True,2026-09-10T09:22:35.636060+00:00
Science & Nature,boolean,easy,An average human can go two weeks without water.,False,True,2026-09-10T09:22:35.636066+00:00
Science & Nature,boolean,medium,The planet Mars has two moons orbiting it.,True,False,2026-09-10T09:22:35.636071+00:00
Science & Nature,multiple,hard,What is the name for the auditory illusion of a note that seems to be rising infinitely?,Shepard Tone,Glissandro Illusion | Fransen Effect | McGurck Effect,2026-09-10T09:22:35.636086+00:00
Science & Nature,boolean,easy,An Astronomical Unit is the distance between Earth and the Moon.,False,True,2026-09-10T09:22:35.636092+00:00
Science & Nature,multiple,easy,How many planets make up our Solar System?,8,7 | 9 | 6,2026-09-10T09:22:35.636098+00:00
Science & Nature,multiple,medium,How many officially recognized dwarf planets in the solar system are named after Polynesian deities?,2,0 | 1 | 5,2026-09-10T09:22:35.636106+00:00
Science & Nature,multiple,medium,Which one of these scientists conducted the Gold Foil Experiment which concluded that atoms are mostly made of empty space?,Ernest Rutherford,Joseph John Thomson | Archimedes | Niels Henrik David Bohr,2026-09-10T09:22:35.636121+00:00
Science & Nature,multiple,medium,At what temperature does water boil?,212°F,200°F | 181°F | 178°F,2026-09-10T09:22:35.636135+00:00
Science & Nature,multiple,hard,"The word ""science"" stems from the word ""scire"" meaning what?",To know,To measure | To live | To count,2026-09-10T09:22:35.636148+00:00
Science & Nature,multiple,medium,"What polymer is used to make CDs, safety goggles and riot shields?",Polycarbonate,Rubber | Nylon | Bakelite,2026-09-10T09:22:35.636155+00:00
Science & Nature,boolean,medium,"""Tachycardia"" or ""Tachyarrhythmia"" refers to a resting heart-rate near or over 100 BPM.",True,False,2026-09-10T09:22:35.636163+00:00
Science & Nature,multiple,easy,What is the hottest planet in the Solar System?,Venus,Mars | Mercury | Jupiter,2026-09-10T09:22:35.636169+00:00
Science & Nature,multiple,easy,What animal takes part in Schrödinger's most famous thought experiment?,Cat,Dog | Bat | Butterfly,2026-09-10T09:22:35.636176+00:00
Science & Nature,multiple,hard,Coulrophobia is the irrational fear of what?,Clowns,Cemeteries | Needles | Tunnels,2026-09-10T09:22:35.636182+00:00
Science & Nature,boolean,easy,Salt is 100% composed of Sodium.,False,True,2026-09-10T09:22:35.636187+00:00
Science & Nature,multiple,medium,Deionized water is water with which of the following removed?,Iron,Oxygen | Hydrogen | Uncharged atoms,2026-09-10T09:22:35.636194+00:00
Science & Nature,multiple,easy,Which is the most abundant element in the universe?,Hydrogen,Helium | Lithium | Oxygen,2026-09-10T09:22:35.636200+00:00
Science & Nature,multiple,medium,How many teeth does the average adult mouth have (except for wisdom teeth)?,32,36 | 20 | 28,2026-09-10T09:22:35.636208+00:00
Science & Nature,multiple,easy,Which element has the chemical symbol 'Fe'?,Iron,Gold | Silver | Tin,2026-09-10T09:22:35.636214+00:00
Science & Nature,multiple,easy,Which of the following blood vessels carries deoxygenated blood?,Pulmonary Artery,Pulmonary Vein | Aorta | Coronary Artery,2026-09-10T09:22:35.636225+00:00
Science & Nature,boolean,easy,Upwelling in the ocean provides colder nutrient rich water for plants and decomposers.,True,False,2026-09-10T09:22:35.636232+00:00
Science & Nature,boolean,medium,Male pandas do handstands while urinating on trees. ,True,False,2026-09-10T09:22:35.636237+00:00
Science & Nature,multiple,medium,Which of the following is the male pollen-producing reproductive part of a flower?,Stamen,Sepal | Pistil | Petal,2026-09-10T09:22:35.636244+00:00
Science & Nature,boolean,medium,Enthalpy is a measure of the energy that is not available for work during a thermodynamic process.,False,True,2026-09-10T09:22:35.636252+00:00
Science & Nature,multiple,medium,What is the lowest layer of the Earth's atmosphere named?,Troposphere,Stratosphere | Mesosphere | Thermosphere,2026-09-10T09:22:35.636259+00:00
Science & Nature,multiple,medium,Who made the discovery of X-rays?,Wilhelm Conrad Röntgen,Thomas Alva Edison | James Watt | Albert Einstein,2026-09-10T09:22:35.636272+00:00
Science & Nature,multiple,easy,"What is the common name of the chemical compound ""dihydrogen monoxide""?",Water,Methane | Ammonia  | Laughing Gas,2026-09-10T09:22:35.636283+00:00
Science & Nature,multiple,hard,The core of the Sun can reach which temperature?,27° Million F (15° Million C),"938,000° F (521093.3° C) | 8° Billion F (°4.4 Billion C) | Absolute Zero (Both F and C)",2026-09-10T09:22:35.636304+00:00
Science & Nature,multiple,medium,The medical condition osteoporosis affects which part of the body?,Bones,Skin | Brain | Heart,2026-09-10T09:22:35.636315+00:00
Science & Nature,boolean,easy,Psychology is the science of behavior and mind.,True,False,2026-09-10T09:22:35.636324+00:00
Science & Nature,multiple,easy,What is the atomic mass of Carbon?,12,14 | 16 | 10,2026-09-10T09:22:35.636331+00:00
Science & Nature,multiple,hard,How many legs is it biologically impossible for a centipede to have?,100,26 | 50 | 74,2026-09-10T09:22:35.636338+00:00
Science & Nature,multiple,hard,Which of these is a semiconductor amplifying device?,transistor,tube | diode | P-N junction,2026-09-10T09:22:35.636345+00:00
Science: Computers,multiple,medium,What is largely considered the precursor to the USB format?,PS/2,SVGA | PCIe | FireWire,2026-09-10T09:22:46.869083+00:00
Science: Computers,multiple,easy,What is the name of Layer 7 of the OSI model?,Application,Session | Network | Present,2026-09-10T09:22:46.869101+00:00
Science: Computers,multiple,easy,What does the computer software acronym JVM stand for?,Java Virtual Machine,Java Vendor Machine | Java Visual Machine | Just Virtual Machine,2026-09-10T09:22:46.869116+00:00
Science: Computers,boolean,easy,"The name of the programming language AWK is abbreviated from the names of the developers – Aho, Weinberger, and Kernighan.",True,False,2026-09-10T09:22:46.869128+00:00
Science: Computers,multiple,easy,"The Electron computer was released in Britain during 1983 for the home computing market, by which company? ",Acorn Computers,Sinclair Research | Amstrad PLC | Commodore Business Machines,2026-09-10T09:22:46.869144+00:00
Science: Computers,multiple,hard,How many Hz does the video standard PAL support?,50,59 | 60 | 25,2026-09-10T09:22:46.869150+00:00
Science: Computers,multiple,medium,Which programming language was developed by Sun Microsystems in 1995?,Java,Python | Solaris OS | C++,2026-09-10T09:22:46.869161+00:00
Science: Computers,multiple,hard,Which of these is not a layer in the OSI model for data communications?,Connection Layer,Application Layer | Transport Layer | Physical Layer,2026-09-10T09:22:46.869175+00:00
Science: Computers,multiple,easy,How many bits are commonly in a single byte?,Eight bits,Six bits | Twelve bits |  Fifteen bits,2026-09-10T09:22:46.869188+00:00
Science: Computers,multiple,medium,All of the following programs are classified as raster graphics editors EXCEPT:,Inkscape,Paint.NET | GIMP | Adobe Photoshop,2026-09-10T09:22:46.869197+00:00
Science: Computers,multiple,medium,What was the first Android version specifically optimized for tablets?,Honeycomb,Eclair | Froyo | Marshmellow,2026-09-10T09:22:46.869204+00:00
Science: Computers,multiple,easy,What does SSD stand for?,Solid State Drive,Solution Source Disk | Solid State Disk | Source Solution Drive,2026-09-10T09:22:46.869216+00:00
Science: Computers,boolean,medium,MacOS is based on Linux.,False,True,2026-09-10T09:22:46.869221+00:00
Science: Computers,boolean,easy,Linus Torvalds created Linux and Git.,True,False,2026-09-10T09:22:46.869226+00:00
Science: Computers,multiple,easy,Which computer language would you associate Django framework with?,Python,C# | C++ | Java,2026-09-10T09:22:46.869236+00:00
Science: Computers,multiple,medium,What does AD stand for in relation to Windows Operating Systems? ,Active Directory,Alternative Drive | Automated Database | Active Department,2026-09-10T09:22:46.869249+00:00
Science: Computers,multiple,easy,This mobile OS held the largest market share in 2012.,iOS,Android | BlackBerry | Symbian,2026-09-10T09:22:46.869255+00:00
Science: Computers,boolean,medium,The first computer bug was formed by faulty wires.,False,True,2026-09-10T09:22:46.869261+00:00
Science: Computers,multiple,medium,Which internet company began life as an online bookstore called 'Cadabra'?,Amazon,eBay | Overstock | Shopify,2026-09-10T09:22:46.869268+00:00
Science: Computers,boolean,medium,The first dual-core CPU was the Intel Pentium D.,False,True,2026-09-10T09:22:46.869273+00:00
Science: Computers,multiple,medium,How many cores does the Intel i7-6950X have?,10,12 | 8 | 4,2026-09-10T09:22:46.869280+00:00
Science: Computers,boolean,medium,"""Windows NT"" is a monolithic kernel.",False,True,2026-09-10T09:22:46.869285+00:00
Science: Computers,multiple,medium,Which of these programming languages is a low-level language?,Assembly,Python | C# | Pascal,2026-09-10T09:22:46.869293+00:00
Science: Computers,multiple,easy,Color model CMYK stands for?,"Cyan, Magenta, Yellow, and Black","Cream, Maroon, Yellow, and Black | Cyan, Magenta, Yellow, and Khaki | Cream, Maroon, Yellow, and Khaki",2026-09-10T09:22:46.869311+00:00
Science: Computers,multiple,easy,If you were to code software in this language you'd only be able to type 0's and 1's.,Binary,JavaScript | C++ | Python,2026-09-10T09:22:46.869321+00:00
Science: Computers,multiple,medium,.rs is the top-level domain for what country?,Serbia,Romania | Russia | Rwanda,2026-09-10T09:22:46.869327+00:00
Science: Computers,multiple,hard,What is the maximum value of a 32-bit signed binary integer?,"2,147,483,647","255 | 2048 | 9,223,372,036,854,775,807",2026-09-10T09:22:46.869339+00:00
Science: Computers,multiple,easy,The C programming language was created by this American computer scientist. ,Dennis Ritchie,Tim Berners Lee | al-Khwārizmī | Willis Ware,2026-09-10T09:22:46.869354+00:00
Science: Computers,multiple,medium,What is the main CPU is the Sega Mega Drive / Sega Genesis?,Motorola 68000,Zilog Z80 | Yamaha YM2612 | Intel 8088,2026-09-10T09:22:46.869368+00:00
Science: Computers,multiple,medium,What was Bitcoin's block size limit in 2010?,1 MB,1GB | 1 KB | 1 TB,2026-09-10T09:22:46.869380+00:00
Science: Computers,boolean,easy,The logo for Snapchat is a Bell.,False,True,2026-09-10T09:22:46.869385+00:00
Science: Computers,boolean,medium,The 'Raspberry Pi' series of single-board computers were created in the United States.,False,True,2026-09-10T09:22:46.869392+00:00
Science: Computers,multiple,hard,"According to DeMorgan's Theorem, the Boolean expression (AB)' is equivalent to:",A' + B',A'B + B'A | A'B' | AB' + AB,2026-09-10T09:22:46.869408+00:00
Science: Computers,multiple,medium,"What is known as ""the brain"" of the Computer?",Central Processing Unit,Motherboard | Graphics Processing Unit | Keyboard,2026-09-10T09:22:46.869419+00:00
Science: Computers,multiple,easy,What does the Prt Sc button do?,Captures what's on the screen and copies it to your clipboard,Nothing | Saves a .png file of what's on the screen in your screenshots folder in photos | Closes all windows,2026-09-10T09:22:46.869436+00:00
Science: Computers,multiple,easy,What language does Node.js use?,JavaScript,Java | Java Source | Joomla Source Code,2026-09-10T09:22:46.869445+00:00
Science: Computers,multiple,medium,"The computer OEM manufacturer Clevo, known for its Sager notebook line, is based in which country?",Taiwan,United States | Germany | China (People's Republic of),2026-09-10T09:22:46.869457+00:00
Science: Computers,multiple,easy,"In networking, what does OSPF stand for?",Open Shortest Path First,Order State Part First | Order Sense Ping Find | Open Signal Path Finder,2026-09-10T09:22:46.869472+00:00
Science: Computers,multiple,easy,What is the commonly used keyboard shortcut for the 'Copy' function on Windows OS?,Ctrl + C,Ctrl + X | Alt + C | Alt + X,2026-09-10T09:22:46.869495+00:00
Science: Computers,boolean,hard,The T-Mobile Sidekick smartphone is a re-branded version of the Danger Hiptop.,True,False,2026-09-10T09:22:46.869502+00:00
Science: Computers,multiple,medium,What does the acronym CDN stand for in terms of networking?,Content Delivery Network,Content Distribution Network | Computational Data Network | Compressed Data Network,2026-09-10T09:22:46.869516+00:00
Science: Computers,multiple,medium,Which of these people was NOT a founder of Apple Inc?,Jonathan Ive,Steve Jobs | Ronald Wayne | Steve Wozniak,2026-09-10T09:22:46.869529+00:00
Science: Computers,multiple,easy,What kind of memory is used on memory cache?,SRAM,DRAM | ROM | Flash,2026-09-10T09:22:46.869536+00:00
Science: Computers,multiple,medium,What was the name given to Android 4.3?,Jelly Bean,Lollipop | Nutella | Froyo,2026-09-10T09:22:46.869543+00:00
Science: Computers,multiple,hard,What is the codename of the eighth generation Intel Core micro-architecture launched in October 2017?,Coffee Lake,Sandy Bridge | Skylake | Broadwell,2026-09-10T09:22:46.869554+00:00
Science: Computers,multiple,easy,"On Twitter, what was the original character limit for a Tweet?",140,120 | 160 | 100,2026-09-10T09:22:46.869561+00:00
Science: Computers,multiple,medium,"Originally used in PCM adapters, what frequency is the standard for sampling audio in the Compact Disc Digital Audio format?",44.1 kHz,32.0 kHz | 1.5 MHz | 20.5 kHz,2026-09-10T09:22:46.869578+00:00
Science: Computers,multiple,hard,Which of these is not a key value of Agile software development?,Comprehensive documentation,Individuals and interactions | Customer collaboration | Responding to change,2026-09-10T09:22:46.869592+00:00
Science: Computers,multiple,hard,Which of the following is NOT a computer science algorithm?,Float Sort,Bubble Sort | Merge Sort | Quick Sort,2026-09-10T09:22:46.869604+00:00
Science: Computers,multiple,hard,What is the name of the process that sends one qubit of information using two bits of classical information?,Quantum Teleportation,Super Dense Coding | Quantum Entanglement | Quantum Programming,2026-09-10T09:22:46.869619+00:00
Science: Computers,multiple,easy,What amount of bits commonly equals one byte?,8,1 | 2 | 64,2026-09-10T09:22:52.495239+00:00
Science: Computers,multiple,medium,What is the correct term for the metal object in between the CPU and the CPU fan within a computer system?,Heat Sink,CPU Vent | Temperature Decipator | Heat Vent,2026-09-10T09:22:52.495301+00:00
Science: Computers,multiple,medium,How many bytes are in a single Kibibyte?,1024,2400 | 1000 | 1240,2026-09-10T09:22:52.495319+00:00
Science: Computers,multiple,medium,Which of the following is a personal computer made by the Japanese company Fujitsu?,FM-7,PC-9801 | Xmillennium  | MSX,2026-09-10T09:22:52.495344+00:00
Science: Computers,multiple,medium,Which coding language was the #1 programming language in terms of usage on GitHub in 2015?,JavaScript,C# | Python | PHP,2026-09-10T09:22:52.495370+00:00
Science: Computers,boolean,medium,"A Boolean value of ""0"" represents which of these words?",False,True,2026-09-10T09:22:52.495387+00:00
Science: Computers,multiple,medium,"In HTML, which non-standard tag used to be be used to make elements scroll across the viewport?",<marquee></marquee>,<scroll></scroll> | <move></move> | <slide></slide>,2026-09-10T09:22:52.495434+00:00
Science: Computers,boolean,easy,Linux was first created as an alternative to Windows XP.,False,True,2026-09-10T09:22:52.495450+00:00
Science: Computers,boolean,easy,A Mac is not a PC,False,True,2026-09-10T09:22:52.495464+00:00
Science: Computers,multiple,easy,"In ""Hexadecimal"", what color would be displayed from the color code? ""#00FF00""?",Green,Red | Blue | Yellow,2026-09-10T09:22:52.495483+00:00
Science: Computers,multiple,medium,"While Apple was formed in California, in which western state was Microsoft founded?",New Mexico,Washington | Colorado | Arizona,2026-09-10T09:22:52.495507+00:00
Science: Computers,multiple,medium,On which day did the World Wide Web go online?,"December 20, 1990","December 17, 1996 | November 12, 1990 | November 24, 1995",2026-09-10T09:22:52.495549+00:00
Science: Computers,multiple,medium,What does the 'S' in the RSA encryption algorithm stand for?,Shamir,Secure | Schottky | Stable,2026-09-10T09:22:52.495567+00:00
Science: Computers,boolean,medium,Early RAM was directly seated onto the motherboard and could not be easily removed.,True,False,2026-09-10T09:22:52.495649+00:00
Science: Computers,boolean,medium,The open source program Redis is a relational database server.,False,True,2026-09-10T09:22:52.495673+00:00
Science: Computers,boolean,medium,"FLAC stands for ""Free Lossless Audio Condenser""'",False,True,2026-09-10T09:22:52.495822+00:00
Science: Computers,boolean,easy,"The programming language ""Python"" is based off a modified version of ""JavaScript"".",False,True,2026-09-10T09:22:52.495857+00:00
Science: Computers,multiple,medium,How fast is USB 3.1 Gen 2 theoretically?,10 Gb/s,5 Gb/s | 8 Gb/s | 1 Gb/s,2026-09-10T09:22:52.495874+00:00
Science: Computers,multiple,medium,Unix Time is defined as the number of seconds that have elapsed since when?,"Midnight, January 1, 1970","Midnight, July 4, 1976 | Midnight on the creator of Unix's birthday | Midnight, July 4, 1980",2026-09-10T09:22:52.495894+00:00
Science: Computers,multiple,hard,"What was the first company to use the term ""Golden Master""?",Apple,IBM | Microsoft | Google,2026-09-10T09:22:52.495901+00:00
Science: Computers,boolean,easy,The NVidia GTX 1080 gets its name because it can only render at a 1920x1080 screen resolution.,False,True,2026-09-10T09:22:52.495910+00:00
Science: Computers,multiple,hard,Which RAID array type is associated with data mirroring?,RAID 1,RAID 0 | RAID 10 | RAID 5,2026-09-10T09:22:52.495923+00:00
Science: Computers,boolean,medium,"The very first recorded computer ""bug"" was a moth found inside a Harvard Mark II computer.",True,False,2026-09-10T09:22:52.495931+00:00
Science: Computers,multiple,easy,The numbering system with a radix of 16 is more commonly referred to as ,Hexidecimal,Binary | Duodecimal | Octal,2026-09-10T09:22:52.495939+00:00
Science: Computers,multiple,easy,"In computing, what does LAN stand for?",Local Area Network,Long Antenna Node | Light Access Node | Land Address Navigation,2026-09-10T09:22:52.495953+00:00
Science: Computers,multiple,medium,"Generally, which component of a computer draws the most power?",Video Card,Hard Drive | Processor | Power Supply,2026-09-10T09:22:52.495964+00:00
Science: Computers,multiple,hard,Which data structure does FILO apply to?,Stack,Queue | Heap | Tree,2026-09-10T09:22:52.495970+00:00
Science: Computers,multiple,easy,HTML is what type of language?,Markup Language,Macro Language | Programming Language | Scripting Language,2026-09-10T09:22:52.495983+00:00
Science: Computers,multiple,hard,"Australia, Japan, and Southeast Asia are in which ITU Region?",Region 3,Region 1 | Region 2 | Region 4,2026-09-10T09:22:52.495996+00:00
Science: Computers,multiple,hard,Which of the following physical typologies are used with Ethernet Networks?,Star,Ring | Mesh | Hex,2026-09-10T09:22:52.496003+00:00
Science: Computers,boolean,medium,It's not possible to format a write-protected DVD-R Hard Disk.,True,False,2026-09-10T09:22:52.496008+00:00
Science: Computers,multiple,medium,"In computing terms, typically what does CLI stand for?",Command Line Interface,Common Language Input | Control Line Interface | Common Language Interface,2026-09-10T09:22:52.496023+00:00
Science: Computers,multiple,hard,"Who invented the ""Spanning Tree Protocol""?",Radia Perlman,Paul Vixie | Vint Cerf | Michael Roberts,2026-09-10T09:22:52.496053+00:00
Science: Computers,boolean,medium,The HTML5 standard was published in 2014.,True,False,2026-09-10T09:22:52.496061+00:00
Science: Computers,boolean,hard,The IBM PC used an Intel 8008 microprocessor clocked at 4.77 MHz and 8 kilobytes of memory.,False,True,2026-09-10T09:22:52.496069+00:00
Science: Computers,multiple,easy,"What does the ""MP"" stand for in MP3?",Moving Picture,Music Player | Multi Pass | Micro Point,2026-09-10T09:22:52.496082+00:00
Science: Computers,multiple,medium,"What does ""LCD"" stand for?",Liquid Crystal Display,Language Control Design | Last Common Difference | Long Continuous Design,2026-09-10T09:22:52.496096+00:00
Science: Computers,multiple,medium,"In the programming language ""Python"", which of these statements would display the string ""Hello World"" correctly?","print(""Hello World"")","console.log(""Hello World"") | echo ""Hello World"" | printf(""Hello World"")",2026-09-10T09:22:52.496114+00:00
Science: Computers,boolean,easy,JavaScript derives from a later version of Java,False,True,2026-09-10T09:22:52.496120+00:00
Science: Computers,multiple,medium,On which computer hardware device is the BIOS chip located?,Motherboard,Hard Disk Drive | Central Processing Unit | Graphics Processing Unit,2026-09-10T09:22:52.496132+00:00
Science: Computers,multiple,easy,"In the programming language Java, which of these keywords would you put on a variable to make sure it doesn't get modified?",Final,Static | Private | Public,2026-09-10T09:22:52.496142+00:00
Science: Computers,multiple,medium,Which operating system was released first?,Mac OS,Windows | Linux | OS/2,2026-09-10T09:22:52.496151+00:00
Science: Computers,multiple,hard,What vulnerability ranked #1 on the OWASP Top 10 in 2013?,Injection ,Broken Authentication | Cross-Site Scripting | Insecure Direct Object References,2026-09-10T09:22:52.496165+00:00
Science: Computers,multiple,hard,"Released in 2001, the first edition of Apple's Mac OS X operating system (version 10.0) was given what animal code name?",Cheetah,Puma | Tiger | Leopard,2026-09-10T09:22:52.496174+00:00
Science: Computers,multiple,hard,What does the International System of Quantities refer 1024 bytes as?,Kibibyte,Kylobyte | Kilobyte | Kelobyte,2026-09-10T09:22:52.496181+00:00
Science: Computers,multiple,medium,Approximately how many Apple I personal computers were created?,200,100 | 500 | 1000,2026-09-10T09:22:52.496187+00:00
Science: Computers,multiple,medium,Nvidia's headquarters are based in which Silicon Valley city?,Santa Clara,Palo Alto | Cupertino | Mountain View,2026-09-10T09:22:52.496198+00:00
Science: Computers,multiple,easy,"When Gmail first launched, how much storage did it provide for your email?",1GB,512MB | 5GB | Unlimited,2026-09-10T09:22:52.496206+00:00
Science: Computers,multiple,medium,.at is the top-level domain for what country?,Austria,Argentina | Australia | Angola,2026-09-10T09:22:52.496212+00:00
Science: Computers,multiple,easy,What is the code name for the mobile operating system Android 7.0?,Nougat,Ice Cream Sandwich | Jelly Bean | Marshmallow,2026-09-10T09:22:52.496222+00:00
Science: Computers,multiple,hard,"Lenovo acquired IBM's personal computer division, including the ThinkPad line of laptops and tablets, in what year?",2005,1999 | 2002 | 2008,2026-09-10T09:22:58.093611+00:00
Science: Computers,multiple,easy,What is the most preferred image format used for logos in the Wikimedia database?,.svg,.png | .jpeg | .gif,2026-09-10T09:22:58.093631+00:00
Science: Computers,multiple,easy,What is the domain name for the country Tuvalu?,.tv,.tu | .tt | .tl,2026-09-10T09:22:58.093638+00:00
Science: Computers,multiple,hard,America Online (AOL) started out as which of these online service providers?,Quantum Link,CompuServe | Prodigy | GEnie,2026-09-10T09:22:58.093649+00:00
Science: Computers,multiple,medium,"In CSS, which of these values CANNOT be used with the ""position"" property?",center,static | absolute | relative,2026-09-10T09:22:58.093656+00:00
Science: Computers,boolean,medium,The last Windows operating system to be based on the Windows 9x kernel was Windows 98.,False,True,2026-09-10T09:22:58.093664+00:00
Science: Computers,multiple,hard,What port does HTTP run on?,80,53 | 443 | 23,2026-09-10T09:22:58.093670+00:00
Science: Computers,multiple,hard,Who is the founder of Palantir?,Peter Thiel,Mark Zuckerberg | Marc Benioff | Jack Dorsey,2026-09-10T09:22:58.093683+00:00
Science: Computers,multiple,medium,What was the name of the image that features as the default background wallpaper for Windows XP?,Bliss,Azul | Red moon desert | Tulips,2026-09-10T09:22:58.093693+00:00
Science: Computers,boolean,easy,Pointers were not used in the original C programming language; they were added later on in C++.,False,True,2026-09-10T09:22:58.093702+00:00
Science: Computers,boolean,medium,Android versions are named in alphabetical order.,True,False,2026-09-10T09:22:58.093707+00:00
Science: Computers,boolean,easy,"The Python programming language gets its name from the British comedy group ""Monty Python.""",True,False,2026-09-10T09:22:58.093714+00:00
Science: Computers,multiple,easy,What does the term USB stand for?,Universal Serial Bus,Universal Simtex Blot | Unified Signal Bus | Unityped Semtex Backer,2026-09-10T09:22:58.093728+00:00
Science: Computers,boolean,medium,"Linus Sebastian is the creator of the Linux kernel, which went on to be used in Linux, Android, and Chrome OS.",False,True,2026-09-10T09:22:58.093738+00:00
Science: Computers,multiple,medium,"What does the DOS in Microsoft's first operating system ""MS-DOS"" stand for?",Disk Operating System,Dumb Operating System | Driver Oriented System | Diskless Operating System,2026-09-10T09:22:58.093757+00:00
Science: Computers,boolean,easy,"""HTML"" stands for Hypertext Markup Language.",True,False,2026-09-10T09:22:58.093763+00:00
Science: Computers,multiple,medium,What does RAID stand for?,Redundant Array of Independent Disks,Rapid Access for Indexed Devices | Range of Applications with Identical Designs | Randomized Abstract Identification Description,2026-09-10T09:22:58.093778+00:00
Science: Computers,multiple,easy,"In computing, how many bits are in a nibble?",4,16 | 32 | 2,2026-09-10T09:22:58.093785+00:00
Science: Computers,multiple,hard,"The acronym ""RIP"" stands for which of these?",Routing Information Protocol,Runtime Instance Processes | Regular Interval Processes | Routine Inspection Protocol,2026-09-10T09:22:58.093800+00:00
Science: Computers,multiple,hard,What major programming language does Unreal Engine 4 use?,C++,Assembly | C# | ECMAScript,2026-09-10T09:22:58.093811+00:00
Science: Computers,multiple,medium,What five letter word is the motto of the IBM Computer company?,Think,Click | Logic | Pixel,2026-09-10T09:22:58.093818+00:00
Science: Computers,multiple,easy,What does LTS stand for in the software market?,Long Term Support,Long Taco Service | Ludicrous Transfer Speed | Ludicrous Turbo Speed,2026-09-10T09:22:58.093832+00:00
Science: Computers,multiple,easy,"In any programming language, what is the most common way to iterate through an array?",'For' loops,'If' Statements | 'Do-while' loops | 'While' loops,2026-09-10T09:22:58.093848+00:00
Science: Computers,multiple,easy,Which computer hardware device provides an interface for all other connected devices to communicate?,Motherboard,Central Processing Unit | Hard Disk Drive | Random Access Memory,2026-09-10T09:22:58.093862+00:00
Science: Computers,multiple,medium,Which of these is the name for the failed key escrow device introduced by the National Security Agency in 1993?,Clipper Chip,Enigma Machine | Skipjack | Nautilus,2026-09-10T09:22:58.093874+00:00
Science: Computers,multiple,hard,Which of these names was an actual codename for a cancelled Microsoft project?,Neptune,Enceladus | Pollux | Saturn,2026-09-10T09:22:58.093881+00:00
Science: Computers,multiple,hard,CMOS is tech used for constructing integrated circuits. What does CMOS stand for?,Complementary metal–oxide–semiconductor,Complementary magnetic-ohms-semiconductor | Computer-made operating system | Computer-made oscillating static,2026-09-10T09:22:58.093898+00:00
Science: Computers,multiple,hard,Which of these Cherry MX mechanical keyboard switches is both tactile and clicky?,Cherry MX Blue,Cherry MX Black | Cherry MX Red | Cherry MX Brown,2026-09-10T09:22:58.093912+00:00
Science: Computers,multiple,easy,The Windows OS was delevoped by which company?,Microsoft,Apple | Nokia | IBM,2026-09-10T09:22:58.093918+00:00
Science: Computers,boolean,easy,The Windows ME operating system was released in the year 2000.,True,False,2026-09-10T09:22:58.093924+00:00
Science: Computers,multiple,medium,"When was the programming language ""C#"" released?",2000,1998 | 1999 | 2001,2026-09-10T09:22:58.093930+00:00
Science: Computers,multiple,medium,Which one of these is not an official development name for a Ubuntu release?,Mystic Mansion,Trusty Tahr | Utopic Unicorn | Wily Werewolf,2026-09-10T09:22:58.093943+00:00
Science: Computers,boolean,easy,RAM stands for Random Access Memory.,True,False,2026-09-10T09:22:58.093948+00:00
Science: Computers,multiple,medium,"When did the online streaming service ""Mixer"" launch?",2016,2013 | 2009 | 2011,2026-09-10T09:22:58.093955+00:00
Science: Computers,multiple,hard,What internet protocol was documented in RFC 1459?,IRC,HTTP | HTTPS | FTP,2026-09-10T09:22:58.093960+00:00
Science: Computers,multiple,easy,What does CPU stand for?,Central Processing Unit,Central Process Unit | Computer Personal Unit | Central Processor Unit,2026-09-10T09:22:58.093973+00:00
Science: Computers,multiple,medium,The teapot often seen in many 3D modeling applications is called what?,Utah Teapot,Pixar Teapot | 3D Teapot | Tennessee Teapot,2026-09-10T09:22:58.093986+00:00
Science: Computers,multiple,easy,The programming language 'Swift' was created to replace what other programming language?,Objective-C,C# | Ruby | C++,2026-09-10T09:22:58.093997+00:00
Science: Computers,multiple,medium,Moore's law originally stated that the number of transistors on a microprocessor chip would double every...,Year,Four Years | Two Years | Eight Years,2026-09-10T09:22:58.094009+00:00
Science: Computers,multiple,hard,What was the name of the first Bulgarian personal computer?,IMKO-1,Pravetz 82 | Pravetz 8D | IZOT 1030,2026-09-10T09:22:58.094020+00:00
Science: Computers,multiple,easy,How many values can a single byte represent?,256,8 | 1 | 1024,2026-09-10T09:22:58.094026+00:00
Science: Computers,multiple,medium,Laserjet and inkjet printers are both examples of what type of printer?,Non-impact printer,Impact printer | Daisywheel printer | Dot matrix printer,2026-09-10T09:22:58.094040+00:00
Science: Computers,multiple,easy,How many kilobytes in one gigabyte (in decimal)?,1000000,1024 | 1000 | 1048576,2026-09-10T09:22:58.094046+00:00
Science: Computers,multiple,medium,Linus Torvalds created which of these?,Linux,Microsoft Windows | Python | Wikipedia,2026-09-10T09:22:58.094053+00:00
Science: Computers,multiple,hard,Which of the following computer components can be built using only NAND gates?,ALU,CPU | RAM | Register,2026-09-10T09:22:58.094060+00:00
Science: Computers,multiple,medium,What is the number of keys on a standard Windows Keyboard?,104,64 | 94 | 76,2026-09-10T09:22:58.094066+00:00
Science: Computers,boolean,medium,"To bypass US Munitions Export Laws, the creator of the PGP published all the source code in book form. ",True,False,2026-09-10T09:22:58.094073+00:00
Science: Computers,boolean,easy,Time on Computers is measured via the EPOX System.,False,True,2026-09-10T09:22:58.094079+00:00
Science: Computers,multiple,easy,Which programming language shares its name with an island in Indonesia?,Java,Python | C | Jakarta,2026-09-10T09:22:58.094085+00:00
Science: Computers,multiple,medium,What is the name of the default theme that is installed with Windows XP?,Luna,Neptune | Whistler | Bliss,2026-09-10T09:22:58.094092+00:00
Science: Mathematics,multiple,medium,What Greek letter is used to signify summation?,Sigma,Delta | Alpha | Omega,2026-09-10T09:23:09.308990+00:00
Science: Mathematics,multiple,medium,"Which greek mathematician ran through the streets of Syracuse naked while shouting ""Eureka"" after discovering the principle of displacement?",Archimedes,Euclid | Homer | Eratosthenes,2026-09-10T09:23:09.309013+00:00
Science: Mathematics,multiple,easy,What's the square root of 49?,7,4 | 12 | 9,2026-09-10T09:23:09.309022+00:00
Science: Mathematics,multiple,hard,The French mathematician Évariste Galois is primarily known for his work in which?,Galois Theory,Galois' Continued Fractions | Galois' Method for PDE's  | Abelian Integration,2026-09-10T09:23:09.309043+00:00
Science: Mathematics,multiple,medium,At what temperature does temp in °C equal temp in °F?,-40,+40 | 0 | +100,2026-09-10T09:23:09.309057+00:00
Science: Mathematics,multiple,easy,What is the mathematician Euler's first name?,Leonhard,Lionel | Andrin | Ajan,2026-09-10T09:23:09.309064+00:00
Science: Mathematics,boolean,medium,A 'Millinillion' is a real number.,True,False,2026-09-10T09:23:09.309070+00:00
Science: Mathematics,multiple,easy,How many sides does a heptagon have?,7,8 | 6 | 5,2026-09-10T09:23:09.309076+00:00
Science: Mathematics,multiple,easy,"The metric prefix ""atto-"" makes a measurement how much smaller than the base unit?",One Quintillionth,One Billionth | One Quadrillionth | One Septillionth,2026-09-10T09:23:09.309092+00:00
Science: Mathematics,multiple,easy,Which two men are credited with independently discovering differential calculus? ,Newton and Leibnitz,Plato and Aristotle | Asiimov and Rutherford | Dvorak and Smith,2026-09-10T09:23:09.309106+00:00
Science: Mathematics,multiple,hard,Integration is the reverse of what mathematical operation?,Derivation,Division | Standard Deviation | Multiplication,2026-09-10T09:23:09.309115+00:00
Science: Mathematics,multiple,hard,How many Millibars (mbar) to 1 Inch of Mercury (inHg),33.9,30.0 | 27.4 | 10.6,2026-09-10T09:23:09.309122+00:00
Science: Mathematics,multiple,hard,What is the plane curve proposed by Descartes to challenge Fermat's extremum-finding techniques called?,Folium of Descartes,Elliptic Paraboloid of Descartes | Cartesian Coordinates | Descarte's Helicoid,2026-09-10T09:23:09.309149+00:00
Science: Mathematics,multiple,medium,What type of function is x²+2x+1?,Quadratic,Rational | Linear | Exponential,2026-09-10T09:23:09.309162+00:00
Science: Mathematics,multiple,medium,"In a normal distribution, 95% of the data lies within how many standard deviations of the mean?",2,1 | 3 | 4,2026-09-10T09:23:09.309174+00:00
Science: Mathematics,multiple,easy,"In Roman Numerals, what does XL equate to?",40,60 | 15 | 90,2026-09-10T09:23:09.309183+00:00
Science: Mathematics,boolean,easy,A scalene triangle has two sides of equal length.,False,True,2026-09-10T09:23:09.309190+00:00
Science: Mathematics,multiple,hard,Which of these numbers is closest to the total number of possible states for an army standard Enigma Machine?,1.58 x 10^20,1.58 x 10^22 | 1.58 x  10^18 | 1.58 x 10^24,2026-09-10T09:23:09.309213+00:00
Science: Mathematics,boolean,hard,"If you could fold a piece of paper in half 50 times, its' thickness will be 3/4th the distance from the Earth to the Sun.",True,False,2026-09-10T09:23:09.309223+00:00
Science: Mathematics,boolean,medium,"111,111,111 x 111,111,111 = 12,345,678,987,654,321",True,False,2026-09-10T09:23:09.309230+00:00
Science: Mathematics,multiple,medium,"A mathematical constant, known as ""The Golden Ratio"", is most commonly represented by which greek letter?",Φ (phi),π (pi) | Ψ (psi) | Τ (tau),2026-09-10T09:23:09.309267+00:00
Science: Mathematics,multiple,hard,How many zeptometres are inside one femtometre?,"1,000,000","10 | 1,000,000,000 | 1000",2026-09-10T09:23:09.309280+00:00
Science: Mathematics,boolean,easy,The sum of any two odd integers is odd.,False,True,2026-09-10T09:23:09.309286+00:00
Science: Mathematics,multiple,easy,How many sides does a Möbius strip have?,1,2 | 3 | 4,2026-09-10T09:23:09.309294+00:00
Science: Mathematics,multiple,hard,Which of the following famous mathematicians died in a duel at the age of 20?,Galois,Abel | Euler | Gauss,2026-09-10T09:23:09.309301+00:00
Science: Mathematics,multiple,easy,Which of the following is not one of the seven Millennium Prize Problems?,Naviér conjecture,Birch and Swinnerton-Dyer Conjecture | Riemann hypothesis | Poincaré conjecture,2026-09-10T09:23:09.309317+00:00
Science: Mathematics,multiple,medium,What is the first Mersenne prime exponent over 1000?,1279,2203 | 1009 | 1069,2026-09-10T09:23:09.309324+00:00
Science: Mathematics,multiple,easy,How many square faces does a cube have?,6,4 | 8 | 10,2026-09-10T09:23:09.309330+00:00
Science: Mathematics,boolean,hard,"The binary number ""101001101"" is equivalent to the Decimal number ""334""",False,True,2026-09-10T09:23:09.309337+00:00
Science: Mathematics,boolean,medium,E = MC3,False,True,2026-09-10T09:23:09.309341+00:00
Science: Mathematics,multiple,easy,What is the name of a nine sided polygon?,Nonagon,Hexagon | Octagon | Heptagon,2026-09-10T09:23:09.309347+00:00
Science: Mathematics,multiple,hard,The decimal number 31 in hexadecimal would be what?,1F,3D | 2E | 1B,2026-09-10T09:23:09.309353+00:00
Science: Mathematics,multiple,easy,What type of angle is greater than 90°?,Obtuse,Acute | Right | Straight,2026-09-10T09:23:09.309360+00:00
Science: Mathematics,multiple,easy,Who proved Fermat's Last Theorem?,Andrew Wiles,Leonhard Euler | Carl Friedrich Gauss | Srinivasa Ramanujan,2026-09-10T09:23:09.309373+00:00
Science: Mathematics,multiple,easy,What prime number comes next after 19?,23,25 | 21 | 27,2026-09-10T09:23:09.309379+00:00
Science: Mathematics,boolean,easy,An equilateral triangle always has every angle measuring 60°.,True,False,2026-09-10T09:23:09.309385+00:00
Science: Mathematics,multiple,easy,How many sides does a pentagon have?,5,9 | 6 | 4,2026-09-10T09:23:09.309391+00:00
Science: Mathematics,multiple,medium,"To the nearest whole number, how many radians are in a whole circle?",6,3 | 4 | 5,2026-09-10T09:23:09.309398+00:00
Science: Mathematics,multiple,medium,How many books are in Euclid's Elements of Geometry?,13,8 | 10 | 17,2026-09-10T09:23:09.309404+00:00
Science: Mathematics,multiple,medium,What numbers are in the 5th row of Pascal's Triangle?,1 4 6 4 1,1 3 3 1 | 1 5 10 10 5 1 | 1 6 15 20 15 6 1,2026-09-10T09:23:09.309420+00:00
Science: Mathematics,multiple,medium,What shape does sin(x) or cos(x) make on a graph?,Waves,A Parabola | A Straight Line | Zig-Zags,2026-09-10T09:23:09.309431+00:00
Science: Mathematics,multiple,hard,What is the only Millennium Prize Problem that has been solved so far?,Poincaré conjecture,P vs. NP problem | Riemann Hypothesis | Fermat's conjecture,2026-09-10T09:23:09.309445+00:00
Science: Mathematics,multiple,medium,"In the complex plane, multiplying a given function by i rotates it anti-clockwise by how many degrees?",90,180 | 270 | 0,2026-09-10T09:23:09.309453+00:00
Science: Mathematics,boolean,easy,An isosceles triangle has two sides of equal length as opposed to three.,True,False,2026-09-10T09:23:09.309460+00:00
Science: Mathematics,boolean,medium,Aleph-nought is the cardinality of the set of all natural numbers.,True,False,2026-09-10T09:23:09.309466+00:00
Science: Mathematics,boolean,medium,Zero factorial is equal to zero. ,False,True,2026-09-10T09:23:09.309471+00:00
Science: Mathematics,multiple,medium,Which mathematician refused the Fields Medal?,Grigori Perelman,Andrew Wiles | Terence Tao | Edward Witten,2026-09-10T09:23:09.309484+00:00
Science: Mathematics,multiple,easy,What is the least number of sides a polygon can have?,3,1 | 2 | 7,2026-09-10T09:23:09.309491+00:00
Science: Mathematics,multiple,hard,"The notion of a ""set that contains all sets which do not contain themselves"" is a paradoxical idea attributed to which English philosopher?",Bertrand Russel,Francis Bacon | John Locke | Alfred North Whitehead,2026-09-10T09:23:09.309507+00:00
Science: Mathematics,multiple,hard,What is the derivative of Acceleration with respect to time?,Jerk,Shift | Bump | Slide,2026-09-10T09:23:09.309514+00:00
Mythology,multiple,medium,What is the name of the wildman that Gilgamesh befriends and goes on adventures with?,Enkidu,Ishtar | Inanna | Agga,2026-09-10T09:23:20.535259+00:00
Mythology,multiple,easy,"Who in Greek mythology, who led the Argonauts in search of the Golden Fleece?",Jason,Castor | Daedalus | Odysseus,2026-09-10T09:23:20.535278+00:00
Mythology,boolean,hard,"Skaði is the Norse Goddess of skiing, mountains, winter and bowhunting.",True,False,2026-09-10T09:23:20.535288+00:00
Mythology,multiple,hard,Nidhogg is a mythical creature from what mythology?,Norse,Egyptian | Greek | Hindu,2026-09-10T09:23:20.535296+00:00
Mythology,multiple,hard,What immense structure is referred to in Norse Mythology as the Yggdrasil.,Tree,Mountain | Temple | Castle,2026-09-10T09:23:20.535303+00:00
Mythology,multiple,easy,Which of these mythological creatures is said to be half-man and half-horse?,Centaur,Minotaur | Pegasus | Gorgon,2026-09-10T09:23:20.535310+00:00
Mythology,multiple,medium,"The Hippogriff, not to be confused with the Griffon, is a magical creature with the front half of an eagle, and the back half of what?",A Horse,A Dragon | A Tiger | A Lion,2026-09-10T09:23:20.535329+00:00
Mythology,boolean,easy,"According to Greek Mythology, Zeus can control lightning.",True,False,2026-09-10T09:23:20.535335+00:00
Mythology,multiple,medium,"Which greek god/goddess tossed a golden apple with the words ""for the fairest"" into the middle of the feast of the gods?",Eris,Hades | Ares | Artemis,2026-09-10T09:23:20.535345+00:00
Mythology,multiple,easy,"In most traditions, who was the wife of Zeus?",Hera,Aphrodite | Athena | Hestia,2026-09-10T09:23:20.535352+00:00
Mythology,multiple,hard,"In Greek Mythology, who was the daughter of King Minos?",Ariadne,Athena | Ariel | Alana,2026-09-10T09:23:20.535359+00:00
Mythology,multiple,medium,"In Greek Mythology, who killed Achilles?",Paris,Hector | Helen | Pericles,2026-09-10T09:23:20.535365+00:00
Mythology,multiple,hard,Which Norse God has a horse named Sleipnir?,Odin,Thor | Frigg | Balder,2026-09-10T09:23:20.535371+00:00
Mythology,boolean,medium,"According to Norse mythology, Loki is a mother.",True,False,2026-09-10T09:23:20.535376+00:00
Mythology,multiple,easy,The Nike apparel and footwear brand takes it's name from the Greek goddess of what?,Victory,Courage | Strength | Honor,2026-09-10T09:23:20.535384+00:00
Mythology,multiple,hard,"In Norse mythology, what is the name of the serpent which eats the roots of the ash tree Yggdrasil?",Nidhogg,Bragi | Odin | Ymir,2026-09-10T09:23:20.535392+00:00
Mythology,boolean,hard,Janus was the Roman god of doorways and passageways.,True,False,2026-09-10T09:23:20.535398+00:00
Mythology,multiple,medium,"In Greek mythology, Persephone must return to the underworld because she had eaten what kind of seeds?",Pomegranate,Sunflower | Orange | Fig,2026-09-10T09:23:20.535406+00:00
Mythology,multiple,easy,"In Greek mythology, who is the god of wine?",Dionysus,Hephaestus | Demeter | Apollo,2026-09-10T09:23:20.535413+00:00
Mythology,boolean,easy,"In the Greek Mythology, the Gorgon can turn those who behold her to stone.",True,False,2026-09-10T09:23:20.535420+00:00
Mythology,multiple,hard,Who is the Egyptian god of reproduction and lettuce?,Min,Menu | Mut | Meret,2026-09-10T09:23:20.535426+00:00
Mythology,multiple,easy,What mytological creatures have women's faces and vultures' bodies?,Harpies,Mermaids | Nymph | Lilith,2026-09-10T09:23:20.535432+00:00
Mythology,multiple,medium,What is the name of the Greek god of blacksmiths?,Hephaestus,Dyntos | Vulcan | Artagatus,2026-09-10T09:23:20.535439+00:00
Mythology,multiple,medium,Hera is god of...,Marriage,Agriculture | Sea | War,2026-09-10T09:23:20.535444+00:00
Mythology,multiple,medium,Who is the god of war in Polynesian mythology?,'Oro,Hina | Kohara | Māui,2026-09-10T09:23:20.535468+00:00
Mythology,multiple,medium,"In Norse Mythology, what is the name of the symbol commonly referred to as the ""Tree of Life""?",Yggdrasil,Ymir | Tree of the Earth | Odin's Roots,2026-09-10T09:23:20.535485+00:00
Mythology,multiple,medium,What is the name of the Greek god of peaceful deaths?,Thanatos,Tartarus | Hades | Moros,2026-09-10T09:23:20.535497+00:00
Mythology,multiple,hard,"Talos, the mythical giant bronze man, was the protector of which island?",Crete,Sardinia | Sicily | Cyprus,2026-09-10T09:23:20.535504+00:00
Mythology,multiple,medium,What is the name of the first human being in Norse mythology?,Ask,Asmund | Ake | Asger,2026-09-10T09:23:20.535511+00:00
Mythology,multiple,hard,"Who is a minor god that is protector and creator of various arts, such as cheese making and bee keeping.",Aristaeus,Autonoe | Carme | Cephisso,2026-09-10T09:23:20.535520+00:00
Mythology,multiple,easy,"What mythology did the god ""Apollo"" come from?",Greek and Roman,"Roman and Spanish | Greek and Chinese | Greek, Roman and Norse",2026-09-10T09:23:20.535535+00:00
Mythology,multiple,medium,"The Maori hold that which island nation was founded by Kupe, who discovered it under a long white cloud?",New Zealand,Vanuatu | Fiji | Hawaii,2026-09-10T09:23:20.535545+00:00
Mythology,multiple,medium,Which of these Roman gods doesn't have a counterpart in Greek mythology?,Janus,Vulcan | Juno | Mars,2026-09-10T09:23:20.535552+00:00
Mythology,boolean,easy,"In Norse mythology, Thor once dressed as a woman.",True,False,2026-09-10T09:23:20.535559+00:00
Mythology,multiple,easy,How many heads does Cerberus have?,3,2 | 1 | 5,2026-09-10T09:23:20.535575+00:00
Mythology,multiple,easy,Who was the King of Gods in Ancient Greek mythology?,Zeus,Apollo | Hermes | Poseidon,2026-09-10T09:23:20.535612+00:00
Mythology,multiple,medium,Which of the following is not one of the Greek Fates?,Narcissus,Clotho | Atropos | Lachesis,2026-09-10T09:23:20.535622+00:00
Mythology,boolean,medium,The Japanese god Izanagi successfully returned his wife Izanami from the Underworld.,False,True,2026-09-10T09:23:20.535630+00:00
Mythology,multiple,medium,"In African mythology, Anansi is a trickster and storyteller who takes the shape of which animal?",Spider,Wild dog | Monkey | Crocodile,2026-09-10T09:23:20.535641+00:00
Mythology,multiple,easy,The ancient Roman god of war was commonly known as which of the following?,Mars,Jupiter | Juno | Ares,2026-09-10T09:23:20.535648+00:00
Mythology,multiple,medium,Who is the God Loki's son? ,Fenrir ,Odin | Hel | Sigyn,2026-09-10T09:23:20.535656+00:00
Mythology,multiple,medium,Which of the following Mesopotamian mythological figures was NOT a deity?,Enkidu,Enki | Enlil | Enkimdu,2026-09-10T09:23:20.535663+00:00
Mythology,multiple,medium,A minotaur is half human half what?,Bull,Cow | Horse | Eagle,2026-09-10T09:23:20.535669+00:00
Mythology,multiple,easy,"What weakpoint of Achilles was expoited by the Trojan prince, Paris?",Heel,Neck | Back | Calf,2026-09-10T09:23:20.535676+00:00
Mythology,multiple,medium,Hel was the daughter of which Norse Mythological figure?,Loki,Thor | Odin | Balder,2026-09-10T09:23:20.535682+00:00
Mythology,multiple,hard,What was the punishment for Sysiphus's craftiness?,Cursed to roll a boulder up a hill for eternity.,"Tied to a boulder for eternity, being pecked by birds. | Standing in a lake filled with water he could not drink. | To fell a tree that regenerated after every axe swing.",2026-09-10T09:23:20.535702+00:00
Mythology,multiple,hard,Who did Hippomenes defeat in a footrace?,Atalanta,Peleus | Theseus | Jason,2026-09-10T09:23:20.535707+00:00
Mythology,boolean,medium,"The Roman god ""Jupiter"" was first known as ""Zeus"" to the Greeks.",True,False,2026-09-10T09:23:20.535714+00:00
Mythology,multiple,easy,Who was the only god from Greece who did not get a name change in Rome?,Apollo,Demeter | Zeus | Athena,2026-09-10T09:23:20.535722+00:00
Mythology,multiple,easy,The greek god Poseidon was the god of what?,The Sea,War | Sun | Fire,2026-09-10T09:23:20.535730+00:00
Sports,multiple,easy,Which country hosted the 2018 FIFA World Cup?,Russia,Germany | United States | Saudi Arabia,2026-09-10T09:23:31.857332+00:00
Sports,boolean,easy,"In association football, or soccer, a corner kick is when the game restarts after someone scores a goal.",False,True,2026-09-10T09:23:31.857359+00:00
Sports,multiple,easy,Which of these NHL teams originally played in Atlanta?,Calgary Flames,St. Louis Blues | Minnesota Wild | Vancouver Canucks,2026-09-10T09:23:31.857376+00:00
Sports,multiple,medium,The F1 season of 1994 is remembered for what tragic event?,Death of Ayrton Senna (San Marino),The Showdown (Australia) | Verstappen on Fire (Germany) | Schumacher's Ban (Britain),2026-09-10T09:23:31.857395+00:00
Sports,multiple,easy,What team won the 2016 MLS Cup?,Seattle Sounders,Colorado Rapids | Toronto FC | Montreal Impact,2026-09-10T09:23:31.857408+00:00
Sports,multiple,easy,What was the final score of the Germany vs. Brazil 2014 FIFA World Cup match?,7 - 1,0 - 1 | 3 - 4 | 16 - 0,2026-09-10T09:23:31.857424+00:00
Sports,multiple,medium,What year was hockey legend Wayne Gretzky born?,1961,1965 | 1959 | 1963,2026-09-10T09:23:31.857430+00:00
Sports,multiple,medium,Which professional wrestler fell from the rafters to his death during a live Pay-Per-View event in 1999?,Owen Hart,Chris Benoit | Lex Luger | Al Snow,2026-09-10T09:23:31.857446+00:00
Sports,multiple,easy,How many soccer players should be on the field at the same time?,22,20 | 24 | 26,2026-09-10T09:23:31.857453+00:00
Sports,multiple,easy,What year did the New Orleans Saints win the Super Bowl?,2010,2008 | 2009 | 2011,2026-09-10T09:23:31.857460+00:00
Sports,multiple,easy,"What is the name of the ""tool"" used to hit the white ball in snooker or billiards?",Cue,Racquet | Bat | Mallet,2026-09-10T09:23:31.857469+00:00
Sports,boolean,medium,Soccer player Cristiano Ronaldo opened a museum dedicated to himself.,True,False,2026-09-10T09:23:31.857476+00:00
Sports,multiple,easy,The UEFA Champions League is an annual club football competition featuring clubs from which continent?,Europe,South America | Africa | Asia,2026-09-10T09:23:31.857486+00:00
Sports,multiple,easy,"""Stadium of Light"" is the home stadium for which soccer team?",Sunderland FC,Barcelona FC | Paris Saints-Germain | Manchester United,2026-09-10T09:23:31.857501+00:00
Sports,multiple,medium,Who won NFL Super Bowl LI? (51),Patriots,Falcons | Broncos | Eagles,2026-09-10T09:23:31.857507+00:00
Sports,multiple,hard,"In Canadian football, scoring a rouge is worth how many points?",1,2 | 3 | 4,2026-09-10T09:23:31.857520+00:00
Sports,multiple,easy,What is the most common type of pitch thrown by pitchers in baseball?,Fastball,Slowball | Screwball | Palmball,2026-09-10T09:23:31.857532+00:00
Sports,multiple,medium,Which Formula 1 driver switched teams in the middle of the 2017 season?,Carlos Sainz Jr.,Daniil Kvyat | Jolyon Palmer | Rio Haryanto,2026-09-10T09:23:31.857549+00:00
Sports,multiple,medium,How many French Open's did Björn Borg win?,6,4 | 9 | 2,2026-09-10T09:23:31.857556+00:00
Sports,multiple,medium,What is Tiger Woods' all-time best career golf-score?,61,65 | 63 | 67,2026-09-10T09:23:31.857563+00:00
Sports,multiple,easy,Which country hosted the 2020 Summer Olympics?,Japan,China | Australia | Germany,2026-09-10T09:23:31.857569+00:00
Sports,multiple,easy,How many players are there in an association football/soccer team?,11,10 | 9 | 8,2026-09-10T09:23:31.857575+00:00
Sports,multiple,easy,"Which player holds the NHL record of 2,857 points?",Wayne Gretzky,Mario Lemieux  | Sidney Crosby | Gordie Howe,2026-09-10T09:23:31.857589+00:00
Sports,multiple,hard,Which city features all of their professional sports teams' jersey's with the same color scheme?,Pittsburgh,New York | Seattle | Tampa Bay,2026-09-10T09:23:31.857601+00:00
Sports,multiple,medium,At which bridge does the annual Oxford and Cambridge boat race start?,Putney,Hammersmith | Vauxhall  | Battersea,2026-09-10T09:23:31.857610+00:00
Sports,multiple,medium,Which car manufacturer won the 2016 24 Hours of Le Mans?,Porsche,Toyota | Audi | Ferrari,2026-09-10T09:23:31.857616+00:00
Sports,multiple,easy,Who won the 2017 Formula One World Drivers' Championship?,Lewis Hamilton,Sebastian Vettel | Nico Rosberg | Max Verstappen,2026-09-10T09:23:31.857629+00:00
Sports,multiple,medium,Which of these track-and-field events is NOT included in the Olympic men's decathlon?,Hammer throw,Pole vault | Long jump | Shot put,2026-09-10T09:23:31.857643+00:00
Sports,multiple,hard,Which female player won the gold medal of table tennis singles in 2016 Olympics Games?,DING Ning (China),LI Xiaoxia (China) | Ai FUKUHARA (Japan) | Song KIM (North Korea),2026-09-10T09:23:31.857659+00:00
Sports,multiple,hard,Which of these NHL players have never won a Hart Trophy for Regular Season MVP?,Steve Yzerman,Chris Pronger | Jose Theodore | Henrik Sedin,2026-09-10T09:23:31.857672+00:00
Sports,multiple,easy,Which African American is in part responsible for integrating  Major League baseball?,Jackie Robinson,Curt Flood | Roy Campanella | Satchell Paige,2026-09-10T09:23:31.857685+00:00
Sports,multiple,medium,Josh Mansour is part of what NRL team?,Penrith Panthers,Melbourne Storm | Sydney Roosters | North Queensland Cowboys,2026-09-10T09:23:31.857698+00:00
Sports,multiple,easy,Which year did Jenson Button won his first ever Formula One World Drivers' Championship?,2009,2010 | 2007 | 2006,2026-09-10T09:23:31.857705+00:00
Sports,multiple,medium,What country hosted the 2014 Winter Olympics?,Russia,Canada | United States | Germany,2026-09-10T09:23:31.857712+00:00
Sports,multiple,medium,"The song ""Three Lions"" by the Lightning Seeds was made for which major football event in 1996?",European Championships,World Cup | Champions League | Confederations Cup,2026-09-10T09:23:31.857728+00:00
Sports,multiple,hard,"Prior to 2018, which car company is the only Japanese company which won the 24 Hours of Le Mans?",Mazda,Toyota | Subaru | Nissan,2026-09-10T09:23:31.857736+00:00
Sports,multiple,easy,Which country hosted the 2022 FIFA World Cup?,Qatar,USA | Japan | Switzerland,2026-09-10T09:23:31.857742+00:00
Sports,multiple,hard,Who is Manchester United's leading appearance maker?,Ryan Giggs,David Beckham | Wayne Rooney | Eric Cantona,2026-09-10T09:23:31.857755+00:00
Sports,multiple,hard,Who won the 1998 Daytona 500?,Dale Earnhardt,John Anderson | Jeff Gordon | Michael Walltrip,2026-09-10T09:23:31.857767+00:00
Sports,multiple,medium,Which team was the 2015-2016 NBA Champions?,Cleveland Cavaliers,Golden State Warriors | Toronto Raptors | Oklahoma City Thunders,2026-09-10T09:23:31.857780+00:00
Sports,multiple,hard,Where was the Games of the XXII Olympiad held?,Moscow,Barcelona | Tokyo | Los Angeles,2026-09-10T09:23:31.857788+00:00
Sports,multiple,easy,"This Canadian television sportscaster is known for his ""Hockey Night in Canada"" role, a commentary show during hockey games.",Don Cherry,Don McKellar | Don Taylor  | Donald Sutherland,2026-09-10T09:23:31.857803+00:00
Sports,boolean,medium,ATP tennis hosted several tournaments on carpet court before being replaced to reduce injuries.,True,False,2026-09-10T09:23:31.857810+00:00
Sports,multiple,hard,The Mazda 787B won the 24 Hours of Le Mans in what year?,1991,1990 | 2000 | 1987,2026-09-10T09:23:31.857817+00:00
Sports,multiple,hard,What tool lends it's name to a last-stone advantage in an end in Curling?,Hammer,Wrench | Drill | Screwdriver,2026-09-10T09:23:31.857825+00:00
Sports,boolean,easy,Roger Federer is a famous soccer player.,False,True,2026-09-10T09:23:31.857830+00:00
Sports,multiple,easy,Which team has won the most Stanley Cups in the NHL?,Montreal Canadians,Chicago Blackhawks | Toronto Maple Leafs | Detroit Red Wings,2026-09-10T09:23:31.857843+00:00
Sports,multiple,medium,How many scoring zones are there on a conventional dart board?,82,62 | 42 | 102,2026-09-10T09:23:31.857850+00:00
Sports,multiple,easy,Who won the UEFA Champions League in 2017?,Real Madrid C.F.,Atletico Madrid | AS Monaco FC | Juventus F.C.,2026-09-10T09:23:31.857862+00:00
Sports,boolean,medium,"During Wimbledon, spectators in the grounds can buy the tennis balls that have been used in matches.",True,False,2026-09-10T09:23:31.857870+00:00
Sports,multiple,hard,"What is the full name of the footballer ""Cristiano Ronaldo""?",Cristiano Ronaldo dos Santos Aveiro,Cristiano Ronaldo los Santos Diego | Cristiano Armando Diego Ronaldo | Cristiano Luis Armando Ronaldo,2026-09-10T09:23:37.446680+00:00
Sports,boolean,easy,There are a total of 20 races in Formula One 2016 season.,False,True,2026-09-10T09:23:37.446697+00:00
Sports,multiple,medium,Which nation hosted the FIFA World Cup in 2006?,Germany,United Kingdom | Brazil | South Africa,2026-09-10T09:23:37.446709+00:00
Sports,multiple,hard,Which is Kenesisa Bekele's personal best at marathon?,2:01:41,2:01:12 | 2:01:45 | 2:01:51,2026-09-10T09:23:37.446724+00:00
Sports,boolean,medium,The Olympics tennis court is a giant green screen.,True,False,2026-09-10T09:23:37.446730+00:00
Sports,multiple,medium,Which Formula One driver was nicknamed 'The Professor'?,Alain Prost,Ayrton Senna | Niki Lauda | Emerson Fittipaldi,2026-09-10T09:23:37.446743+00:00
Sports,multiple,medium,Why was The Green Monster at Fenway Park was originally built?,To prevent viewing games from outside the park.,To make getting home runs harder. | To display advertisements. | To provide extra seating.,2026-09-10T09:23:37.446778+00:00
Sports,multiple,medium,What cricketing term denotes a batsman being dismissed with a score of zero?,Duck,Bye | Beamer | Carry,2026-09-10T09:23:37.446788+00:00
Sports,multiple,medium,What city did the Lakers represent before relocating to Los Angeles?,Minneapolis,Philadelphia | Chicago | San Francisco,2026-09-10T09:23:37.446797+00:00
Sports,multiple,easy,Who won the 2015 Formula 1 World Championship?,Lewis Hamilton,Nico Rosberg | Sebastian Vettel | Jenson Button,2026-09-10T09:23:37.446810+00:00
Sports,multiple,medium,"Which country did Kabaddi, a contact sport involving tackling, originate from?",India,Australia | Turkey | Cambodia,2026-09-10T09:23:37.446817+00:00
Sports,boolean,medium,Skateboarding was included in the 2020 Summer Olympics in Tokyo.,True,False,2026-09-10T09:23:37.446823+00:00
Sports,multiple,easy,"In the 2014 FIFA World Cup, what was the final score in the match Brazil - Germany?",1-7,1-5 | 1-6 | 2-6,2026-09-10T09:23:37.446831+00:00
Sports,multiple,medium,What is the nickname of Northampton town's rugby union club?,Saints,Harlequins | Saracens | Wasps,2026-09-10T09:23:37.446837+00:00
Sports,multiple,medium,Which NBA player won Most Valuable Player for the 1999-2000 season?,Shaquille O'Neal,Allen Iverson | Kobe Bryant | Paul Pierce,2026-09-10T09:23:37.446851+00:00
Sports,multiple,medium,Which country is hosting the 2022 FIFA World Cup?,Qatar,Uganda | Vietnam | Bolivia,2026-09-10T09:23:37.446857+00:00
Sports,multiple,medium,Which player has scored the most goals in the England Premier League (EPL)?,Alan Shearer,Wayne Rooney | Lionel Messi | Didier Drogba,2026-09-10T09:23:37.446871+00:00
Sports,multiple,medium,How many games did Arsenal FC go unbeaten during the 2003-2004 season of the English Premier League,38,51 | 49 | 22,2026-09-10T09:23:37.446878+00:00
Sports,multiple,medium,A stimpmeter measures the speed of a ball over what surface?,Golf Putting Green, Football Pitch | Cricket Outfield | Pinball Table,2026-09-10T09:23:37.446892+00:00
Sports,multiple,easy,"In baseball, how many fouls are an out?",0,5 | 3 | 2,2026-09-10T09:23:37.446899+00:00
Sports,boolean,easy,Shaquille O’Neal has only made one three pointer in his career.,True,False,2026-09-10T09:23:37.446907+00:00
Sports,multiple,hard,At which race was the 2018 F1 Drivers Championship won?,Mexico,United States | Belgium | Abu Dhabi,2026-09-10T09:23:37.446918+00:00
Sports,multiple,medium,Which of these countries' national teams qualified for the 2018 FIFA World Cup in Russia?,Tunisia,United States of America | Italy | Netherlands,2026-09-10T09:23:37.446927+00:00
Sports,multiple,easy,"What sport features the terms love, deuce, match and volley?",Tennis,Cricket | Basketball | Curling,2026-09-10T09:23:37.446934+00:00
Sports,multiple,medium,What is the name of the AHL affiliate of the Toronto Maple Leafs?,Toronto Marlies,Toronto Rock | Toronto Argonauts | Toronto Wolfpack,2026-09-10T09:23:37.446947+00:00
Sports,multiple,medium,Which sport is NOT traditionally played during the Mongolian Naadam festival?,American Football,Wrestling | Archery | Horse-Racing,2026-09-10T09:23:37.446956+00:00
Sports,multiple,medium,Which of the following player scored a hat-trick during their Manchester United debut?,Wayne Rooney,Cristiano Ronaldo | Robin Van Persie | David Beckham,2026-09-10T09:23:37.446969+00:00
Sports,multiple,easy,What is the name of Manchester United's home stadium?,Old Trafford,Anfield | City of Manchester Stadium | St James Park,2026-09-10T09:23:37.446980+00:00
Sports,multiple,medium,Who was the topscorer for England national football team?,Wayne Rooney,David Beckham | Steven Gerrard | Michael Owen,2026-09-10T09:23:37.446992+00:00
Sports,multiple,hard,"Which player ""kung-fu kicked"" a Crystal Palace fan in January 1995?",Eric Cantona,David Seamen | Ashley Cole | Mark Hughes,2026-09-10T09:23:37.447005+00:00
Sports,multiple,easy,Which of the following sports is not part of the triathlon?,Horse-Riding,Cycling | Swimming | Running,2026-09-10T09:23:37.447012+00:00
Sports,multiple,easy,What national team won the first UEFA Nations League?,Portugal,Netherlands | England | Switzerland,2026-09-10T09:23:37.447018+00:00
Sports,boolean,medium,"The first episode of WWF Monday Night RAW aired on January 11, 1990.",False,True,2026-09-10T09:23:37.447024+00:00
Sports,multiple,medium,"In 2016, who won the Formula 1 World Constructor's Championship for the third time in a row?",Mercedes-AMG Petronas,Scuderia Ferrari | McLaren Honda | Red Bull Racing Renault,2026-09-10T09:23:37.447040+00:00
Sports,multiple,medium,Who won the 2015 College Football Playoff (CFP) National Championship? ,Ohio State Buckeyes,Alabama Crimson Tide | Clemson Tigers | Wisconsin Badgers,2026-09-10T09:23:37.447053+00:00
Sports,multiple,medium,"Who won the ""Champions League"" in 1999?",Manchester United,Barcelona | Bayern Munich | Liverpool,2026-09-10T09:23:37.447062+00:00
Sports,boolean,medium,Tennis was once known as Racquetball.,False,True,2026-09-10T09:23:37.447068+00:00
Sports,multiple,medium,Who won the 2018 Monaco Grand Prix?,Daniel Ricciardo,Sebastian Vettel | Kimi Raikkonen | Lewis Hamilton,2026-09-10T09:23:37.447088+00:00
Sports,multiple,easy,"In golf, what name is given to a hole score of two under par?",Eagle,Birdie | Bogey | Albatross,2026-09-10T09:23:37.447096+00:00
Sports,multiple,easy,When was the first official international game played?,1872,1880 | 1863 | 1865,2026-09-10T09:23:37.447102+00:00
Sports,multiple,medium,Which of these jersey numbers has Shaquille O'Neal never worn?,35,36 | 33 | 32,2026-09-10T09:23:37.447108+00:00
Sports,multiple,medium,Who was the first footballer to score 200 goals in the English Premier League?,Alan Shearer,Wayne Rooney | Robbie Fowler | Thierry Henry,2026-09-10T09:23:37.447122+00:00
Sports,multiple,medium,Who was the British professional wrestler Shirley Crabtree better known as?,Big Daddy,Giant Haystacks | Kendo Nagasaki | Masambula,2026-09-10T09:23:37.447133+00:00
Sports,multiple,hard,"Which Italian footballer told Neuer where he's putting his shot and dragging it wide, during the match Italy-Germany, UEFA EURO 2016?",Pelle,Insigne | Barzagli | Giaccherini,2026-09-10T09:23:37.447143+00:00
Sports,multiple,medium,Which of the following Grand Slam tennis tournaments occurs LAST?,US Open,French Open | Wimbledon | Australian Open,2026-09-10T09:23:37.447154+00:00
Sports,multiple,medium,"Who won the 1994 San Marino Grand Prix, the race in which Ayrton Senna was killed?",Michael Schumacher,Nicola Larini | Gerhard Berger | Mika Häkkinen,2026-09-10T09:23:37.447169+00:00
Sports,multiple,easy,Which NFL team plays for New England?,Patriots,Chiefs | Dolphins | 49ers,2026-09-10T09:23:37.447175+00:00
Sports,multiple,medium,What is the highest belt you can get in Taekwondo?,Black,White | Red | Green,2026-09-10T09:23:37.447182+00:00
Sports,multiple,easy,Who did Steven Gerrard win the Champions League with?,Liverpool,Real Madrid | Chelsea | Man City,2026-09-10T09:23:37.447191+00:00
Sports,multiple,easy,Which team won 2014 FIFA World Cup in Brazil?,Germany,Argentina | Brazil | Netherlands,2026-09-10T09:23:37.447197+00:00
Sports,multiple,medium,Hockey player Wayne Gretzky was born in what Canadian province?,Ontario,British Columbia | Quebec | Alberta,2026-09-10T09:23:43.046217+00:00
Sports,multiple,hard,Who did Drew Brees pass in all time NFL passing yards in 2018?,Peyton Manning,Tom Brady | Dan Marino | Joe Montana,2026-09-10T09:23:43.046243+00:00
Sports,multiple,medium,Which soccer team won the Copa América 2015 Championship ?,Chile,Argentina | Brazil | Paraguay,2026-09-10T09:23:43.046252+00:00
Sports,multiple,medium,Which of these NHL teams have never moved since their inception?,St. Louis Blues,New Jersey Devils | Carolina Hurricanes | Dallas Stars,2026-09-10T09:23:43.046266+00:00
Sports,multiple,medium,Who is regarded as the best Romanian footballer of all time?,Gheorghe Hagi,Cristian Chivu | Nicolae Dobrin | Gheorghe Popescu,2026-09-10T09:23:43.046280+00:00
Sports,multiple,medium,Who is Manchester United's top premier league goal scorer?,Wayne Rooney,Sir Bobby Charlton | Ryan Giggs | David Beckham,2026-09-10T09:23:43.046293+00:00
Sports,multiple,medium,Which German sportswear company's logo is the 'Formstripe'?,Puma,Nike | Adidas | Reebok,2026-09-10T09:23:43.046300+00:00
Sports,multiple,medium,What national team won the 2016 edition of UEFA European Championship?,Portugal,France | Germany | England,2026-09-10T09:23:43.046307+00:00
Sports,multiple,easy,Who won the 2016 Formula 1 World Driver's Championship?,Nico Rosberg,Lewis Hamilton | Max Verstappen | Kimi Raikkonen,2026-09-10T09:23:43.046319+00:00
Sports,multiple,medium,"The 1988 Formula 1 season had McLaren win all but one race, what race did they not win?",Italian Grand Prix,Japanese Grand Prix | Monaco Grand Prix | Brazilian Grand Prix,2026-09-10T09:23:43.046335+00:00
Sports,multiple,easy,"In what sport is a ""shuttlecock"" used?",Badminton,Table Tennis | Rugby | Cricket,2026-09-10T09:23:43.046343+00:00
Sports,multiple,easy,Who won the UEFA Champions League in 2016?,Real Madrid C.F.,FC Bayern Munich | Atletico Madrid | Manchester City F.C.,2026-09-10T09:23:43.046356+00:00
Sports,multiple,medium,In what sport does Fanny Chmelar compete for Germany?,Skiing,Swimming | Showjumping | Gymnastics,2026-09-10T09:23:43.046362+00:00
Sports,multiple,medium,Which team was the 2014-2015 NBA Champions?,Golden State Warriors,Cleveland Cavaliers | Houston Rockets | Atlanta Hawks,2026-09-10T09:23:43.046376+00:00
Sports,multiple,easy,Which country won the 2018 FIFA World Cup hosted in Russia?,France,Croatia | Belgium | England,2026-09-10T09:23:43.046382+00:00
Sports,boolean,medium,Formula E is an auto racing series that uses hybrid electric race cars.,False,True,2026-09-10T09:23:43.046389+00:00
Sports,multiple,hard,With which doubles partner did John McEnroe have most success?,Peter Fleming,Mark Woodforde | Michael Stich | Mary Carillo,2026-09-10T09:23:43.046402+00:00
Sports,multiple,medium,Who has played the most tournaments in the German national soccer team?,Lothar Matthäus,Miroslav Klose | Philipp Lahm | Oliver Kahn,2026-09-10T09:23:43.046416+00:00
Sports,multiple,hard,Which English football team is nicknamed 'The Tigers'?,Hull City,Cardiff City | Bristol City | Manchester City,2026-09-10T09:23:43.046428+00:00
Sports,multiple,medium,Which NBA player has the most games played over the course of their career?,Robert Parish,Kareem Abdul-Jabbar | Kevin Garnett | Kobe Bryant,2026-09-10T09:23:43.046442+00:00
Sports,multiple,hard,Which of these Russian cities did NOT contain a stadium that was used in the 2018 FIFA World Cup?,Vladivostok,Rostov-on-Don | Yekaterinburg | Kaliningrad,2026-09-10T09:23:43.046450+00:00
Sports,multiple,hard,Who scored the injury time winning goal in the 1999 UEFA Champions League final between Manchester United and Bayern Munich?,Ole Gunnar Solskjær,Dwight Yorke | Andy Cole | David Beckham,2026-09-10T09:23:43.046467+00:00
Sports,multiple,medium,Who has played the most tournaments on the Brazilian national soccer team?,Cafu,Ronaldo | Kaká | Roberto Carlos,2026-09-10T09:23:43.046477+00:00
Sports,multiple,hard,The AHL affiliate team of the Boston Bruins is named what?,Providence Bruins,New Haven Bruins | Cambridge Bruins | Hartford Bruins,2026-09-10T09:23:43.046491+00:00
Sports,multiple,easy,When was the FC Schalke 04 founded?,1904,1909 | 2008 | 1999,2026-09-10T09:23:43.046496+00:00
Sports,multiple,medium,"Which of these teams isn't a member of the NHL's ""Original Six"" era?",Philadelphia Flyers,New York Rangers | Toronto Maple Leafs | Boston Bruins,2026-09-10T09:23:43.046511+00:00
Sports,multiple,easy,Which of these teams has Jaromir Jagr not played for?,New York Islanders,Calgary Flames | New Jersey Devils | Dallas Stars,2026-09-10T09:23:43.046524+00:00
Sports,multiple,easy,Which team won the 2015-16 English Premier League?,Leicester City,Liverpool | Cheslea | Manchester United,2026-09-10T09:23:43.046533+00:00
Sports,multiple,easy,What was the year of estabilishment of the Bari Italian Football Club?,1908,1945 | 2014 | 1895,2026-09-10T09:23:43.046540+00:00
Sports,multiple,medium,Who was the top scorer of the 2014 FIFA World Cup?,James Rodríguez,Thomas Müller | Lionel Messi | Neymar,2026-09-10T09:23:43.046553+00:00
Sports,multiple,hard,What team did England beat in the semi-final stage to win in the 1966 World Cup final?,Portugal,West Germany | Soviet Union | Brazil,2026-09-10T09:23:43.046564+00:00
Sports,multiple,easy,The Los Angeles Dodgers were originally from what U.S. city?,Brooklyn,Las Vegas | Boston | Seattle,2026-09-10T09:23:43.046571+00:00
Sports,multiple,easy,Which English football club has the nickname 'The Foxes'?,Leicester City,Northampton Town | Bradford City | West Bromwich Albion,2026-09-10T09:23:43.046589+00:00
Sports,multiple,easy,Which driver has been the Formula 1 world champion for a record 7 times?,Michael Schumacher,Ayrton Senna | Fernando Alonso | Jim Clark,2026-09-10T09:23:43.046602+00:00
Sports,boolean,medium,"In 2008, Usain Bolt set the world record for the 100 meters with one shoelace untied.",True,False,2026-09-10T09:23:43.046609+00:00
Sports,multiple,medium,Who won the 2011 Stanley Cup?,Boston Bruins,Montreal Canadiens | New York Rangers | Toronto Maple Leafs,2026-09-10T09:23:43.046622+00:00
Sports,multiple,medium,Which darts player has won the most World Championship titles?,Phil Taylor,Michael van Gerwen | Raymond van Barneveld | Eric Bristow,2026-09-10T09:23:43.046635+00:00
Sports,multiple,hard,How many times did Martina Navratilova win the Wimbledon Singles Championship?,Nine,Ten | Seven | Eight,2026-09-10T09:23:43.046642+00:00
Sports,multiple,medium,In what country were the 2014 Winter Olympics held in the town of Sochi?,Russia,South Korea | Norway | Canada,2026-09-10T09:23:43.046651+00:00
Sports,multiple,easy,How many points did LeBron James score in his first NBA game?,25,19 | 69 | 41,2026-09-10T09:23:43.046657+00:00
Sports,multiple,medium,"In a game of snooker, what colour ball is worth 3 points?",Green,Yellow | Brown | Blue,2026-09-10T09:23:43.046664+00:00
Sports,multiple,medium,What is the exact length of one non-curved part in Lane 1 of an Olympic Track?,84.39m,100m | 100yd | 109.36yd,2026-09-10T09:23:43.046672+00:00
Sports,multiple,hard,What is “The Sport of Kings”?,Horse Racing,Chess | Jousting | Fencing,2026-09-10T09:23:43.046681+00:00
Sports,multiple,hard,Which male player won the gold medal of table tennis singles in 2016 Olympics Games?,Ma Long (China),Zhang Jike (China) | Jun Mizutani (Japan) | Vladimir Samsonov (Belarus),2026-09-10T09:23:43.046698+00:00
Sports,boolean,easy,Peyton Manning retired after winning Super Bowl XLIX.,False,True,2026-09-10T09:23:43.046703+00:00
Sports,multiple,medium,What is the oldest team in the NFL?,Arizona Cardinals,Chicago Bears | Green Bay Packers | New York Giants,2026-09-10T09:23:43.046716+00:00
Sports,multiple,easy,"In Baseball, how many times does the ball have to be pitched outside of the strike zone before the batter is walked?",4,1 | 2 | 3,2026-09-10T09:23:43.046726+00:00
Sports,multiple,medium,Which of these English football clubs is based in Liverpool?,Everton,West Ham United | Crystal Palace | Arsenal,2026-09-10T09:23:43.046736+00:00
Sports,multiple,medium,How many premier league trophies did Sir Alex Ferguson win during his time at Manchester United?,13,11 | 20 | 22,2026-09-10T09:23:43.046743+00:00
Sports,multiple,easy,"Who is often called ""the Maestro"" in the men's tennis circuit?",Roger Federer,Bill Tilden | Boris Becker | Pete Sampras,2026-09-10T09:23:43.046757+00:00
Geography,multiple,easy,Which of the following languages does NOT use the Latin alphabet?,Georgian,Turkish | Swahili | Vietnamese,2026-09-10T09:23:54.259482+00:00
Geography,multiple,hard,"Where is the fast food chain ""Panda Express"" headquartered?","Rosemead, California","Sacramento, California | Fresno, California | San Diego, California",2026-09-10T09:23:54.259510+00:00
Geography,multiple,medium,What is the capital of Estonia?,Tallinn,Helsinki | Tartu | Riga,2026-09-10T09:23:54.259517+00:00
Geography,multiple,hard,The Andaman and Nicobar Islands in South East Asia are controlled by which country?,India,Vietnam | Thailand | Indonesia,2026-09-10T09:23:54.259525+00:00
Geography,multiple,easy,Which area of Eastern Europe is famous for its association with vampires?,Transylvania,Silesia | Macedonia | Slovakia,2026-09-10T09:23:54.259532+00:00
Geography,multiple,hard,When does Finland celebrate their independence day?,December 6th,January 2nd | November 12th | February 8th,2026-09-10T09:23:54.259545+00:00
Geography,multiple,medium,Which is the world's longest river?,Nile,Missouri | Amazon | Yangtze,2026-09-10T09:23:54.259551+00:00
Geography,multiple,medium,What is the capital of Vietnam?,Hanoi,Da Nang | Hai Phong | Ho Chi Minh City,2026-09-10T09:23:54.259562+00:00
Geography,multiple,medium,On which continent/s is the entire country of Spain specifically located when taking into account all of its territory?,Europe and Africa,"Europe, Africa and Asia | Europe | Europe and Asia",2026-09-10T09:23:54.259607+00:00
Geography,multiple,easy,How many time zones does China have?,1,3 | 4 | 2,2026-09-10T09:23:54.259620+00:00
Geography,multiple,medium,A lion brandishing a sword is depicted on the national flag of which country?,Sri Lanka,Albania | Zambia | Moldova,2026-09-10T09:23:54.259635+00:00
Geography,multiple,medium,Which of these Mediterranian islands is under the sovereign rule of France?,Corsica,Majorca | Sardinia | Malta,2026-09-10T09:23:54.259643+00:00
Geography,multiple,hard,Which country was NOT formerly part of Yugoslavia?,Albania,Croatia | Serbia | Macedonia,2026-09-10T09:23:54.259651+00:00
Geography,multiple,easy,What is the capital of the US State of New York?,Albany,Buffalo | New York | Rochester,2026-09-10T09:23:54.259660+00:00
Geography,multiple,hard,In what part of Wales will you find the village Llanfairpwllgwyngyllgogerychwyrndrobwllllantysiliogogogoch?,Anglesey,Pembrokeshire | Wrexham | Bridgend,2026-09-10T09:23:54.259667+00:00
Geography,multiple,hard,Which of the following landlocked countries is entirely contained within another country?,Lesotho,Burkina Faso | Mongolia | Luxembourg,2026-09-10T09:23:54.259677+00:00
Geography,boolean,easy,Alaska and Hawaii are the only US states that have their own timezones.,True,False,2026-09-10T09:23:54.259683+00:00
Geography,multiple,medium,"Gibraltar, located just south of the Iberian peninsula, is a territory of which West Europe country?",United Kingdom,Spain | Portugal | France,2026-09-10T09:23:54.259694+00:00
Geography,multiple,easy,Which city is the capital of the United States of America?,Washington D.C,Seattle | Albany | Los Angeles,2026-09-10T09:23:54.259704+00:00
Geography,multiple,medium,What is the name of the only remaining Grand Duchy in the world ?,Luxembourg,Montenegro | Liechtenstein | Andorra,2026-09-10T09:23:54.259711+00:00
Geography,multiple,medium,What is the capital of the US state Nevada?,Carson City,Las Vegas | Henderson | Reno,2026-09-10T09:23:54.259721+00:00
Geography,multiple,easy,What is the 15th letter of the Greek alphabet?,Omicron (Ο),Sigma (Σ) | Pi (Π) | Nu (Ν),2026-09-10T09:23:54.259739+00:00
Geography,boolean,medium,The flag of South Africa features 7 colours.,False,True,2026-09-10T09:23:54.259744+00:00
Geography,multiple,hard,Which of these is an official currency of the Cook Islands?,New Zealand Dollar,United States Dollar | British Pound | Australian Dollar,2026-09-10T09:23:54.259760+00:00
Geography,multiple,hard,Which of the following Inuit languages was the FIRST to use a unique writing system not based on the Latin alphabet?,Inuktitut,Inuinnaqtun | Greenlandic | Inupiat,2026-09-10T09:23:54.259769+00:00
Geography,multiple,easy,Which Borough is the farthest in the north of New York City?,Bronx,Queens | Brooklyn | Manhattan,2026-09-10T09:23:54.259776+00:00
Geography,multiple,hard,The prefix Sino- (As in Sino-American) is used to refer to what nationality?,Chinese,Japanese | Russian | Indian,2026-09-10T09:23:54.259783+00:00
Geography,boolean,easy,Argentina's name comes from the latin name for Silver.,True,False,2026-09-10T09:23:54.259789+00:00
Geography,multiple,medium,What city  has the busiest airport in the world?,"Atlanta, Georgia USA","London, England | Chicago,Illinois ISA | Tokyo,Japan",2026-09-10T09:23:54.259803+00:00
Geography,multiple,medium,What is the fifth largest country by area?,Brazil,United States | Australia | India,2026-09-10T09:23:54.259811+00:00
Geography,multiple,medium,How many sovereign states are members of the United Nations?,195,201 | 153 | 178,2026-09-10T09:23:54.259817+00:00
Geography,multiple,easy,What country has a horizontal bicolor red and white flag?,Monaco,Bahrain | Malta | Liechenstein,2026-09-10T09:23:54.259824+00:00
Geography,multiple,medium,How many countries does Spain have a land border with?,5,2 | 3 | 4,2026-09-10T09:23:54.259831+00:00
Geography,boolean,medium,The Sonoran Desert is located in eastern Africa.,False,True,2026-09-10T09:23:54.259837+00:00
Geography,boolean,easy,There is a city called Rome in every continent on Earth.,False,True,2026-09-10T09:23:54.259843+00:00
Geography,multiple,hard,In which country is Tallinn located?,Estonia,Finland | Sweden | Poland,2026-09-10T09:23:54.259848+00:00
Geography,multiple,medium,What is the official national language of Pakistan?,Urdu,Indian | Punjabi | Pashto,2026-09-10T09:23:54.259854+00:00
Geography,boolean,medium,Italy and Ireland are the only countries in Europe that start with the letter I.,False,True,2026-09-10T09:23:54.259861+00:00
Geography,multiple,hard,What is special about Lake Titicaca?,Highest navigable lake,Longest lake in the world | Deepest lake in the world | Remains frozen all year round,2026-09-10T09:23:54.259876+00:00
Geography,multiple,easy,What is the capital of Jamaica?,Kingston,San Juan | Port-au-Prince | Bridgetown,2026-09-10T09:23:54.259884+00:00
Geography,multiple,easy,"Which European city is known as the ""City of Light""?",Paris,Rome | London | Madrid,2026-09-10T09:23:54.259891+00:00
Geography,multiple,easy,Which country is the home of the largest Japanese population outside of Japan?,Brazil,China | Russia | The United States,2026-09-10T09:23:54.259900+00:00
Geography,multiple,easy,Which Russian oblast forms a border with Poland?,Kaliningrad,Samara | Nizhny Novgorod | Omsk,2026-09-10T09:23:54.259908+00:00
Geography,multiple,hard,"What North American tourist attraction is served by the ""Maid of the Mist"" tour company?",Niagara Falls,"Whistler, British Columbia | Disney World | Yosemite National Park",2026-09-10T09:23:54.259923+00:00
Geography,multiple,easy,"Where would you find the ""Spanish Steps""?","Rome, Italy","Barcelona, Spain | Berlin, Germany | London, England",2026-09-10T09:23:54.259936+00:00
Geography,multiple,hard,What is the administrative centre and largest settlement on the Norwegian archipelago of Svalbard?,Longyearbyen,Sveagruva | Ny-Ålesund | Barentsburg,2026-09-10T09:23:54.259947+00:00
Geography,multiple,hard,Santorini is an island belonging to what European Country?,Greece,Italy | Spain | Turkey,2026-09-10T09:23:54.259953+00:00
Geography,multiple,medium,"In Washington, D.C. what does the ""C"" stand for?",Columbia,Caledonia | Corinthia | City,2026-09-10T09:23:54.259960+00:00
Geography,multiple,easy,What is the capital of Indonesia?,Jakarta,Bandung | Medan | Palembang,2026-09-10T09:23:54.259965+00:00
Geography,multiple,medium,How many timezones does Russia have?,11,6 | 24 | 16,2026-09-10T09:23:54.259971+00:00
Geography,multiple,hard,Which of these is NOT a city in India?,Islamabad,Hyderabad | Ahmedabad | Ghaziabad,2026-09-10T09:23:59.852419+00:00
Geography,multiple,medium,Which country has three capital cities?,South Africa,Somalia | China | United Kingdom,2026-09-10T09:23:59.852439+00:00
Geography,multiple,medium,Which of these countries is located the FURTHEST away from the South China Sea?,Bangladesh,Malaysia | Vietnam | Philippines,2026-09-10T09:23:59.852448+00:00
Geography,multiple,easy,"Which of the following European languages is classified as a ""language isolate?""",Basque,Galician | Maltese | Hungarian,2026-09-10T09:23:59.852456+00:00
Geography,multiple,hard,Where is the city of Haarlem located?,The Netherlands,Germany | United States | Switzerland,2026-09-10T09:23:59.852465+00:00
Geography,multiple,easy,What is the only state in the United States that does not have a flag in a shape with 4 edges?,Ohio,Florida | Idaho | New Mexico,2026-09-10T09:23:59.852476+00:00
Geography,multiple,medium,Where is Hadrian's Wall located?,"Carlisle, England","Rome, Italy | Alexandria, Egypt | Dublin, Ireland",2026-09-10T09:23:59.852490+00:00
Geography,multiple,easy,"What is the largest country, by area, that has only one time zone?",China,Canada | India | Russia,2026-09-10T09:23:59.852498+00:00
Geography,multiple,medium,"Which of these countries is ""doubly landlocked"" (surrounded entirely by one or more landlocked countries)?",Uzbekistan,Switzerland | Bolivia | Ethiopia,2026-09-10T09:23:59.852506+00:00
Geography,multiple,medium,How many independent countries are there within the continent of South America?,12,8 | 9 | 10,2026-09-10T09:23:59.852514+00:00
Geography,multiple,easy,What is the largest hot desert in the world?,Sahara,Gobi | Mojave | Kalahari,2026-09-10T09:23:59.852520+00:00
Geography,boolean,hard,The two largest ethnic groups of Belgium are Flemish and Walloon. ,True,False,2026-09-10T09:23:59.852527+00:00
Geography,boolean,medium,You could walk from Norway to North Korea while only passing through Russia.,True,False,2026-09-10T09:23:59.852533+00:00
Geography,multiple,easy,What is the name of New Zealand's indigenous people?,Maori,Vikings | Polynesians | Samoans,2026-09-10T09:23:59.852539+00:00
Geography,multiple,easy,Which of these is the name of the largest city in the US state Tennessee?,Memphis,Thebes | Alexandria | Luxor,2026-09-10T09:23:59.852547+00:00
Geography,boolean,medium,Is Tartu the capital of Estonia?,False,True,2026-09-10T09:23:59.852552+00:00
Geography,boolean,easy,Greenland is almost as big as Africa.,False,True,2026-09-10T09:23:59.852556+00:00
Geography,multiple,medium,Which German city is located on the River Isar?,Munich,Berlin | Hamburg | Dortmund,2026-09-10T09:23:59.852562+00:00
Geography,boolean,medium,"""Mongolia"" was a part of the now non-existent U.S.S.R.",False,True,2026-09-10T09:23:59.852568+00:00
Geography,boolean,easy,"Washington, D.C. is considered a US state.",False,True,2026-09-10T09:23:59.852574+00:00
Geography,multiple,medium,Lake Titicaca is located between which two nations?,Peru and Bolivia,Kenya and Uganda | Mexico and the United States | India and Bangladesh,2026-09-10T09:23:59.852589+00:00
Geography,boolean,medium,Gothenburg is the capital of Sweden.,False,True,2026-09-10T09:23:59.852594+00:00
Geography,multiple,medium,The Principality of Sealand is an unrecognized micronation off the coast of what country?,The United Kingdom,Japan | Austrailia | Argentina,2026-09-10T09:23:59.852603+00:00
Geography,multiple,hard,What is the name of rocky region that spans most of eastern Canada?,Canadian Shield,Rocky Mountains | Appalachian Mountains | Himalayas,2026-09-10T09:23:59.852629+00:00
Geography,boolean,medium,The capital of the US State Ohio is the city of Chillicothe.,False,True,2026-09-10T09:23:59.852638+00:00
Geography,multiple,easy,What colour is the circle on the Japanese flag?,Red,White | Yellow | Black,2026-09-10T09:23:59.852644+00:00
Geography,multiple,easy,What is the capital of Denmark?,Copenhagen,Aarhus | Odense | Aalborg,2026-09-10T09:23:59.852650+00:00
Geography,multiple,medium,What is the capital of Chile?,Santiago,Valparaíso | Copiapó | Antofagasta,2026-09-10T09:23:59.852660+00:00
Geography,boolean,medium,Seoul is the capital of North Korea.,False,True,2026-09-10T09:23:59.852666+00:00
Geography,multiple,hard,What is the area of Vatican City?,0.44km^2,0.10km^2 | 0.86km^2 | 12.00km^2,2026-09-10T09:23:59.852678+00:00
Geography,multiple,medium,Which European city has the highest mileage of canals in the world?,Birmingham,Venice | Amsterdam | Berlin,2026-09-10T09:23:59.852685+00:00
Geography,multiple,medium,Where is the Volga River?,Russia,Bulgaria | India | Sweden,2026-09-10T09:23:59.852690+00:00
Geography,multiple,medium,How many countries are inside the United Kingdom?,Four,Two | Three | One,2026-09-10T09:23:59.852697+00:00
Geography,multiple,easy,What is the smallest country in the world?,Vatican City,Maldives | Monaco | Malta,2026-09-10T09:23:59.852704+00:00
Geography,multiple,easy,Which of the following Japanese islands is the biggest?,Honshu,Hokkaido | Shikoku | Kyushu,2026-09-10T09:23:59.852711+00:00
Geography,multiple,easy,What is the capital of Spain?,Madrid,Barcelona | Sevilla | Toledo,2026-09-10T09:23:59.852716+00:00
Geography,multiple,easy,How many stars are featured on New Zealand's flag?,4,5 | 2 | 0,2026-09-10T09:23:59.852723+00:00
Geography,multiple,medium,"Where is the ""Sonoran Desert"" located?",North America,South America | Asia | Africa,2026-09-10T09:23:59.852732+00:00
Geography,boolean,medium,Norway has a larger land area than Sweden.,False,True,2026-09-10T09:23:59.852737+00:00
Geography,boolean,easy,Alaska is the largest state in the United States.,True,False,2026-09-10T09:23:59.852742+00:00
Geography,multiple,hard,Which river was dammed to create Gatun Lake and the Panama Canal?,Chagres River,Tuira River | Chucunaque River | Chepo River ,2026-09-10T09:23:59.852756+00:00
Geography,boolean,easy,San Marino is the only country completely surrounded by another country.,False,True,2026-09-10T09:23:59.852762+00:00
Geography,multiple,hard,Where is Fort Marlborough located?,Bengkulu,Singapore | London | Dover,2026-09-10T09:23:59.852767+00:00
Geography,multiple,hard,What is the most populous Muslim-majority nation in 2010?,Indonesia,Saudi Arabia | Iran | Sudan,2026-09-10T09:23:59.852775+00:00
Geography,multiple,hard,Which of these is NOT a province in China?,Yangtze,Fujian | Sichuan | Guangdong,2026-09-10T09:23:59.852781+00:00
Geography,multiple,hard,What is the official German name of the Swiss Federal Railways?,Schweizerische Bundesbahnen,Schweizerische Nationalbahnen | Bundesbahnen der Schweiz | Schweizerische Staatsbahnen,2026-09-10T09:23:59.852795+00:00
Geography,boolean,easy,The capital of Indonesia is Bali.,False,True,2026-09-10T09:23:59.852800+00:00
Geography,multiple,medium,Where is the ancient city of Petra located?,Jordan,Egypt | Israel | Italy,2026-09-10T09:23:59.852806+00:00
Geography,multiple,easy,The body of the Egyptian Sphinx was based on which animal?,Lion,Bull | Horse | Dog,2026-09-10T09:23:59.852812+00:00
Geography,multiple,easy,On which continent does the Andes mountain range lie?,South America,Europe | Asia | Africa,2026-09-10T09:23:59.852820+00:00
Geography,multiple,medium,What is the northernmost human settlement with year round inhabitants?,"Alert, Canada","Nagurskoye, Russia | McMurdo Station, Antarctica  | Honningsvåg, Norway",2026-09-10T09:24:05.456755+00:00
Geography,multiple,easy,"Which of the following geographic features is a ring-shaped coral reef, island, or series of islets?",Atoll,Peninsula | Isthmus | Delta,2026-09-10T09:24:05.456777+00:00
Geography,multiple,hard,How many countries share a land border with Russia? (Not including disputed territories),14,12 | 10 | 8,2026-09-10T09:24:05.456786+00:00
Geography,multiple,medium,The World Health Organization headquarters is located in which European country?,Switzerland,United Kingdom | France | Belgium,2026-09-10T09:24:05.456796+00:00
Geography,multiple,medium,The land of Gotland is located in which European country?,Sweden,Denmark | Norway | Germany,2026-09-10T09:24:05.456803+00:00
Geography,multiple,medium,"Eritrea, which became the 182nd member of the UN in 1993, is in the continent of?",Africa,Europe | Asia | South America,2026-09-10T09:24:05.456813+00:00
Geography,multiple,easy,The longest shared border in the world can be found between which two nations?,Canada and the United States,Chile and Argentina | Russia and China | India and Pakistan,2026-09-10T09:24:05.456829+00:00
Geography,multiple,hard,Where is Timbuktu located?,"Mali, Africa","Azerbaijan, Asia | Bangladesh, Asia | Mauritania, Africa",2026-09-10T09:24:05.456841+00:00
Geography,boolean,easy,Bosnia and Herzegovina is a country located in the Baltic region in Europe.,False,True,2026-09-10T09:24:05.456848+00:00
Geography,multiple,medium, What is the only nation that borders both Uruguay and Venezuela?,Brazil,Mexico | Chile | Panama,2026-09-10T09:24:05.456856+00:00
Geography,multiple,easy,What is the Polish city known to Germans as Danzig?,Gdańsk,Warsaw | Zakopane | Poznań,2026-09-10T09:24:05.456868+00:00
Geography,multiple,medium,How many counties in the Republic of Ireland.,26,32 | 28 | 30,2026-09-10T09:24:05.456874+00:00
Geography,multiple,hard,Llanfair­pwllgwyngyll­gogery­chwyrn­drobwll­llan­tysilio­gogo­goch is located on which Welsh island?,Anglesey,Barry | Bardsey | Caldey,2026-09-10T09:24:05.456884+00:00
Geography,multiple,easy,Which of these is NOT an Australian state or territory?,Alberta,New South Wales | Victoria | Queensland,2026-09-10T09:24:05.456894+00:00
Geography,multiple,medium,Which country ranks first in the number of historically active volcanoes?,Indonesia,Japan | USA | India,2026-09-10T09:24:05.456900+00:00
Geography,multiple,easy,What is the capital of India?,New Delhi,Beijing | Montreal | Tithi,2026-09-10T09:24:05.456908+00:00
Geography,boolean,medium,"The longest place named in the United States is Lake Chargoggagoggmanchauggagoggchaubunagungamaugg, located near Webster, MA.",True,False,2026-09-10T09:24:05.456915+00:00
Geography,boolean,easy,Colombia is named after Christopher Columbus.,True,False,2026-09-10T09:24:05.456920+00:00
Geography,multiple,easy,Which UK country features a dragon on their flag?,Wales,England | North Ireland | Scotland,2026-09-10T09:24:05.456928+00:00
Geography,multiple,medium,What are the four corner states of the US?,"Utah, Colorado, Arizona, New Mexico","Oregon, Idaho, Nevada, Utah | Kansas, Oklahoma, Arkansas, Louisiana | South Dakota, Minnesota, Nebraska, Iowa",2026-09-10T09:24:05.456946+00:00
Geography,multiple,medium,"On a London Underground map, what colour is the Circle Line?",Yellow,Red | Blue | Green,2026-09-10T09:24:05.456953+00:00
Geography,multiple,medium,What is the busiest port in Europe?,Port of Rotterdam,Port of Antwerp | Port of Hamburg | Port of Amsterdam,2026-09-10T09:24:05.456966+00:00
Geography,boolean,easy,Vatican City is a country.,True,False,2026-09-10T09:24:05.456975+00:00
Geography,multiple,hard,"What is the county seat of King County, Washington?",Seattle,Bellevue | Enumclaw | Skykomish,2026-09-10T09:24:05.456999+00:00
Geography,multiple,hard,The Maluku islands (informally known as the Spice Islands) belong to which country?,Indonesia,Chile | New Zealand | Fiji,2026-09-10T09:24:05.457012+00:00
Geography,multiple,easy,In which ocean is the Réunion island?,Indian Ocean,Atlantic Ocean | South Pacific Ocean | North Pacific Ocean,2026-09-10T09:24:05.457027+00:00
Geography,multiple,easy,"The derisive acronym ""PIIGS"" refers to which of the following European countries and their economic statuses?","Portugal, Ireland, Italy, Greece, Spain","Poland, Iceland, Italy, Greece, Serbia | Poland, Iceland, Italy, Greenland, Spain | Portugal, Iceland, Ireland, Greece, Serbia",2026-09-10T09:24:05.457047+00:00
Geography,multiple,medium,What is the capital of the U.S. state Texas?,Austin,Dallas | Santa Fe | Houston,2026-09-10T09:24:05.457055+00:00
Geography,multiple,easy,How many countries does the United States share a land border with?,2,1 | 3 | 4,2026-09-10T09:24:05.457063+00:00
Geography,multiple,medium,What is the capital of Cyprus?,Nicosia,Paphos | Limassol | Larnaca,2026-09-10T09:24:05.457068+00:00
Geography,boolean,easy,"Rhode Island is actually located on the US mainland, despite its name.",True,False,2026-09-10T09:24:05.457075+00:00
Geography,multiple,hard,What country is not a part of Scandinavia?,Finland,Norway | Sweden | Denmark,2026-09-10T09:24:05.457080+00:00
Geography,multiple,easy,How many federal states does Germany have?,16,13 | 32 | 25,2026-09-10T09:24:05.457086+00:00
Geography,boolean,hard,Only one country in the world starts with the letter Q.,True,False,2026-09-10T09:24:05.457092+00:00
Geography,multiple,medium,"What is the name of the former country that was succeeded by countries such as Serbia, Croatia and Slovenia?",Yugoslavia,Czechoslovakia | Abkhazia | South Ossetia,2026-09-10T09:24:05.457103+00:00
Geography,multiple,medium,"What is the region conjoining Pakistan, India, and China with unknown leadership called?",Kashmir,Andorra | Gibraltar | Quin,2026-09-10T09:24:05.457110+00:00
Geography,multiple,medium,What is the largest non-continental island in the world?,Greenland,New Guinea | Borneo | Madagascar,2026-09-10T09:24:05.457118+00:00
Geography,multiple,medium,What is the only country in the world with a flag that doesn't have four right angles?,Nepal,Panama | Angola | Egypt,2026-09-10T09:24:05.457126+00:00
Geography,multiple,easy,What is the capital of South Korea?,Seoul,Pyongyang | Taegu | Kitakyushu,2026-09-10T09:24:05.457132+00:00
Geography,multiple,hard,What is the second-largest city in Lithuania?,Kaunas,Panevėžys | Vilnius | Klaipėda,2026-09-10T09:24:05.457143+00:00
Geography,multiple,easy,Where was the ancient city of Pompeii?,Italy,East Africa | South America | Pompilanus,2026-09-10T09:24:05.457152+00:00
Geography,multiple,hard,What was the original name of Ho Chi Minh City?,Saigon,Hanoi | Dar Es Salaam | Angkor Wat,2026-09-10T09:24:05.457162+00:00
Geography,multiple,easy,What is Russia's second-largest city?,Saint Petersburg,Minsk | Nizhny Novgorod | Vladivostok,2026-09-10T09:24:05.457171+00:00
Geography,multiple,medium,Which city is the capital of Switzerland?,Bern,Zürich | Frankfurt | Wien,2026-09-10T09:24:05.457179+00:00
Geography,multiple,hard,Which of the following is a castle?,Elizabeth Castle,Frank Castle | Richard Castle | Olivia Castle,2026-09-10T09:24:05.457191+00:00
Geography,multiple,medium,What is the capital city of the U.S. state of Texas?,Austin,Dallas | Houston | San Antonio,2026-09-10T09:24:05.457199+00:00
Geography,multiple,medium,The land mass of modern day Turkey is called what?,Anatolia,Ismuth of Ottoma | Ottoma | Ismuth of Anatolia,2026-09-10T09:24:05.457209+00:00
Geography,multiple,medium,Which Canadian province has Charlottetown as its capital?,Prince Edward Island,Saskachewan | Northwest Terrirories | Ontario,2026-09-10T09:24:05.457219+00:00
Geography,multiple,medium,All of the following are towns/villages in the Pacific Island nation of Kiribati EXCEPT:,Urutora,Rungata | London | Washington,2026-09-10T09:24:05.457227+00:00
Geography,multiple,hard,What is the capital of Suriname?,Paramaribo,Antananarivo | Tegucigalpa | Sucre,2026-09-10T09:24:05.457233+00:00
Geography,multiple,hard,Which is the largest freshwater lake in the world?,Lake Superior ,Caspian Sea | Lake Michigan | Lake Huron,2026-09-10T09:24:11.052063+00:00
Geography,boolean,medium,"The title of the 1969 film ""Krakatoa, East_of Java"" is incorrect, as Krakatoa is in fact west of Java.",True,False,2026-09-10T09:24:11.052086+00:00
Geography,multiple,easy,Which small country is located between the borders of France and Spain?,Andorra,San Marino | Vatican City | Lichtenstein,2026-09-10T09:24:11.052099+00:00
Geography,multiple,hard,Which of these island countries is located in the Caribbean?,Barbados,Fiji | Maldives | Seychelles,2026-09-10T09:24:11.052106+00:00
Geography,multiple,medium,The US state of New York has about as many inhabitants as?,Romania,Poland | Germany | Hungary,2026-09-10T09:24:11.052113+00:00
Geography,multiple,hard,What city is known as the Rose Capital of the World?,"Tyler, Texas","San Diego, California | Miami, Florida | Anaheim, California",2026-09-10T09:24:11.052129+00:00
Geography,multiple,medium,What is the capital city of New Zealand?,Wellington,Auckland | Christchurch | Melbourne,2026-09-10T09:24:11.052135+00:00
Geography,multiple,hard,How many countries border Kyrgyzstan?,4,3 | 1 | 6,2026-09-10T09:24:11.052141+00:00
Geography,multiple,medium,What is the capital of Australia?,Canberra,Sydney | Melbourne | Brisbane,2026-09-10T09:24:11.052152+00:00
Geography,multiple,easy,Which country was NOT part of the Soviet Union?,Romania,Turkmenistan | Belarus | Tajikistan,2026-09-10T09:24:11.052158+00:00
Geography,multiple,hard,The emblem on the flag of the Republic of Tajikistan features a sunrise over mountains below what symbol?,Crown,Bird | Sickle | Tree,2026-09-10T09:24:11.052167+00:00
Geography,multiple,easy,Which US state has the highest population?,California,New York | Texas | Florida,2026-09-10T09:24:11.052175+00:00
Geography,multiple,easy,What is the official language of Costa Rica?,Spanish,English | Portuguese | Creole,2026-09-10T09:24:11.052181+00:00
Geography,multiple,medium,What mountain range lines the border between Spain and France?,Pyrenees,Alps | Carpathians | Urals,2026-09-10T09:24:11.052187+00:00
Geography,multiple,medium,What is the capital of Laos?,Vientiane,Tarawa | Vaduz | Tegucigalpa,2026-09-10T09:24:11.052193+00:00
Geography,multiple,easy,The Space Needle is located in which city?,Seattle,Los Angles | Toronto | Vancouver,2026-09-10T09:24:11.052200+00:00
Geography,multiple,easy,What is the largest country in the world ?,Russian Federation,China | Canada | Brazil,2026-09-10T09:24:11.052208+00:00
Geography,boolean,easy,There are no deserts in Europe.,True,False,2026-09-10T09:24:11.052213+00:00
Geography,multiple,medium,The formerly East-Prussian city of Königsberg is known as which Russian City today?,Kaliningrad,Kazan | Kursk | Krasnodar,2026-09-10T09:24:11.052222+00:00
Geography,multiple,hard,How many islands does Kuwait have?,9,3 | 6 | 2,2026-09-10T09:24:11.052228+00:00
Geography,multiple,easy,What is the name of the ocean that Hawaii is located in?,Pacific,Atlantic | Indian | Arctic,2026-09-10T09:24:11.052235+00:00
Geography,multiple,medium,The White Cliffs of Dover is located in which country? ,United Kingdom,United States | Netherlands | Sweden,2026-09-10T09:24:11.052245+00:00
Geography,boolean,hard,"In the Canadian province of Alberta, the city of Calgary is located further north than the city of Edmonton.",False,True,2026-09-10T09:24:11.052253+00:00
Geography,multiple,medium,Where is the area commonly known as the Bermuda Triangle?,"North Atlantic Ocean, between Florida and Puerto Rico","North Pacific Ocean, between Japan and the USA | In the Caribbean Sea | South Pacific Ocean, far off Chile",2026-09-10T09:24:11.052272+00:00
Geography,multiple,medium,Montreal is in which Canadian province?,Quebec,Ontario | Nova Scotia | Alberta,2026-09-10T09:24:11.052279+00:00
Geography,multiple,medium,Which one of these countries borders with Poland?,Lithuania,France | Norway | Netherlands,2026-09-10T09:24:11.052285+00:00
Geography,multiple,medium,How many countries are larger than Australia?,5,4 | 3 | 6,2026-09-10T09:24:11.052291+00:00
Geography,multiple,hard,In which city is the Big Nickel located in Canada?,"Sudbury, Ontario","Calgary, Alberta | Halifax, Nova Scotia  | Victoria, British Columbia",2026-09-10T09:24:11.052306+00:00
Geography,multiple,easy,What is the capital of the American state of Arizona?,Phoenix,Montgomery | Tallahassee | Raleigh,2026-09-10T09:24:11.052312+00:00
Geography,multiple,hard,The mountainous Khyber Pass connects which of the two following countries?,Afghanistan and Pakistan,India and Nepal | Pakistan and India | Tajikistan and Kyrgyzstan,2026-09-10T09:24:11.052327+00:00
Geography,boolean,easy,Hungary is the only country in the world beginning with H.,False,True,2026-09-10T09:24:11.052333+00:00
Geography,multiple,easy,Which country does Austria not border?,France,Slovenia | Switzerland | Slovakia,2026-09-10T09:24:11.052338+00:00
Geography,multiple,medium,What tiny principality lies between Spain and France?,Andorra,Liechtenstein | Monaco | San Marino,2026-09-10T09:24:11.052346+00:00
Geography,multiple,hard,Ouagadougou is the capital of which African country?,Burkina Faso,Central African Republic | Senegal | Zambia,2026-09-10T09:24:11.052356+00:00
Geography,multiple,easy,Which city is the biggest in Canada?,Toronto,Montreal | Vancouver | Ottawa,2026-09-10T09:24:11.052361+00:00
Geography,multiple,hard,With which country does France share its largest land border,Brazil,Germany | Spain | Canada,2026-09-10T09:24:11.052368+00:00
Geography,multiple,medium,Which islands below have been claimed by both Japan and Russia?,Kuril Islands,Paracel Islands | Chagos Islands | Spratly Islands,2026-09-10T09:24:11.052381+00:00
Geography,multiple,medium,Which of the following cities is the capital of Latvia?,Riga,Minsk | Tallinn | Vilnius,2026-09-10T09:24:11.052387+00:00
Geography,multiple,medium,Broome is a town in which state of Australia?,Western Australia,Northern Territory | South Australia | Tasmania,2026-09-10T09:24:11.052399+00:00
Geography,boolean,medium,"There are no roads in/out of Juneau, Alaska.",True,False,2026-09-10T09:24:11.052404+00:00
Geography,multiple,hard,What is the capital city of Bermuda?,Hamilton,Santo Dominigo | San Juan | Havana,2026-09-10T09:24:11.052413+00:00
Geography,multiple,easy,"Which US state is nicknamed ""The Golden State""?",California,Florida | New Mexico | Alaska,2026-09-10T09:24:11.052421+00:00
Geography,multiple,medium,What is the capital of Lithuania?,Vilnius,Tallinn | Helsinki | Riga,2026-09-10T09:24:11.052427+00:00
Geography,multiple,medium,What was the most populous city in the Americas in 2015?,São Paulo,New York | Mexico City | Los Angeles,2026-09-10T09:24:11.052441+00:00
Geography,multiple,medium,Which of the following is the longest river in Europe?,Volga,Danube | Ural | Dnieper,2026-09-10T09:24:11.052448+00:00
Geography,multiple,medium,Bridgetown is the capital of which island country in the Carribean?,Barbados,Cuba | Jamaica‎ | Dominica,2026-09-10T09:24:11.052458+00:00
Geography,multiple,medium,How many countries share a land border with Luxembourg?,3,4 | 2 | 5,2026-09-10T09:24:11.052464+00:00
Geography,boolean,easy,Toronto is the capital city of the North American country of Canada.,False,True,2026-09-10T09:24:11.052470+00:00
Geography,boolean,hard,The flag of Belarus has a red and white embroidery pattern on the hoist side.,True,False,2026-09-10T09:24:11.052477+00:00
Geography,multiple,hard,Which city is the capital of Michigan?,Lansing,Kalamazoo | Ann Arbor | Detroit,2026-09-10T09:24:11.052484+00:00
Geography,multiple,medium,Which of the following language families is the most controversial amongst modern linguists?,Altaic,Sino-Tibetan | Dravidian | Indo-European,2026-09-10T09:24:16.650832+00:00
Geography,boolean,easy,New Haven is the capital city of the state of Connecticut in the United States.,False,True,2026-09-10T09:24:16.650850+00:00
Geography,boolean,medium,"Route 66 in the United States spans the entire mainland of America, from California to New York.",False,True,2026-09-10T09:24:16.650859+00:00
Geography,multiple,medium,What is the state capital of South Dakota?,Pierre,Sioux Falls | Rapid City | Watertown,2026-09-10T09:24:16.650870+00:00
Geography,multiple,easy,In which country is the city of Rio de Janeiro?,Brazil,Peru | Chile | Venezuela,2026-09-10T09:24:16.650876+00:00
Geography,multiple,medium,Where is the world's oldest still operational space launch facility located?,Kazakhstan,Russia | Iran | United States,2026-09-10T09:24:16.650885+00:00
Geography,multiple,medium,"Which of these American cities has fewer than 1,000,000 people?","San Francisco, California","Phoenix, Arizona | San Antonio, Texas | Philadelphia, Pennsylvania",2026-09-10T09:24:16.650900+00:00
Geography,multiple,medium,What is the capital city of Slovenia?,Ljubljana,Maribor | Velenje | Trbovlje,2026-09-10T09:24:16.650906+00:00
Geography,multiple,easy,What is the capital of Finland?,Helsinki,Jabraltar | Macedonia | Oslo,2026-09-10T09:24:16.650912+00:00
Geography,multiple,medium,What is the largest lake in the African continent?,Lake Victoria,Lake Tanganyika | Lake Malawi | Lake Turkana,2026-09-10T09:24:16.650926+00:00
Geography,multiple,medium,In which English county is the city of Portsmouth?,Hampshire,Oxfordshire | Buckinghamshire | Surrey,2026-09-10T09:24:16.650932+00:00
Geography,boolean,medium,Vietnam is the only country in the world that starts with V. ,False,True,2026-09-10T09:24:16.650938+00:00
Geography,multiple,medium,What is the capital of Brazil?,Brasilia,Rio de Janeiro | Sao Paolo | Curitiba,2026-09-10T09:24:16.650947+00:00
Geography,multiple,easy,Which nation claims ownership of Antarctica?,"No one, but there are claims.",United States of America | United Nations | Australia,2026-09-10T09:24:16.650959+00:00
Geography,multiple,medium,On which continent is the country of Angola located?,Africa,South America | Europe | Asia,2026-09-10T09:24:16.650967+00:00
Geography,multiple,medium,Which of these countries is NOT located in Africa?,Suriname,Burkina Faso | Mozambique | Algeria,2026-09-10T09:24:16.650975+00:00
Geography,multiple,hard,"In 2012 the German-speaking microstate ""Liechtenstein"" in Central Europe had a population of how many inhabitants?","36,600","2,400 | 90,000 | 323,400",2026-09-10T09:24:16.650990+00:00
Geography,multiple,hard,Which is not a country in Africa?,Guyana,Senegal | Liberia | Somalia,2026-09-10T09:24:16.651005+00:00
Geography,multiple,hard,What is the land connecting North America and South America?,Isthmus of Panama,Isthmus of Suez | Urals | Australasia,2026-09-10T09:24:16.651020+00:00
Geography,multiple,easy,Which of these African regions does *not* directly border the Democratic Republic of The Congo?,Sudan,Central African Republic | Tanzania | Zambia,2026-09-10T09:24:16.651031+00:00
Geography,multiple,easy,"Which of these African countries list ""Spanish"" as an official language?",Equatorial Guinea,Guinea | Cameroon | Angola,2026-09-10T09:24:16.651040+00:00
Geography,multiple,hard,Which of these cities is NOT in England?,Edinburgh,Oxford | Manchester | Southampton,2026-09-10T09:24:16.651046+00:00
Geography,boolean,easy,South Africa has more than one capital city,True,False,2026-09-10T09:24:16.651051+00:00
Geography,multiple,medium,Which country claims ownership of the disputed state Kosovo?,Serbia,Croatia | Albania | Macedonia,2026-09-10T09:24:16.651058+00:00
Geography,boolean,easy,The Republic of Malta is the smallest microstate worldwide.,False,True,2026-09-10T09:24:16.651063+00:00
Geography,multiple,hard,What is the largest freshwater lake by volume?,Lake Baikal,Lake Superior | Lake Huron | Lake Michigan,2026-09-10T09:24:16.651075+00:00
Geography,multiple,medium,"Frankenmuth, a US city nicknamed ""Little Bavaria"", is located in what state?",Michigan,Pennsylvania | Kentucky | Virginia,2026-09-10T09:24:16.651087+00:00
Geography,multiple,medium,What is the longest river in Europe?,Volga,Danube | Rhine | Thames,2026-09-10T09:24:16.651093+00:00
Geography,multiple,hard,What is the largest city and commercial capital of Sri Lanka?,Colombo,Moratuwa | Negombo | Kandy,2026-09-10T09:24:16.651099+00:00
Geography,multiple,hard,What is the name of the Canadian national anthem?,O Canada,O Red Maple | Leaf-Spangled Banner | March of the Puck Drop,2026-09-10T09:24:16.651113+00:00
Geography,multiple,hard,"Bir Tawil, an uninhabited track of land claimed by no country, is located along the border of which two countries?",Egypt and Sudan,Israel and Jordan | Chad and Libya | Iraq and Saudi Arabia,2026-09-10T09:24:16.651130+00:00
Geography,boolean,easy,"Until 1939, Laos was called Siam.",False,True,2026-09-10T09:24:16.651134+00:00
Geography,multiple,easy,What is the Capital of the United States?,"Washington, D.C.","Los Angelas, CA | New York City, NY | Houston, TX",2026-09-10T09:24:16.651161+00:00
Geography,boolean,easy,Nova Scotia is on the east coast of Canada.,True,False,2026-09-10T09:24:16.651170+00:00
Geography,multiple,easy,What is the nickname for the US state Delaware?,The First State,The Fiftieth State | The Second State | The Sixteenth State,2026-09-10T09:24:16.651184+00:00
Geography,multiple,medium,Which Oceanian nation is known in Māori as Aotearoa?,New Zealand,Australia | Solomon Islands | New Caledonia,2026-09-10T09:24:16.651197+00:00
Geography,multiple,hard,Which of these countries is NOT a part of the Asian continent?,Suriname,Georgia | Russia | Singapore,2026-09-10T09:24:16.651204+00:00
Geography,boolean,medium,The Southeast Asian island of Borneo is politically divided among 3 countries.,True,False,2026-09-10T09:24:16.651210+00:00
Geography,multiple,hard,"What is the most common climbing route for the second highest mountain in the world, K2?",Abruzzi Spur,Magic Line | Cesen Route | Polish Line,2026-09-10T09:24:16.651225+00:00
Geography,multiple,hard,What is the name of one of the Neo-Aramaic languages spoken by the Jewish population from Northwestern Iraq?,Lishana Deni,Hulaulá | Lishan Didan | Chaldean Neo-Aramaic,2026-09-10T09:24:16.651241+00:00
Geography,multiple,easy,"Which US state is also known as the ""Lone Star State""?",Texas,Alabama | Tennessee | Kentucky,2026-09-10T09:24:16.651247+00:00
Geography,boolean,easy,Ottawa is the capital of Canada.,True,False,2026-09-10T09:24:16.651253+00:00
Geography,multiple,easy,All of the following are classified as Finno-Ugric languages EXCEPT:,Samoyedic,Hungarian | Finnish | Estonian,2026-09-10T09:24:16.651260+00:00
Geography,multiple,medium,What is the right way to spell the capital of Hungary?,Budapest,Boodapest | Bhudapest | Budapast,2026-09-10T09:24:16.651266+00:00
Geography,multiple,medium,"What is the capital of the State of Washington, United States?",Olympia,Washington D.C. | Seattle | Yukon,2026-09-10T09:24:16.651274+00:00
Geography,multiple,hard,What is the capital of Mauritius?,Port Louis,Port Moresby | Port Vila | Port-au-Prince,2026-09-10T09:24:16.651284+00:00
Geography,multiple,medium,What event led to Liechenstein adding a crown to its flag?,The 1936 Olympics,Coronation of Prince Johann I Joseph in 1805 | Charles VI's decree in 1719 | Signing of the 1862 Constitution of Liechtenstein,2026-09-10T09:24:16.651300+00:00
Geography,multiple,easy,What is the largest country in the world?,Russia,Canada | China | United States,2026-09-10T09:24:16.651308+00:00
Geography,multiple,hard,"What national museum will you find in Cooperstown, New York?",National Baseball Hall of Fame,Metropolitan Museum of Art | National Toy Hall of Fame | Museum of Modern Art,2026-09-10T09:24:16.651323+00:00
Geography,multiple,medium," What Texas city is nicknamed ""The Yellow Rose of Texas""?",Amarillo,Corpus Christi | Frisco | Houston,2026-09-10T09:24:16.651332+00:00
Geography,boolean,medium,"There exists an island named ""Java"".",True,False,2026-09-10T09:24:22.245361+00:00
Geography,multiple,hard,Which of these African countries displays a gun on their flag?,Mozambique,Uganda | Ethiopia | Nigeria,2026-09-10T09:24:22.245380+00:00
Geography,multiple,medium,What is the name of the capital of Turkey?,Ankara,Istanbul | Izmir | Bursa,2026-09-10T09:24:22.245388+00:00
Geography,multiple,medium,What city is the Terracotta Army located in?,Xi'an,Beijing | Shanghai | Hong Kong,2026-09-10T09:24:22.245399+00:00
Geography,multiple,medium,Which of the following is NOT a capital city?,Sydney,Cairo | Moscow | Beijing,2026-09-10T09:24:22.245405+00:00
Geography,multiple,medium,Which stretch of water connects the Atlantic Ocean to the Mediterranean Sea?,Strait of Gibraltar,Gibraltar Way | Spanish Straits | Channelle de Tangiers,2026-09-10T09:24:22.245420+00:00
Geography,multiple,medium,Which of these countries is the smallest by population?,Norway,Slovakia | Finland | Hong Kong,2026-09-10T09:24:22.245429+00:00
Geography,multiple,medium,What is the capital of Peru?,Lima,Santiago | Montevideo | Buenos Aires,2026-09-10T09:24:22.245437+00:00
Geography,multiple,easy,What state is the largest state of the United States of America?,Alaska,California | Texas | Washington,2026-09-10T09:24:22.245444+00:00
Geography,multiple,hard,Which of these countries is NOT the only country to start with that letter of the alphabet?,Zambia,Qatar | Yemen | Oman,2026-09-10T09:24:22.245452+00:00
Geography,multiple,medium,Which state of the United States is the smallest?,Rhode Island ,Maine | Vermont | Massachusetts,2026-09-10T09:24:22.245460+00:00
Geography,multiple,medium,Which of these country's capitals starts with the letter B?,Lebanon,Jordan | Kuwait | Qatar,2026-09-10T09:24:22.245467+00:00
Geography,boolean,easy,California is larger than Japan.,True,False,2026-09-10T09:24:22.245472+00:00
Geography,multiple,hard,Which of these cities has a 4° East longitude. ,Amsterdam,Rio de Janero | Toronto | Hong Kong,2026-09-10T09:24:22.245483+00:00
Geography,multiple,easy,What country is the second largest in the world by area?,Canada,Russia | China | United States of America,2026-09-10T09:24:22.245492+00:00
Geography,multiple,medium,How many rivers are in Saudi Arabia?,0,1 | 2 | 3,2026-09-10T09:24:22.245498+00:00
Geography,multiple,medium,What is the capital of Slovakia?,Bratislava,Sofia | Ljubljana | Sarajevo,2026-09-10T09:24:22.245504+00:00
Geography,multiple,medium,Bikini Atoll is in which country?,Marshall Islands,Fiji | Christmas Islands | Bahamas,2026-09-10T09:24:22.245513+00:00
Geography,multiple,hard,"What is the Finnish word for ""Finland""?",Suomi,Eesti | Magyarország | Sverige,2026-09-10T09:24:22.245522+00:00
Geography,boolean,easy,St. Louis is the capital of the US State Missouri.,False,True,2026-09-10T09:24:22.245528+00:00
Geography,multiple,easy,Greenland is a part of which kingdom?,Denmark,Sweden | Norway | United Kingdom,2026-09-10T09:24:22.245535+00:00
Geography,multiple,easy,Which of the following Arab countries does NOT have a flag containing only Pan-Arab colours?,Qatar,Kuwait | United Arab Emirates | Jordan,2026-09-10T09:24:22.245545+00:00
Geography,multiple,medium,Which is the largest of these 4 islands?,Borneo,Great Britain | Cuba | Madagascar,2026-09-10T09:24:22.245552+00:00
Geography,multiple,medium,Which two modern-day countries used to be known as the region of Rhodesia between the 1890s and 1980?,Zambia & Zimbabwe,Togo & Benin | Lesotho & Swaziland | Rwanda & Burundi,2026-09-10T09:24:22.245572+00:00
Geography,multiple,medium,Which one of these archipelagos are NOT a part of the United Kingdom?,The Channel Islands ,Orkney Islands | Isles of Scilly | Shetland Islands ,2026-09-10T09:24:22.245586+00:00
Geography,multiple,easy,Which of the following countries has a flag featuring a yellow lion wielding a sword on a dark red background?,Sri Lanka,Kiribati | Scotland | Bhutan,2026-09-10T09:24:22.245597+00:00
Geography,boolean,medium,Liechtenstein does not have an airport.,True,False,2026-09-10T09:24:22.245602+00:00
Geography,multiple,easy,Which US state is furthest north east?,Maine,New York | Georgia | Florida,2026-09-10T09:24:22.245610+00:00
Geography,multiple,medium,"The towns of Brugelette, Arlon and Ath are located in which country?",Belgium,Andorra | France | Luxembourg,2026-09-10T09:24:22.245617+00:00
Geography,multiple,hard,What is the world's smallest country by population?,Vatican City,Nauru | Marshall Islands | Lichtenstein,2026-09-10T09:24:22.245627+00:00
Geography,boolean,hard,There is 47 prefectures in Japan.,True,False,2026-09-10T09:24:22.245631+00:00
Geography,multiple,easy,What is Laos?,Country,Region | River | City,2026-09-10T09:24:22.245636+00:00
Geography,multiple,easy,Which of these places is a location in Cornwall?,Barcelona,Madrid | Alicante | Lisbon,2026-09-10T09:24:22.245643+00:00
Geography,multiple,medium,What's the first National Park designated in the United States?,Yellowstone,Sequoia  | Yosemite | Rocky Mountain,2026-09-10T09:24:22.245652+00:00
Geography,multiple,medium,Kuala Lumpur is the capital of which country?,Malaysia,Indonesia | Singapore | Thailand,2026-09-10T09:24:22.245658+00:00
Geography,boolean,medium,Japan has left-hand side traffic.,True,False,2026-09-10T09:24:22.245663+00:00
Geography,multiple,easy,About how many countries are there in the world?,200,100 | 300 | 500,2026-09-10T09:24:22.245673+00:00
Geography,multiple,medium,How many provinces are in the Netherlands?,12,14 | 10 | 13,2026-09-10T09:24:22.245679+00:00
Geography,multiple,medium,What is the capital of Senegal?,Dakar,Nouakchott | Conakry | Monrovia,2026-09-10T09:24:22.245684+00:00
Geography,boolean,easy,A group of islands is called an 'archipelago'.,True,False,2026-09-10T09:24:22.245690+00:00
Geography,multiple,easy,In which Indian city can the Taj Mahal be found?,Agra,Mumbai | Faridabad | Thane,2026-09-10T09:24:22.245696+00:00
Geography,multiple,easy,Which of the following former Yugoslavian states is landlocked?,Serbia,Bosnia and Herzegovina | Montenegro | Croatia,2026-09-10T09:24:22.245704+00:00
Geography,multiple,hard,"What is the name of the formerly rich fishing grounds off the island of Newfoundland, Canada?",Grand Banks,Great Barrier Reef | Mariana Trench | Hudson Bay,2026-09-10T09:24:22.245719+00:00
Geography,multiple,easy,Which continent is considered the largest and most populous continent in the world?,Asia,Africa | Europe | North America,2026-09-10T09:24:22.245728+00:00
Geography,multiple,medium,Which English county will you find the University of East Anglia?,Norfolk,Suffolk | Essex | Cambridgeshire,2026-09-10T09:24:22.245734+00:00
Geography,multiple,medium,"Which country inside the United Kingdom does NOT appear on its flag, the Union Jack?",Wales,Scotland | Ireland | Isle of Wight,2026-09-10T09:24:22.245744+00:00
Geography,multiple,easy,Which ocean borders the west coast of the United States?,Pacific,Atlantic | Indian | Arctic,2026-09-10T09:24:22.245750+00:00
Geography,multiple,medium,Which of the following countries is within the Eurozone but outside of the Schengen Area?,Cyprus,Malta | Greece | Portugal,2026-09-10T09:24:22.245757+00:00
Geography,multiple,hard,Which country is the Taedong River in?,North Korea,South Korea | Japan | China,2026-09-10T09:24:22.245766+00:00
Geography,boolean,medium,Israel is 7 hours ahead of New York.,True,False,2026-09-10T09:24:22.245771+00:00
Geography,boolean,hard,"Switzerland has four national languages, English being one of them.",False,True,2026-09-10T09:24:27.850790+00:00
Geography,multiple,easy,How many US states start with the letter K?,Two,One | None | Three,2026-09-10T09:24:27.850808+00:00
Geography,multiple,medium,Which of these countries is not written in its native language?,Slovaško,Suomi | Schweiz | Elláda,2026-09-10T09:24:27.850823+00:00
Geography,multiple,medium,How tall is One World Trade Center in New York City?,"1,776 ft","1,888 ft | 1,225 ft | 1,960 ft",2026-09-10T09:24:27.850838+00:00
Geography,multiple,easy,What is Canada's smallest province?,Prince Edward Island,New Brunswick | Nova Scotia | Yukon,2026-09-10T09:24:27.850850+00:00
Geography,multiple,easy,"Vatican City, the smallest country in the world, is fully enclosed by which country?",Italy,France | Spain | Germany,2026-09-10T09:24:27.850857+00:00
Geography,multiple,hard,The Hunua Ranges is located in...,New Zealand,Nepal | China | Mexico,2026-09-10T09:24:27.850864+00:00
Geography,multiple,medium,How many time zones are in Russia?,11,8 | 5 | 2,2026-09-10T09:24:27.850871+00:00
Geography,multiple,medium,What is the capital of Belarus?,Minsk,Warsaw | Kiev | Vilnius,2026-09-10T09:24:27.850877+00:00
Geography,multiple,easy,Harvard University is located in which city?,Cambridge,Providence | New York | Washington D.C.,2026-09-10T09:24:27.850886+00:00
Geography,boolean,medium,Tasmania is an island state of Australia.,True,False,2026-09-10T09:24:27.850891+00:00
Geography,multiple,medium,Which of these is NOT a city in Saudi Arabia?,Dubai,Riyadh | Mecca | Medina,2026-09-10T09:24:27.850898+00:00
Geography,multiple,medium,Which of these Japanese islands is the largest by area?,Shikoku,Iki | Odaiba | Okinawa,2026-09-10T09:24:27.850904+00:00
Geography,multiple,medium,What continent is the country Lesotho in?,Africa,Asia | South America | Europe,2026-09-10T09:24:27.850912+00:00
Geography,multiple,medium,What African country has Portuguese as its official language?,Mozambique,Botswana | Gabon | Togo,2026-09-10T09:24:27.850919+00:00
Geography,boolean,medium,The capital of Brazil is Rio de Janeiro.,False,True,2026-09-10T09:24:27.850924+00:00
Geography,multiple,hard,What year is on the flag of the US state Wisconsin?,1848,1634 | 1783 | 1901,2026-09-10T09:24:27.850930+00:00
Geography,multiple,easy,How many countries does Mexico border?,3,2 | 4 | 1,2026-09-10T09:24:27.850937+00:00
Geography,multiple,medium,What is the capital of Ecuador?,Quito,Bogota | Santiago | Santa Fé,2026-09-10T09:24:27.850945+00:00
Geography,multiple,medium,Which of these countries is not a United Nations member state?,Niue,Tuvalu | South Sudan | Montenegro,2026-09-10T09:24:27.850953+00:00
Geography,multiple,hard,What is Canada's largest island?,Baffin Island,Prince Edward Island | Vancouver Island | Newfoundland,2026-09-10T09:24:27.850964+00:00
Geography,multiple,easy,The Alps are a mountain range on which continent?,Europe,North America | Asia | Africa,2026-09-10T09:24:27.850972+00:00
Geography,multiple,medium,In which English county is Stonehenge?,Wiltshire,Somerset | Cumbria | Herefordshire,2026-09-10T09:24:27.850977+00:00
Geography,multiple,easy,What is the capital of Romania?,Bucharest,Bratislava | Belgrade | Budapest,2026-09-10T09:24:27.850983+00:00
Geography,multiple,easy,"If soccer is called football in England, what is American football called in England?",American football,Combball | Handball | Touchdown,2026-09-10T09:24:27.850993+00:00
Geography,multiple,hard,Which of these is NOT a real tectonic plate?,Atlantic Plate,North American Plate | Eurasian Plate | Nazca Plate,2026-09-10T09:24:27.851006+00:00
Geography,multiple,medium,Which of the following is not a megadiverse country - one that harbors a high number of the earth's endemic species?,Thailand,Peru | Mexico | South Africa,2026-09-10T09:24:27.851017+00:00
Geography,multiple,medium,The Japanese district Akihabara is also known by what nickname?,Electric Town,Moon Walk River | Otaku Central  | Big Eyes,2026-09-10T09:24:27.851030+00:00
Geography,multiple,medium,What is the capital of Seychelles?,Victoria,Luanda | N'Djamena | Tripoli,2026-09-10T09:24:27.851037+00:00
Geography,multiple,medium,What is the smallest country in South America by area?,Suriname,Brazil | Uruguay | Chile,2026-09-10T09:24:27.851043+00:00
Geography,multiple,medium,What island in the Canary Islands was the scene of one of the worst air disasters in history with the collision of two jumbo jets?,Tenerife,Fuerteventura | Gran Canaria | Maui,2026-09-10T09:24:27.851055+00:00
Geography,multiple,medium,"Colchester Overpass, otherwise known as ""Bunny Man Bridge"", is located where?","Fairfax County, Virginia","Medford, Oregon | Braxton County, Virgina | Lemon Grove, California",2026-09-10T09:24:27.851071+00:00
Geography,multiple,medium,"In the 2016 Global Peace Index poll, out of 163 countries, what was the United States of America ranked?",103,10 | 59 | 79,2026-09-10T09:24:27.851079+00:00
Geography,multiple,medium,What is the largest Muslim country in the world?,Indonesia,Pakistan | Saudi Arabia | Iran,2026-09-10T09:24:27.851087+00:00
Geography,multiple,easy,The country of Belize borders which country?,Guatemala,Laos | Perú | Kenya,2026-09-10T09:24:27.851094+00:00
Geography,multiple,easy,Which country features a maple leaf on its flag?,Canada,Mexico | Brazil | India,2026-09-10T09:24:27.851107+00:00
Geography,boolean,easy,Tokyo is the capital of Japan.,True,False,2026-09-10T09:24:27.851115+00:00
Geography,boolean,medium,Russia shares a land border with North Korea.,True,False,2026-09-10T09:24:27.851122+00:00
Geography,multiple,medium,Which of the following countries banned the use of personal genetic ancestry tests?,Germany,Austria | Canada | Sweden,2026-09-10T09:24:27.851129+00:00
Geography,multiple,easy,What is the name of the peninsula containing Spain and Portugal?,Iberian Peninsula,European Peninsula | Peloponnesian Peninsula | Scandinavian Peninsula,2026-09-10T09:24:27.851142+00:00
Geography,multiple,hard,Into which basin does the Jordan River flow into?,Dead Sea,Aral Sea | Caspian Sea | Salton Sea,2026-09-10T09:24:27.851154+00:00
Geography,multiple,medium,The following Spanish provinces are located in the northern area of Spain except:,Murcia,Asturias | Navarre | León,2026-09-10T09:24:27.851164+00:00
Geography,boolean,medium,Australia is greater than Greenland in size.,True,False,2026-09-10T09:24:27.851169+00:00
Geography,boolean,easy,Miami is Florida's largest city.,False,True,2026-09-10T09:24:27.851173+00:00
Geography,multiple,easy,What is the capital of Bangladesh?,Dhaka,Khulna | London | Lahore,2026-09-10T09:24:27.851178+00:00
Geography,multiple,medium,All of the following countries have official claims to territory in Antartica EXCEPT:,United States,Australia | Chile | Norway,2026-09-10T09:24:27.851187+00:00
Geography,multiple,medium,Which of the following countries is an island?,Cyprus,Azerbaijan | El Salvador | Djibouti,2026-09-10T09:24:27.851195+00:00
Geography,multiple,easy,What is the capital of Scotland?,Edinburgh,Glasgow | Dundee | London,2026-09-10T09:24:27.851200+00:00
Geography,multiple,easy,What is the official language in Liechtenstein?,German,French | English | Italian,2026-09-10T09:24:27.851205+00:00
Geography,multiple,medium,How many states are in Australia?,6,7 | 8 | 5,2026-09-10T09:24:27.851212+00:00
History,multiple,hard,"What did the abbreviation ""RMS"" stand for in the RMS Titanic in 1912?",Royal Mail Ship,Royal Majesty Service | Regular Maritime Schedule  | Regulated Maelstrom Sensor,2026-09-10T09:24:39.206817+00:00
History,multiple,medium,"When Christopher Columbus sailed to America, what was the first region he arrived in?",The Bahamas Archipelago,Florida | Isthmus of Panama | Nicaragua,2026-09-10T09:24:39.206841+00:00
History,multiple,medium,Which Roman Emperor led the Roman Empire to reach its maximum territorial extent?,Trajan,Julius Caesar | Claudius | Constantine the Great,2026-09-10T09:24:39.206853+00:00
History,multiple,medium,The Little Entente was an alliance formed against which nation?,Hungary,Germany | France | Prussia,2026-09-10T09:24:39.206860+00:00
History,multiple,medium,In which one of these cities did the Great Stink of 1858 occur?,London,Berlin | New York | Moscow,2026-09-10T09:24:39.206870+00:00
History,multiple,medium,Which of the following snipers has the highest amount of confirmed kills?,Simo Häyhä,Chris Kyle | Vasily Zaytsev | Craig Harrison,2026-09-10T09:24:39.206904+00:00
History,boolean,medium,"In 1967, a magazine published a story about extracting hallucinogenic chemicals from bananas to raise moral questions about banning drugs.",True,False,2026-09-10T09:24:39.206916+00:00
History,multiple,easy,"In what year did the Great Northern War, between Russia and Sweden, end?",1721,1726 | 1727 | 1724,2026-09-10T09:24:39.206925+00:00
History,boolean,hard,The fourth funnel of the RMS Titanic was fake designed to make the ship look more powerful and symmetrical.,True,False,2026-09-10T09:24:39.206933+00:00
History,multiple,hard,The first Legoland park was opened in 1968 in which of these cities?,"Billund, Denmark","Carlsbad, California | Winter Haven, Florida | Nagoya, Japan",2026-09-10T09:24:39.206949+00:00
History,multiple,medium,Who was the first president born in the independent United States?,Martin Van Buren,John Adams | George Washington | James Monroe ,2026-09-10T09:24:39.206964+00:00
History,multiple,medium,What is the name of the US Navy spy ship which was attacked and captured by North Korean forces in 1968?,USS Pueblo,USS North Carolina | USS Constitution | USS Indianapolis,2026-09-10T09:24:39.206980+00:00
History,multiple,easy,In what year did the nuclear power plant in Chernobyl melt down?,1986,1991 | 1975 | 1998,2026-09-10T09:24:39.206987+00:00
History,multiple,easy,The original Roman alphabet lacked the following letters EXCEPT:,X,W | U | J,2026-09-10T09:24:39.206995+00:00
History,multiple,hard,Which one of these rulers did not belong to the Habsburg dynasty?,Philip V,Charles V | Philip II | Francis Joseph,2026-09-10T09:24:39.207009+00:00
History,boolean,medium,Brezhnev was the 5th leader of the USSR.,True,False,2026-09-10T09:24:39.207014+00:00
History,multiple,medium,The fraudelent doctor John R. Brinkley acummulated great fame and wealth in the early 1900s offering what service?,Goat testicles transplant,Pig blood transfusion | Cow liver transplant | Turkey breast implants,2026-09-10T09:24:39.207030+00:00
History,multiple,medium,"The Tsar Bomba, the most powerful nuclear bomb ever tested, had a yield of 50 megatons but theoretically had a maximum yield of how much?",100 Megatons,200 Megatons | 75 Megatons | 150 Megatons,2026-09-10T09:24:39.207047+00:00
History,multiple,medium,When was Napoleon Bonaparte crowned emperor of the French? , December 2nd 1804, July 3rd 1802 |  March 8th 1803 |  October 15th 1804,2026-09-10T09:24:39.207062+00:00
History,multiple,medium,Which Louis was known as 'The Sun King of France'?,Louis XIV,Louis XIII | Louis XV | Louis XVI,2026-09-10T09:24:39.207075+00:00
History,multiple,medium,Which of the following Soviet revolutionaries was exiled from the USSR and later assassinated in 1940 for criticizing Stalinism?,Leon Trotsky,Lev Kamenev | Mikhail Kalinin | Vladimir Lenin,2026-09-10T09:24:39.207091+00:00
History,multiple,medium,When did Vesuvius destroy the city of Pompeii? ,79 AD,62 AD | 31 BC | 54 BC,2026-09-10T09:24:39.207103+00:00
History,multiple,hard,When did the French Revolution begin?,1789,1823 | 1756 | 1799,2026-09-10T09:24:39.207109+00:00
History,multiple,easy,"The RMS Titanic sunk during her maiden voyage from Southampton, England to which American city?",New York City,Boston  | Philadelphia | Washington,2026-09-10T09:24:39.207121+00:00
History,multiple,medium,Who was the first emperor of Rome?,Augustus ,Julius Caesar | Pompey Magnus | Claudius,2026-09-10T09:24:39.207131+00:00
History,multiple,medium,In what year did Kentucky become the 15th state to join the union?,1792,1782 | 1798 | 1788,2026-09-10T09:24:39.207139+00:00
History,multiple,easy,On what street did the 1666 Great Fire of London start?,Pudding Lane,Baker Street | Houses of Parliament | St Paul's Cathedral,2026-09-10T09:24:39.207153+00:00
History,multiple,medium,"In World War I, what was the name of the alliance of Germany, Austria-Hungary, the Ottoman Empire, and Bulgaria?",The Central Powers,The Axis Powers | The Federation of Empires | Authoritarian Alliance,2026-09-10T09:24:39.207170+00:00
History,multiple,medium,Joseph Stalin had a criminal past doing what?,Robbing Trains,Murder for Hire | Tax Evasion | Identity Fraud,2026-09-10T09:24:39.207183+00:00
History,multiple,medium,What nationality was sultan Saladin?,Kurdish,Arab | Egyptian | Syrian,2026-09-10T09:24:39.207188+00:00
History,multiple,easy,How many Sister Ships were related to the TItanic?,2,4 | 3 | 1,2026-09-10T09:24:39.207195+00:00
History,multiple,medium," What Russian automatic gas-operated assault rifle was developed in the Soviet Union in 1947, and is still popularly used today?",AK-47,RPK | M16 | MG 42,2026-09-10T09:24:39.207206+00:00
History,multiple,medium,Who was a military strategist in the Eastern Zhou period?,Sun Tzu,Lu Bu | Genghis Khan | Vlad The Impaler,2026-09-10T09:24:39.207228+00:00
History,multiple,medium,What was the capital of South Vietnam before the Vietnam War?,Saigon,Ho Chi Minh City | Hanoi | Hue,2026-09-10T09:24:39.207237+00:00
History,multiple,hard,Which country were potatoes originally grown?,Peru,United States  | Ireland | New Zealand,2026-09-10T09:24:39.207246+00:00
History,boolean,medium,"Sargon II, a king of the Neo-Assyrian Empire, was a direct descendant of Sargon of Akkad.",False,True,2026-09-10T09:24:39.207253+00:00
History,multiple,easy,"Which famous military commander marched an army, which included war elephants, over the Alps during the Second Punic War?",Hannibal,Garmanicus | Alexander the Great | Tiberius,2026-09-10T09:24:39.207264+00:00
History,multiple,easy,"The ""Trail of Tears"" was a result of which United States President's Indian Removal Policy?",Andrew Jackson,Harry S. Truman | Martin Van Buren | John Quincy Adams,2026-09-10T09:24:39.207279+00:00
History,boolean,medium,"In World War II, Hawker Typhoons served in the Pacific theater.",False,True,2026-09-10T09:24:39.207285+00:00
History,multiple,hard,The pantheon in Rome was used to worship what god?,Any god they wanted,Athena | Zeus | Both Athena and Zeus,2026-09-10T09:24:39.207295+00:00
History,multiple,medium,When did Jamaica receive its independence from England? ,1962,1492 | 1963 | 1987,2026-09-10T09:24:39.207301+00:00
History,multiple,hard,"During the Wars of the Roses (1455 - 1487) which Englishman was dubbed ""the Kingmaker""?",Richard Neville,Richard III | Henry V | Thomas Warwick,2026-09-10T09:24:39.207316+00:00
History,multiple,medium,In which year was Constantinople conquered by the Turks?,1453,1435 | 1454 | 1440,2026-09-10T09:24:39.207322+00:00
History,multiple,easy,How was Socrates executed?,Poison,Decapitation | Firing squad | Crucifixion ,2026-09-10T09:24:39.207331+00:00
History,boolean,hard,The Kingdom of Prussia briefly held land in Estonia.,False,True,2026-09-10T09:24:39.207336+00:00
History,multiple,medium,Which dictator killed the most people?,Mao Zedong,Joseph Stalin | Adolf Hitler | Kim Il Sung,2026-09-10T09:24:39.207348+00:00
History,multiple,easy,Who succeded Josef Stalin as the leader of the Soviet Union?,Nikita Krushchev,Lavrentiy Beria | Vyacheslav Molotov | Georgy Malenkov,2026-09-10T09:24:39.207361+00:00
History,multiple,hard,In which year did the Tokyo Subway Sarin Attack occur?,1995,2001 | 2011 | 1991,2026-09-10T09:24:39.207367+00:00
History,boolean,hard,"The Battle of Trafalgar took place on October 23rd, 1805",False,True,2026-09-10T09:24:39.207373+00:00
History,multiple,medium,On which day did the attempted coup d'etat of 1991 in the Soviet Union begin?,August 19,August 21 | December 26 | December 24,2026-09-10T09:24:39.207387+00:00
History,multiple,easy,"Which famous world leader is famed for the saying, ""Let them eat cake"", yet is rumored that he/she never said it at all?",Marie Antoinette,Czar Nicholas II | Elizabeth I | Henry VIII,2026-09-10T09:24:44.800824+00:00
History,multiple,hard,Who was the first man to travel into outer space twice?,Gus Grissom,Vladimir Komarov | Charles Conrad | Yuri Gagarin,2026-09-10T09:24:44.800847+00:00
History,multiple,medium,What year did Australia become a federation?,1901,1910 | 1899 | 1911,2026-09-10T09:24:44.800855+00:00
History,multiple,hard,How long did the Warsaw Uprising during World War II last?,63 Days,20 Days | 55 Days | 224 Days,2026-09-10T09:24:44.800869+00:00
History,boolean,medium,Augustus was the cousin of Julius Caesar. ,False,True,2026-09-10T09:24:44.800874+00:00
History,multiple,easy,Who was the first ruler of Haiti after the country had gained its independence?,Jean-Jacques Dessalines,Toussaint Louverture | Henri Christophe | Alexandre Petion,2026-09-10T09:24:44.800889+00:00
History,multiple,medium,Who crowned Charlemagne as Holy Roman Emperor on Christmas Day in 800?,Pope Leo III,Pope Urban IV | Pope Stephen V | Pope Valentine,2026-09-10T09:24:44.800903+00:00
History,multiple,easy,Which of the following was Brazil was a former colony under?,Portugal,Spain | The Netherlands | France,2026-09-10T09:24:44.800911+00:00
History,multiple,easy,What was the name commonly given to the ancient trade routes that connected the East and West of Eurasia?,Silk Road,Spice Road | Clay Road | Salt Road,2026-09-10T09:24:44.800926+00:00
History,multiple,medium,"According to scholarly estimates, what percentage of the world population at the time died due to Tamerlane's conquests?",5%,1% | 3% | <1%,2026-09-10T09:24:44.800943+00:00
History,multiple,hard,When was the SS or Schutzstaffel established?,"April 4th, 1925","September 1st, 1941 | March 8th, 1935 | February 21st, 1926",2026-09-10T09:24:44.800957+00:00
History,multiple,easy,In which year did the Invasion of Kuwait by Iraq occur?,1990,1992 | 1988 | 1986,2026-09-10T09:24:44.800979+00:00
History,multiple,medium,"As poverty and racial tensions pushed African-Americans out of the southern US, many of them moved north in an event known as what?",The Great Migration,The Great Awakening | The Harlem Renaissance | The Resettlement,2026-09-10T09:24:44.801004+00:00
History,boolean,easy,Adolf Hitler was tried at the Nuremberg trials.,False,True,2026-09-10T09:24:44.801011+00:00
History,multiple,medium,Under which name was Rodrigo Borgia made Pope?,Alexander VI,Rodrigo I | John Paul II | Pius VII,2026-09-10T09:24:44.801024+00:00
History,boolean,medium,United States President Ronald Reagan was the first president to appoint a woman to the Supreme Court. ,True,False,2026-09-10T09:24:44.801032+00:00
History,multiple,medium,The Battle of the Somme in World War I took place in which country?,France,Germany | Italy | Austria,2026-09-10T09:24:44.801039+00:00
History,multiple,medium,What was the name of the chemical that was dropped on Vietnam during the Vietnam war?,Agent Orange,Phosgene | Mustard Gas | Hydrogen Cyanide,2026-09-10T09:24:44.801052+00:00
History,multiple,easy,King Henry VIII was the second monarch of which European royal house?,Tudor,York | Stuart | Lancaster,2026-09-10T09:24:44.801059+00:00
History,multiple,medium,What disease crippled President Franklin D. Roosevelt and led him to help the nation find a cure? ,Polio,Cancer | Meningitis | HIV,2026-09-10T09:24:44.801067+00:00
History,multiple,medium,Which U.S. President was famously 'attacked' by a swimming rabbit?,Jimmy Carter,Ronald Reagan | Lydon B. Johnson | Gerald Ford,2026-09-10T09:24:44.801245+00:00
History,multiple,hard,The ontological argument for the proof of God's existence is first attributed to whom?,Anselm of Canterbury,René Descartes | Immanuel Kant | Aristotle,2026-09-10T09:24:44.801262+00:00
History,boolean,medium,Ottoman Empire was created in 1299.,True,False,2026-09-10T09:24:44.801267+00:00
History,multiple,easy,What is the historical name of Sri Lanka?,Ceylon,Myanmar | Colombo | Badulla,2026-09-10T09:24:44.801273+00:00
History,multiple,easy,What was Manfred von Richthofen's nickname?,The Red Baron,The High Flying Ace | The Blue Serpent  | The Germany Gunner,2026-09-10T09:24:44.801287+00:00
History,multiple,medium,Which king was killed at the Battle of Bosworth Field in 1485? ,Richard III,Edward V | Henry VII | James I,2026-09-10T09:24:44.801300+00:00
History,multiple,hard,The term Luddite originally applied to disgruntled workers in which industry?,Textile,Farming | Mining | Ceramics,2026-09-10T09:24:44.801307+00:00
History,multiple,hard,Which U.S. president was said to have been too honest to lie to his father about chopping down a cherry tree?,George Washington,Abraham Lincoln | Thomas Jefferson | James Monroe,2026-09-10T09:24:44.801323+00:00
History,multiple,medium,Who assassinated Archduke Franz Ferdinand?,Gavrilo Princip,Nedeljko Čabrinović | Oskar Potiorek | Ferdinand Cohen-Blind,2026-09-10T09:24:44.801337+00:00
History,multiple,hard,When did Spanish Peninsular War start?,1808,1806 | 1810 | 1809,2026-09-10T09:24:44.801342+00:00
History,boolean,medium,Franz Joseph I was the last emperor of Austria.,False,True,2026-09-10T09:24:44.801348+00:00
History,multiple,medium,The Spitfire L.F. Mk IX had what engine?,Merlin 66,Griffon 65 | Merlin 50 | Merlin X,2026-09-10T09:24:44.801360+00:00
History,boolean,hard,Joseph Stalin's real name was Ioseb Bessarionis dze Dzugashvili.,True,False,2026-09-10T09:24:44.801366+00:00
History,multiple,hard,"During the Roman Triumvirate of 42 BCE, what region of the Roman Republic was given to Lepidus?",Hispania ,Italia | Gallia | Asia,2026-09-10T09:24:44.801376+00:00
History,multiple,medium,"Which building was set aflame on August 24th, 1812?",The White House,Parliament Building | Grand National Assembly Building | Palace of the Nation,2026-09-10T09:24:44.801390+00:00
History,multiple,medium,What is the mnemonic device for remembering the fates of the wives of Henry VIII?,"Divorced, Beheaded, Died, Divorced, Beheaded, Survived","Beheaded, Died, Divorced, Divorced, Beheaded, Survived | Died, Beheaded, Divorced, Beheaded, Survived, Divorced | Survived, Beheaded, Died, Divorced, Divorced, Beheaded",2026-09-10T09:24:44.801411+00:00
History,multiple,medium,Who was Hannibal?,Carthaginian general,British serial killer | French explorer | Greek philosopher,2026-09-10T09:24:44.801423+00:00
History,multiple,hard,Toussaint Louverture led a successful slave revolt in which country?,Haiti,France | Cuba | United States,2026-09-10T09:24:44.801431+00:00
History,multiple,medium,What were the first states to break away from Yugoslavia?,"Slovenia, Croatia","Macedonia, Montenegro | Slovenia, Macedonia | Montenegro, Slovenia",2026-09-10T09:24:44.801444+00:00
History,multiple,easy,Which of the following African countries was most successful in resisting colonization?,Ethiopia,Côte d’Ivoire | Congo | Namibia,2026-09-10T09:24:44.801456+00:00
History,multiple,easy,Which country was Josef Stalin born in?,Georgia,Russia | Germany | Poland,2026-09-10T09:24:44.801461+00:00
History,multiple,hard,Who was the President of the United States during the signing of the Gadsden Purchase?,Franklin Pierce,Andrew Johnson | Abraham Lincoln | James Polk,2026-09-10T09:24:44.801475+00:00
History,multiple,easy,Which modern day country is the region that was known as Phrygia in ancient times?,Turkey,Syria | Greece | Egypt,2026-09-10T09:24:44.801483+00:00
History,multiple,medium,Who was the Prime Minister of the United Kingdom for most of World War II?,Winston Churchill,Neville Chamberlain | Harold Macmillan | Edward Heath,2026-09-10T09:24:44.801497+00:00
History,boolean,medium,The Hundred Years' War was fought for more than a hundred years.,True,False,2026-09-10T09:24:44.801503+00:00
History,multiple,easy,Who was the Prime Minister of Japan when Japan declared war on the US?,Hideki Tojo,Michinomiya Hirohito | Isoroku Yamamoto | Fumimaro Konoe,2026-09-10T09:24:44.801517+00:00
History,multiple,medium,What was Genghis Khan's real name?,Temüjin,Möngke | Ögedei | Temür,2026-09-10T09:24:44.801531+00:00
History,boolean,medium,The Korean War ended in 1953 without any ceasefire.,False,True,2026-09-10T09:24:44.801537+00:00
History,multiple,hard,"When was the city of Rome, Italy founded?",753 BCE,902 BCE | 524 BCE | 697 BCE,2026-09-10T09:24:44.801550+00:00
History,multiple,hard,"The coat of arms of the King of Spain contains the arms from the monarchs of Castille, Leon, Aragon and which other former Iberian kingdom?",Navarre,Galicia | Granada | Catalonia,2026-09-10T09:24:44.801565+00:00
History,multiple,hard,What was found in 1946 by two young shepards near a cave?,Dead Sea Scrolls,The Blackbeard Chest | Sheep | The First Oaxaca Cave Sleeper,2026-09-10T09:24:50.406573+00:00
History,boolean,easy,The Tiananmen Square protests of 1989 were held in Hong Kong.,False,True,2026-09-10T09:24:50.406588+00:00
History,multiple,easy,In which country was the Statue of Liberty built and exported to the United States of America?,France,Germany | Spain | England,2026-09-10T09:24:50.406598+00:00
History,multiple,easy,What year did World War I begin?,1914,1905 | 1919 | 1925,2026-09-10T09:24:50.406604+00:00
History,multiple,medium,The crown of the Empire State Building was originally built for what purpose?,Airship Dock,Lightning Rod | Antennae | Flag Pole,2026-09-10T09:24:50.406616+00:00
History,multiple,medium,The seed drill was invented by which British inventor?,Jethro Tull,Charles Babbage | Isaac Newton | J.J Thomson,2026-09-10T09:24:50.406629+00:00
History,multiple,medium,What was the unofficial name for Germany between 1919 and 1933?,Weimar Republic,German Democratic Republic | Federal Republic of Germany | Oesterreich ,2026-09-10T09:24:50.406644+00:00
History,multiple,hard,"In the Seven Wonders of the World, which wonder is the only that has survived to this day?",Great Pyramid of Giza,Colossus of Rhodes | Lighthouse of Alexandria | Statue of Zeus at Olympia,2026-09-10T09:24:50.406661+00:00
History,multiple,easy,Who was the first president of Kenya?,Jomo Kenyatta,Daniel Moi | Tom Mboya | Oginga Odinga,2026-09-10T09:24:50.406674+00:00
History,multiple,medium,What year did the Vietnam War end?,1975,1978 | 1967 | 1969,2026-09-10T09:24:50.406679+00:00
History,multiple,medium,Who is attributed credit for recording the epic poem The Odyssey?,Homer,Aristotle | Odysseus | Socrates,2026-09-10T09:24:50.406686+00:00
History,boolean,hard,The fork came to Italy before any other European country.,True,False,2026-09-10T09:24:50.406692+00:00
History,boolean,medium,The Panama Canal was opened to traffic within 30 days of the beginning of World War I.,True,False,2026-09-10T09:24:50.406700+00:00
History,multiple,medium,"Which Nazi General was known as the ""Desert Fox""?",Erwin Rommel,Gerd von Rundstadt | Wilhelm Keitel | Heinz Guderian ,2026-09-10T09:24:50.406714+00:00
History,multiple,medium,Which of these countries was NOT a part of the Soviet Union?,Afghanistan,Turkmenistan | Kazakhstan | Uzbekistan,2026-09-10T09:24:50.406721+00:00
History,multiple,medium,"In 1845, a series of wars named after which indigenous people began in New Zealand?",Māori,Papuans | Aborigines | Polynesians,2026-09-10T09:24:50.406733+00:00
History,boolean,medium,Theodore Roosevelt Jr. was the only General involved in the initial assault on D-Day.,True,False,2026-09-10T09:24:50.406739+00:00
History,boolean,hard,The man that shot Alexander Hamilton was named Aaron Burr.,True,False,2026-09-10T09:24:50.406745+00:00
History,boolean,medium,Martin Luther King Jr. and Anne Frank were born the same year. ,True,False,2026-09-10T09:24:50.406751+00:00
History,multiple,easy,What does the United States of America celebrate during the 4th of July?,The signing of the Declaration of Independence,The anniversary of the Battle of Gettysburg | The crossing of the Delaware River | The ratification of the Constitution,2026-09-10T09:24:50.406769+00:00
History,multiple,medium,What was the total length of the Titanic?,882 ft | 268.8 m,759 ft | 231.3 m | 1042 ft | 317.6 m | 825 ft | 251.5 m,2026-09-10T09:24:50.406786+00:00
History,multiple,easy,"In 1720, England was in massive debt and became involved in the South Sea Bubble. Who was the main mastermind behind it?",John Blunt,Daniel Defoe | Robert Harley | John Churchill,2026-09-10T09:24:50.406802+00:00
History,multiple,medium,Who was the main developer of the Suez Canal?,Ferdinand de Lesseps,Louis-Eugène Cavaignac | John Milton | Johann Lukas von Hildebrandt,2026-09-10T09:24:50.406817+00:00
History,multiple,easy,These two countries held a commonwealth from the 16th to 18th century.,Poland and Lithuania,Hutu and Rwanda | North Korea and South Korea | Bangladesh and Bhutan,2026-09-10T09:24:50.406832+00:00
History,multiple,medium,All of the following are names of the Seven Warring States EXCEPT:,Zhai (翟),Zhao (趙) | Qin (秦) | Qi (齊),2026-09-10T09:24:50.406851+00:00
History,boolean,easy,The French Kingdom helped the United States gain their independence over Great Britain during the Revolutionary War.,True,False,2026-09-10T09:24:50.406858+00:00
History,multiple,hard,Who was the British Prime Minister at the outbreak of the Second World War in 1939?,Neville Chamberlain,Stanley Baldwin | Winston Churchill | Ramsay MacDonald,2026-09-10T09:24:50.406873+00:00
History,multiple,easy,Which German field marshal was known as the `Desert Fox`?,Erwin Rommel,Ernst Busch | Wolfram Freiherr von Richthofen | Wilhelm List,2026-09-10T09:24:50.406895+00:00
History,multiple,hard,What is the name of the Boeing B-29 that dropped the 'Little Boy' atomic bomb on Hiroshima?,Enola Gay,Necessary Evil | The Great Artiste | Full House,2026-09-10T09:24:50.406913+00:00
History,multiple,medium,When did the Battle of the Bulge end?,"January 25, 1945","August 6, 1945 | December 7, 1941 | December 16, 1944",2026-09-10T09:24:50.406927+00:00
History,multiple,hard,"The main objective of the German operation ""Case Blue"" during World War II was originally to capture what?",Caucasus,Stalingrad | Crimea | Voronezh,2026-09-10T09:24:50.406935+00:00
History,multiple,hard,Where was Napoleon Bonaparte born?,Corsica,Normandy | Brittany | Paris,2026-09-10T09:24:50.406941+00:00
History,multiple,hard,Which of these positions did the astronomer and physicist Isaac Newton not hold?,Surveyor to the City of London,Professor of Mathematics | Warden of the Royal Mint | Member of Parliament,2026-09-10T09:24:50.406956+00:00
History,multiple,hard,"Which country did the Eureka Rebellion, an 1856 battle against colonial rule, take place in?",Australia,India | Canada | Brazil,2026-09-10T09:24:50.406964+00:00
History,multiple,medium,What year did the Battle of Agincourt take place?,1415,1463 | 1401 | 1422,2026-09-10T09:24:50.406970+00:00
History,multiple,medium,"In 1961, an American B-52 aircraft crashed and nearly detonated two 4mt nuclear bombs over which US city?","Goldsboro, North Carolina","Hicksville, New York | Jacksonville, Florida | Conway, Arkansas",2026-09-10T09:24:50.406985+00:00
History,boolean,medium,The M41 Walker Bulldog remains in service in some countries to this day.,True,False,2026-09-10T09:24:50.406992+00:00
History,multiple,easy,In which war did the atomic bombings of Hiroshima and Nagasaki occur?,World War II,World War I | Russo-Japanese War | First Sino-Japanese War,2026-09-10T09:24:50.407005+00:00
History,boolean,easy,"In World War ll, Great Britian used inflatable tanks on the ports of Great Britain to divert Hitler away from Normandy/D-day landing.",True,False,2026-09-10T09:24:50.407018+00:00
History,multiple,easy,"In 1939, Britain and France declared war on Germany after it invaded which country?",Poland,Czechoslovakia | Austria | Hungary,2026-09-10T09:24:50.407025+00:00
History,multiple,hard,What did Albert Einstein win the Nobel Prize for in 1921?,Photoelectric Effect,Relativity | Wave-Particle Duality | Zero-Point Energy,2026-09-10T09:24:50.407037+00:00
History,multiple,medium,Which of these 1900s tanks were designed and built BEFORE the others?,Renault FT,M4 Sherman |  Panzer IV | Cromwell ,2026-09-10T09:24:50.407054+00:00
History,multiple,hard,Which King of England was faced with the Peasants' Revolt in 1381?,Richard II,Edward III | Edward II | Henry IV,2026-09-10T09:24:50.407066+00:00
History,multiple,easy,What year did the Titanic sink?,1912,1930 | 1917 | 1941,2026-09-10T09:24:50.407072+00:00
History,multiple,medium,What was the code name for the German invasion of the Soviet Union in WW2?,Operation Barbarossa,Operation Kaiserschlact | Operation Unthinkable | Operation Molotov,2026-09-10T09:24:50.407085+00:00
History,multiple,easy,The collapse of the Soviet Union took place in which year?,1991,1992 | 1891 | 1990,2026-09-10T09:24:50.407091+00:00
History,multiple,medium,How old was Lyndon B. Johnson when he assumed the role of President of the United States?,55,50 | 60 | 54,2026-09-10T09:24:50.407099+00:00
History,boolean,easy,Thomas Crapper was a plumber who invented the flushing toilet.,False,True,2026-09-10T09:24:50.407105+00:00
History,multiple,easy,Who discovered Penicillin?,Alexander Flemming,Marie Curie | Alfred Nobel | Louis Pasteur,2026-09-10T09:24:50.407116+00:00
History,multiple,medium,Who was the last Roman emperor in the Year of Four Emperors (69 AD)?,Vespasian,Vitellius | Otho | Galba,2026-09-10T09:24:50.407123+00:00
History,multiple,medium,What is the name of the famous Apache leader who died in 1909 at the age of 70?,Geronimo,Sitting Bull | Red Cloud | Crazy Horse,2026-09-10T09:24:55.975315+00:00
History,multiple,hard,Who was the first man to travel into outer space?,Yuri Gagarin,"Virgil Ivan ""Gus"" Grissom | Neil Armstrong | Buzz Aldrin",2026-09-10T09:24:55.975340+00:00
History,multiple,medium,"What number does the Roman numeral ""D"" stand for?",500,100 | 1000 | 50,2026-09-10T09:24:55.975348+00:00
History,multiple,hard,Spain was formed in 1469 with the marriage of Isabella I of Castile and Ferdinand II of what other Iberian kingdom?,Aragon,Galicia | León | Navarre,2026-09-10T09:24:55.975360+00:00
History,multiple,hard,Which of the following Physicists aided Nazi Germany in their production of a nuclear weapon?,Werner Heisenberg,John von Neumann | Albert Einstein | Max Planck,2026-09-10T09:24:55.975375+00:00
History,multiple,easy,"Where did first known lesbian rights organization in the United States, Daughters of Bilitis, start?",San Francisco,New York | Chicago | Los Angeles,2026-09-10T09:24:55.975388+00:00
History,boolean,hard,"During the Winter War, the amount of Soviet Union soliders that died or went missing was five times more than Finland's.",True,False,2026-09-10T09:24:55.975397+00:00
History,multiple,easy,How long did World War II last?,6 years,4 years | 5 years | 7 years,2026-09-10T09:24:55.975410+00:00
History,multiple,medium,In what year did the Berlin Wall fall?,1989,1987 | 1991 | 1993,2026-09-10T09:24:55.975416+00:00
History,multiple,medium,Which of the following Assyrian kings did NOT rule during the Neo-Assyrian Empire?,Shamshi-Adad III,Shalmaneser V | Esharhaddon | Ashur-nasir-pal II,2026-09-10T09:24:55.975429+00:00
History,multiple,medium,Who was the leader of the Communist Party of Yugoslavia ?,Josip Broz Tito,Karadjordje Petrovic | Milos Obilic | Aleskandar Petrovic,2026-09-10T09:24:55.975442+00:00
History,boolean,medium,The two atomic bombs dropped on Japan by the United States in August 1945 were named 'Little Man' and 'Fat Boy'.,False,True,2026-09-10T09:24:55.975451+00:00
History,multiple,medium,Who was the first President of the People's Republic of China?,Mao Zedong,Liu Shaoqi | Dong Biwu | Li Xiannian,2026-09-10T09:24:55.975465+00:00
History,multiple,hard,"In addition to his career as an astrologer and ""prophet"", Nostradamus published a 1555 treatise that included a section on what?",Making jams and jellies,Teaching parrots to talk | Cheating at card games | Digging graves,2026-09-10T09:24:55.975482+00:00
History,multiple,easy,"In 1453, which important city fell?",Constantinople,Rome | Hamburg | Athens,2026-09-10T09:24:55.975488+00:00
History,multiple,easy,When was Google founded?,"September 4, 1998","October 9, 1997 | December 12, 1989 | Feburary 7th, 2000",2026-09-10T09:24:55.975502+00:00
History,multiple,medium,Which of these facilities was not present on the Titanic?,Fainting room,Turkish bath | Kennel | Squash court,2026-09-10T09:24:55.975513+00:00
History,multiple,easy,Which of the following countries was not an axis power during World War II?, Soviet Union,Italy | Germany | Japan,2026-09-10T09:24:55.975522+00:00
History,multiple,medium,The Thirty Years War ended with which treaty?,Peace of Westphalia,Treaty of Versailles | Treaty of Paris | Peace of Prague,2026-09-10T09:24:55.975540+00:00
History,multiple,medium,Which of these countries was sea charted in 1500 by the Portuguese maritime explorations?,Brazil,India | Mozambique | Madagascar,2026-09-10T09:24:55.975547+00:00
History,multiple,hard,What was the original name of New York City?,New Amsterdam,New London | New Paris | New Rome,2026-09-10T09:24:55.975560+00:00
History,multiple,easy,Who rode on horseback to warn the Minutemen that the British were coming during the U.S. Revolutionary War?,Paul Revere,Thomas Paine | Henry Longfellow | Nathan Hale,2026-09-10T09:24:55.975575+00:00
History,boolean,hard,The USS Missouri (BB-63) last served in the Korean War.,False,True,2026-09-10T09:24:55.975604+00:00
History,multiple,easy,How old was Adolf Hitler when he died?,56,43 | 65 | 47,2026-09-10T09:24:55.975615+00:00
History,multiple,medium,What was the bloodiest single-day battle during the American Civil War?,The Battle of Antietam,The Siege of Vicksburg | The Battle of Gettysburg | The Battles of Chancellorsville,2026-09-10T09:24:55.975632+00:00
History,multiple,hard,When was Finland's 100th year of being independent?,2017,2016 | 2018 | 2015,2026-09-10T09:24:55.975638+00:00
History,multiple,hard,When was Adolf Hitler appointed as Chancellor of Germany?,"January 30, 1933","September 1, 1939 | February 27, 1933 | October 6, 1939",2026-09-10T09:24:55.975652+00:00
History,multiple,hard,What was the name of the spy ring that helped the United States win the Revolutionary War?,Culper Ring,New York Spy Ring | Washington's Spies | Unnamed,2026-09-10T09:24:55.975666+00:00
History,multiple,medium,"Which country had an ""Orange Revolution"" between 2004 and 2005?",Ukraine,Belarus | Latvia | Lithuania,2026-09-10T09:24:55.975673+00:00
History,multiple,hard,"Who invented the ""Flying Shuttle"" in 1738; one of the key developments in the industrialization of weaving?",John Kay,James Hargreaves | Richard Arkwright | John Deere,2026-09-10T09:24:55.975688+00:00
History,multiple,medium,What year was the Italian firearms manufacturer Beretta founded?,1526,1776 | 1923 | 1998,2026-09-10T09:24:55.975695+00:00
History,multiple,medium,What event marked the start of World War II?,Invasion of Poland (1939),Invasion of Russia (1942) | Battle of Britain (1940) | Invasion of Normandy (1944),2026-09-10T09:24:55.975711+00:00
History,multiple,easy,Abolitionist John Brown raided the arsenal in which Virginia Town?,Harper's Ferry,Richmond | Harrisonburg | Martinsburg,2026-09-10T09:24:55.975719+00:00
History,multiple,hard,"Before the American colonies switched to the Gregorian calendar in 1752, on what date did their new year start?",March 25th,June 1st | September 25th | December 1st,2026-09-10T09:24:55.975734+00:00
History,multiple,hard,What was the Canada's first capital?,Kingston,Toronto | Ottawa | Montreal,2026-09-10T09:24:55.975740+00:00
History,multiple,easy,How many manned moon landings have there been?,6,1 | 3 | 7,2026-09-10T09:24:55.975747+00:00
History,multiple,easy,Which South American country fought Great Britain over the Falkland Islands in 1982?,Argentina,Brazil | Chile | Venezuela,2026-09-10T09:24:55.975754+00:00
History,multiple,easy,Who was the first president of the United States?,George Washington,James Madison | Thomas Jefferson | James K. Polk,2026-09-10T09:24:55.975767+00:00
History,multiple,hard,What was the real name of the Albanian national leader Skanderbeg?,Gjergj Kastrioti,Diturak Zhulati | Iskander Bejko | Mirash Krasniki,2026-09-10T09:24:55.975780+00:00
History,multiple,medium,What historical event was Tchaikovsky's 1812 Overture referencing?,The Napoleonic Wars,The American War of 1812 | The Russian Revolution | The Charge of the Light Brigade (Crimean War),2026-09-10T09:24:55.975796+00:00
History,multiple,hard,Which of the following physicists did NOT work on the Manhattan project?,Murray Gell-Mann,Richard Feynman | J. Robert Oppenheimer | John Von-Neumann,2026-09-10T09:24:55.975810+00:00
History,multiple,medium,What year were the Marian Reforms instituted in the Roman Republic?,107 BCE,42 BCE | 264 BCE | 102 CE,2026-09-10T09:24:55.975823+00:00
History,multiple,medium,Which of the following countries was the first to send an object into space?,Germany,USA | Russia | China,2026-09-10T09:24:55.975830+00:00
History,boolean,easy,Vikings were the first Europeans to discover North America.,True,False,2026-09-10T09:24:55.975836+00:00
History,boolean,medium,The first televised presidential debate was between Jimmy Carter and Gerald Ford.,False,True,2026-09-10T09:24:55.975842+00:00
History,multiple,hard,Pianist Frédéric Chopin was a composer of which musical era?,Romantic,Classic | Baroque | Renaissance,2026-09-10T09:24:55.975850+00:00
History,multiple,medium,"What was the name of one of the surviving palaces of Henry VIII located near Richmond, London?",Hampton Court,St James's Palace | Buckingham Palace | Coughton Court,2026-09-10T09:24:55.975864+00:00
History,multiple,medium,The Korean War started in what year?,1950,1945 | 1960 | 1912,2026-09-10T09:24:55.975870+00:00
History,boolean,medium,The Fourth Crusade lasted from 1095-1099 AD.,False,True,2026-09-10T09:24:55.975875+00:00
History,multiple,hard,The Bohemian Revolt (1618-1620) started after Protestants in Prague did what to their Catholic Lords Regents?,Threw them out of a window,Insulted their mothers | Locked them in stockades | Hung them.,2026-09-10T09:24:55.975892+00:00
History,boolean,medium,Abraham Lincoln was the first U.S. President to be born outside the borders of the thirteen original states. ,True,False,2026-09-10T09:25:01.576722+00:00
History,multiple,hard,When was the Gregorian Calendar first adopted?,1582,1623 | 1501 | 1555,2026-09-10T09:25:01.576741+00:00
History,multiple,medium,Who was the first mammal successfully launched into Earth's orbit?,"Laika, the dog","Ham, the chimpanzee | Baker, the monkey | Belka, the dog",2026-09-10T09:25:01.576760+00:00
History,multiple,medium,Who tutored Alexander the Great?,Aristotle,Socrates | Plato | King Philip,2026-09-10T09:25:01.576768+00:00
History,boolean,easy,Adolf Hitler was a german soldier in World War I.,True,False,2026-09-10T09:25:01.576774+00:00
History,boolean,medium,"If you grab the bladed end of a longsword in a specific way, you will not cut yourself.",True,False,2026-09-10T09:25:01.576782+00:00
History,multiple,medium,"Which country attacked the USS Liberty on June 8, 1967?",Israel,Syria | Saudi Arabia | Iran,2026-09-10T09:25:01.576791+00:00
History,multiple,easy,In what year was the M1911 pistol designed?,1911,1907 | 1899 | 1917,2026-09-10T09:25:01.576797+00:00
History,multiple,medium,When did Norway become free from Sweden?,1905,1925 | 1814 | 1834,2026-09-10T09:25:01.576802+00:00
History,multiple,medium,"On which aircraft carrier did the Doolitte Raid launch from on April 18, 1942 during World War II?",USS Hornet,USS Enterprise | USS Lexington | USS Saratoga,2026-09-10T09:25:01.576818+00:00
History,multiple,medium,"Which of the following years is commonly referred to as the ""Year Without a Summer""?",1816,1823 | 1813 | 1808,2026-09-10T09:25:01.576827+00:00
History,multiple,hard,How many sonatas did Ludwig van Beethoven write?,32,50 | 31 | 21,2026-09-10T09:25:01.576833+00:00
History,multiple,medium,"Which British monarch was also known as ""William of Orange""?",William III,William I | William II | William IV,2026-09-10T09:25:01.576846+00:00
History,multiple,hard,Who assassinated President James A. Garfield?,Charles Guiteau,Sirhan Sirhan | Leon Czolgosz | John Wilkes Booth,2026-09-10T09:25:01.576859+00:00
History,multiple,easy,When did the Byzantine Empire collapse?,1453,1299 | 1353 | 1498,2026-09-10T09:25:01.576864+00:00
History,multiple,medium,"Which infamous European traitor was known as ""the last person to enter Parliament with honest intentions""?",Guy Fawkes,Robert Catesby | Francis Tresham | Everard Digby,2026-09-10T09:25:01.576879+00:00
History,multiple,hard,"Who is the creator of the soft drink, Dr. Pepper?",Charles Alderton,James Wellington | Johnson Hinsin | Boris Heviltik,2026-09-10T09:25:01.576892+00:00
History,multiple,medium,In what year did Texas secede from Mexico?,1836,1838 | 1845 | 1844,2026-09-10T09:25:01.576897+00:00
History,boolean,easy,The United States Department of Homeland Security was formed in response to the September 11th attacks.,True,False,2026-09-10T09:25:01.576904+00:00
History,multiple,medium,In what prison was Adolf Hitler held in 1924?,Landsberg Prison,Spandau Prison | Ebrach Abbey | Hohenasperg,2026-09-10T09:25:01.576915+00:00
History,multiple,medium,How many years did the Hundred Years' War last?,116,100 | 90 | 101,2026-09-10T09:25:01.576921+00:00
History,multiple,medium,The 15th century conflicts between the Houses of York and Lancaster are known as the Wars of the what?,Wars of the Roses,Wars of the Lillies | Wars of the Daffodils | Wars of the Tulips,2026-09-10T09:25:01.576937+00:00
History,multiple,hard,Which Australian Prime Minister disappeared in 1967 and was never found?,Harold Holt,Paul Keating | Edmund Barton | Scott Morrison,2026-09-10T09:25:01.576951+00:00
History,multiple,easy,In which year was Nelson Mandela released from prison,1990,1994 | 1992 | 1980,2026-09-10T09:25:01.576957+00:00
History,multiple,easy,The Ottoman Empire was dissolved after their loss in which war?,World War I,Crimean War | Serbian Revolution | Second Balkan War,2026-09-10T09:25:01.576970+00:00
History,boolean,medium,Brazil used to be an empire.,True,False,2026-09-10T09:25:01.576975+00:00
History,multiple,medium,"What year did Skoal, a smokeless Tobacco company, release their first line of Pouches, known as ""Skoal Bandits""?",1983,1934 | 1984 | 1822,2026-09-10T09:25:01.576984+00:00
History,multiple,medium,In which years did the Battle of Gallipoli take place?,1915 - 1916,1914 - 1918 | 1914 - 1915 | 1915 - 1918,2026-09-10T09:25:01.576998+00:00
History,multiple,medium,During which American Civil War campaign did Union troops dig a tunnel beneath Confederate troops to detonate explosives underneath them?,Siege of Petersburg,Siege of Vicksburg | Antietam Campaign | Gettysburg Campagin,2026-09-10T09:25:01.577014+00:00
History,multiple,medium,When was the People's Republic of China founded?,"October 1, 1949","April 3, 1947 | May 7, 1945 | December 6, 1950",2026-09-10T09:25:01.577055+00:00
History,multiple,medium,Where was Portuguese explorer Ferdinand Magellan killed in 1521?,The Phillipines,Canary Islands | Guam | Argentina,2026-09-10T09:25:01.577068+00:00
History,multiple,medium,In which year did the First World War begin?,1914,1930 | 1917 | 1939,2026-09-10T09:25:01.577075+00:00
History,multiple,hard,On which day did ARPANET suffer a 4 hour long network crash?,"October 27, 1980","November 21, 1969 | October 29, 1969 | December 9, 1991",2026-09-10T09:25:01.577089+00:00
History,multiple,medium,Which of these founding fathers of the United States of America later became president?,James Monroe,Alexander Hamilton | Samuel Adams | Roger Sherman,2026-09-10T09:25:01.577103+00:00
History,boolean,easy,The Spitfire originated from a racing plane.,True,False,2026-09-10T09:25:01.577108+00:00
History,multiple,medium,Where was Abraham Lincoln when he was assassinated by John Wilkes Booth in 1865?,At the theatre,On a boat | On his horse | In bed,2026-09-10T09:25:01.577122+00:00
History,multiple,medium,"In relation to the British Occupation in Ireland, what does the IRA stand for.",Irish Republican Army,Irish Rebel Alliance | Irish Reformation Army | Irish-Royal Alliance,2026-09-10T09:25:01.577137+00:00
History,multiple,easy,Who was the Confederate general in the American Civil War?,Robert E. Lee,George A. Custer | Ulysses S. Grant | George B. McClellan,2026-09-10T09:25:01.577150+00:00
History,multiple,medium,"Who led France during the ""Reign of Terror"" ?",Maximilien Robespierre,Napoleon Bonaparte | Jean-Paul Marat | Louis XVI,2026-09-10T09:25:01.577163+00:00
History,multiple,hard,Bohdan Khmelnytsky was which of the following?,Leader of the Ukrainian Cossacks,General Secretary of the Communist Party of the USSR | Prince of Wallachia | Grand Prince of Novgorod,2026-09-10T09:25:01.577178+00:00
History,multiple,medium,When did Norway get its constitution?,1814,1932 | 1905 | 1854,2026-09-10T09:25:01.577183+00:00
History,multiple,easy,What was the official German currency until 2002?,Mark,Frank | Pound sterling | Reichtoken,2026-09-10T09:25:01.577191+00:00
History,multiple,easy,"Who was among those killed in the 2010 Smolensk, Russia plane crash tragedy?",The Polish President,Pope John Paul II | Bang-Ding Ow | Albert Putin,2026-09-10T09:25:01.577205+00:00
History,multiple,medium,Adolf Hitler was born on which date?,"April 20, 1889","June 12, 1889 | February 6, 1889 | April 16, 1889",2026-09-10T09:25:01.577218+00:00
History,multiple,medium,Who is believed to have been the first European to 'discover' the land of New Zealand?,Abel Tasman,Christopher Columbus | Jeanne Baré | John Cabot ,2026-09-10T09:25:01.577234+00:00
History,multiple,hard,When did the French Revolution begin?,May 05 1789,April 12 1789 | April 05 1789 | May 06 1799,2026-09-10T09:25:01.577248+00:00
History,multiple,medium,"When did the United States formally declare war on Japan, entering World War II?","December 8, 1941","June 6, 1944 | June 22, 1941 | September 1, 1939",2026-09-10T09:25:01.577263+00:00
History,multiple,medium,Which of the following Presidents of the United States was assassinated?,William McKinley,Lyndon Johnson | Chester Arthur | Franklin Roosevelt,2026-09-10T09:25:01.577276+00:00
History,multiple,medium,How many times was Albert Einstein married in his lifetime?,Twice,Five | Thrice | Once,2026-09-10T09:25:01.577282+00:00
History,multiple,medium,"What is the bloodiest event in United States history, in terms of casualties?",Battle of Antietam,Pearl Harbor | September 11th | D-Day,2026-09-10T09:25:01.577294+00:00
History,multiple,easy,"During WWII, in 1945, the United States dropped atomic bombs on the two Japanese cities of Hiroshima and what other city?",Nagasaki,Kawasaki | Tokyo | Kagoshima,2026-09-10T09:25:07.166361+00:00
History,multiple,medium,What was the name of the African-American cultural explosion centered in upper Manhattan during the 1920s and 1930s?,Harlem Renaissance,Inwood Renaissance | Bed-Stuy Renaissance | Upper East Renaissance,2026-09-10T09:25:07.166392+00:00
History,multiple,medium,"One of the deadliest pandemics, the ""Spanish Flu"", killed off what percentage of the human world population at the time?",3 to 6 percent,6 to 10 percent | 1 to 3 percent | less than 1 percent,2026-09-10T09:25:07.166413+00:00
History,multiple,medium,The Herero genocide was perpetrated in Africa by which of the following colonial nations?,Germany,Britain | Belgium | France,2026-09-10T09:25:07.166421+00:00
History,multiple,hard,"With which Greek philosopher would you associate the phrase, ""I know that I know nothing""?",Socrates,Aristotle | Plato | Pythagoras,2026-09-10T09:25:07.166429+00:00
History,multiple,easy,Who was the first prime minister of Canada?,John Macdonald,John Abbott | Alexander Mackenzie | Robert Borden,2026-09-10T09:25:07.166443+00:00
History,multiple,medium,Which of the following ancient Near Eastern peoples still exists as a modern ethnic group?,Assyrians,Babylonians | Hittites | Elamites,2026-09-10T09:25:07.166451+00:00
History,multiple,medium,What day did the Battle of Gettysburg begin?,"July 1, 1863","September 17, 1862 | July 21, 1861 | Apr 30, 1863",2026-09-10T09:25:07.166466+00:00
History,multiple,medium,"During the Mongolian invasions of Japan, what were the Mongol boats mostly stopped by?",Typhoons,Tornados | Economic depression | Samurai,2026-09-10T09:25:07.166476+00:00
History,multiple,medium,Which of his six wives was Henry VIII married to the longest?,Catherine of Aragon,Anne Boleyn | Jane Seymour | Catherine Parr,2026-09-10T09:25:07.166490+00:00
History,multiple,easy,Which of these countries remained neutral during World War II?,Switzerland,United Kingdom | France | Italy,2026-09-10T09:25:07.166499+00:00
History,multiple,medium,In what year was the video game company Electronic Arts founded?,1982,1999 | 1981 | 2005,2026-09-10T09:25:07.166505+00:00
History,multiple,hard,Which of these theoretical phycisists first predicted the existence of antimatter?,Paul Dirac,Niels Bohr | Albert Einstein | Werner Heisenberg,2026-09-10T09:25:07.166519+00:00
History,multiple,medium,In what year did Neil Armstrong and Buzz Aldrin land on the moon?,1969,1965 | 1966 | 1973,2026-09-10T09:25:07.166526+00:00
History,multiple,medium,"When did L. L. Zamenhof first publish ""Unua Libro"", the first publication describing his international language Esperanto?",1887,1897 | 1905 | 1915,2026-09-10T09:25:07.166534+00:00
History,multiple,hard,"During World War I, which nation's monarchs were blood related?","England, Germany, Russia","France, Russia, Germany | Serbia, Russia, Croatia | Germany, Spain, Austria",2026-09-10T09:25:07.166550+00:00
History,multiple,easy,"Which modern country is known as ""The Graveyard of Empires""?",Afghanistan,China | Iraq | Russia,2026-09-10T09:25:07.166557+00:00
History,multiple,hard,"In the year 1900, what were the most popular first names given to boy and girl babies born in the United States?",John and Mary,Joseph and Catherine | William and Elizabeth | George and Anne,2026-09-10T09:25:07.166574+00:00
History,boolean,easy,"The Enlightenment was an era of philosophies, advancements, and scientific theories to improve society.",True,False,2026-09-10T09:25:07.166582+00:00
History,multiple,hard,What year was Canada founded in?,1867,1798 | 1859 | 1668,2026-09-10T09:25:07.166587+00:00
History,multiple,medium,Who was the first Chancellor of a united Germany in 1871? ,Otto Von Bismark,Kaiser Wilhelm  | Fredrick the 2nd | Robert Koch,2026-09-10T09:25:07.166601+00:00
History,multiple,medium,"What was the transfer of disease, crops, and people across the Atlantic shortly after the discovery of the Americas called?",The Columbian Exchange,Triangle Trade | Transatlantic Slave Trade | The Silk Road,2026-09-10T09:25:07.166617+00:00
History,multiple,hard,What was the last colony the UK ceded marking the end of the British Empire?,Hong Kong,India | Australia | Ireland,2026-09-10T09:25:07.166626+00:00
History,multiple,medium,What year is considered to be the year that the British Empire ended?,1997,1986 | 1981 | 1971,2026-09-10T09:25:07.166633+00:00
History,multiple,easy,When did the Battle of the Somme begin?,"July 1st, 1916","August 1st, 1916 | July 2nd, 1916 | June 30th, 1916",2026-09-10T09:25:07.166647+00:00
History,multiple,hard,What micro-state is considered to have the oldest constitution still in effect?,San Marino,Andorra | Monaco | Saint Kitts and Nevis,2026-09-10T09:25:07.166662+00:00
History,multiple,easy,What was the first sport to have been played on the moon?,Golf,Football | Tennis | Soccer,2026-09-10T09:25:07.166669+00:00
History,multiple,easy,Who led the Communist Revolution of Russia?,Vladimir Lenin,Joseph Stalin | Vladimir Putin | Mikhail Gorbachev,2026-09-10T09:25:07.166682+00:00
History,multiple,hard,In what year did the Battle of Verdun take place?,1916,1917 | 1915 | 1918,2026-09-10T09:25:07.166688+00:00
History,multiple,easy,A collection of Sanskrit hymns and verses known as the Vedas are sacred texts in what religion?,Hinduism,Judaism | Islam | Buddhism,2026-09-10T09:25:07.166696+00:00
History,boolean,medium,Canada was ceded to Britain under the terms of the 1763 Treaty of Paris.,True,False,2026-09-10T09:25:07.166703+00:00
History,boolean,hard,Japan was part of the Allied Powers during World War I.,True,False,2026-09-10T09:25:07.166708+00:00
History,boolean,medium,Assyrian king Sennacherib's destruction of Babylon in 689 BCE was viewed as a triumph by other Assyrian citizens.,False,True,2026-09-10T09:25:07.166716+00:00
History,multiple,hard,When did Lithuania declare independence from the Soviet Union?,"March 11th, 1990","December 25th, 1991 | December 5th, 1991 | April 20th, 1989",2026-09-10T09:25:07.166730+00:00
History,multiple,hard,The Hagia Sophia was commissioned by which emperor of the Byzantine Empire?,Justinian I,Constantine IV | Arcadius | Theodosius the Great,2026-09-10T09:25:07.166743+00:00
History,multiple,easy,The idea of Socialism was articulated and advanced by whom?,Karl Marx,Vladimir Lenin | Joseph Stalin | Vladimir Putin,2026-09-10T09:25:07.166755+00:00
History,multiple,easy,In what year did the Wall Street Crash take place?,1929,1932 | 1930 | 1925,2026-09-10T09:25:07.166762+00:00
History,multiple,easy,Which of the following ancient peoples was NOT classified as Hellenic (Greek)?,Illyrians,Dorians | Achaeans | Ionians,2026-09-10T09:25:07.166769+00:00
History,multiple,medium,In what year was the last natural case of smallpox documented?,1977,1982 | 1980 | 1990,2026-09-10T09:25:07.166775+00:00
History,multiple,medium,When did the Crisis of the Third Century begin?,235 AD,235 BC | 242 AD | 210 AD,2026-09-10T09:25:07.166787+00:00
History,multiple,hard,Which naval battle was considered the turning point of the Pacific Ocean Theater during World War 2?,Battle of Midway,Attack on Truk Island | Attack on Pearl Harbor | Battle of the Coral Sea,2026-09-10T09:25:07.166804+00:00
History,boolean,easy,The majority of people that lived under the Byzantine Empire called themselves Romans.,True,False,2026-09-10T09:25:07.166810+00:00
History,multiple,medium,The creator of the Enigma Cypher and Machine was of what nationality?,German,American | British | Polish,2026-09-10T09:25:07.166817+00:00
History,multiple,medium,"John Moses Browning, the designer of the M1918 BAR (Browning Automatic Rifle) was a part of which religion?",Mormon,Catholic | Jewish | Atheist,2026-09-10T09:25:07.166826+00:00
History,boolean,easy,Former United States Presidents John Adams and Thomas Jefferson died within hours of each other.,True,False,2026-09-10T09:25:07.166833+00:00
History,multiple,medium,America's Strategic Defense System during the Cold War was nicknamed after this famous movie.,Star Wars,Jaws | Blade Runner | Alien,2026-09-10T09:25:07.166843+00:00
History,multiple,hard,What did the first vending machines in the early 1880's dispense?,Post cards,Alcohol | Cigarettes | Sodas ,2026-09-10T09:25:07.166853+00:00
History,multiple,medium,In what year did the North American Video Game Crash occur?,1983,1982 | 1993 | 1970,2026-09-10T09:25:07.166859+00:00
History,multiple,medium,When did construction of the Suez Canal finish?,1869,1859 | 1860 | 1850,2026-09-10T09:25:07.166865+00:00
History,multiple,medium,What was the name of the planned invasion of Japan towards the end of World War II?,Operation Downfall,Operation Boarding Party | Operation Ironclad | Operation Aflame,2026-09-10T09:25:07.166879+00:00
History,multiple,hard,"From 1940 to 1942, what was the capital-in-exile of Free France ?",Brazzaville,Algiers | Paris | Tunis,2026-09-10T09:25:12.754959+00:00
History,multiple,medium,Who was the first explorer to sail to North America?,Leif Erikson,Christopher Columbus | Amerigo Vespucci | Ferdinand Magellan,2026-09-10T09:25:12.754984+00:00
History,multiple,medium,In what dialogue did Socrates defend himself to the court of Athens? ,The Apology,The Euthyphro | The Laws | The Republic,2026-09-10T09:25:12.755001+00:00
History,multiple,medium,When was the United States National Security Agency established?,"November 4, 1952","July 26, 1908 |  July 1, 1973 |  November 25, 2002",2026-09-10T09:25:12.755017+00:00
History,multiple,medium,"When did O, Canada officially become the national anthem?",1980,1950 | 1920 | 1880,2026-09-10T09:25:12.755024+00:00
History,multiple,hard,Which Irish village in County Mayo built a tourism industry on the back of an alleged appearance by the Virgin Mary in 1879?,Knock,Ballycastle | Swinford | Turlough,2026-09-10T09:25:12.755034+00:00
History,multiple,hard,What was Napoleon Bonaparte's name before he changed it?,Napoleone di Buonaparte,Naapolion van Bonijpaart | Napoleão do Boaparte | Napoleona de Buenoparte,2026-09-10T09:25:12.755050+00:00
History,multiple,easy,Who was the first American in space?,Alan Shephard,Neil Armstrong | John Glenn | Jim Lovell,2026-09-10T09:25:12.755062+00:00
History,multiple,hard,What year was the first Pizza Hut restaurant opened?,1958,1976 | 1965 | 1942,2026-09-10T09:25:12.755069+00:00
History,multiple,easy,"What battle was the longest in World War I, lasting approximately 303 days?",Battle of Verdun ,Battle of Passchendaele | Battle of Amiens | Battle of Stalingrad,2026-09-10T09:25:12.755084+00:00
History,multiple,easy,What year did World War II end?,1945,1943 | 1947 | 1950,2026-09-10T09:25:12.755090+00:00
History,multiple,hard,Which is the hull NO. of the Fletcher class destroyer Fletcher?,DD-445,DD-992 | DD-444 | DD-446,2026-09-10T09:25:12.755096+00:00
History,multiple,hard,The Arab Spring was a series of protests and rebellions that began in which of these Arab nations?,Tunisia,Morocco | Syria | Egypt,2026-09-10T09:25:12.755105+00:00
History,multiple,easy,What war did George Orwell famously volunteer for and nearly died in?,Spanish Civil War,World War I | World War II | Russian Civil War,2026-09-10T09:25:12.755119+00:00
History,multiple,medium,What date was the first flight of the P-40 Warhawk?,October 14 1938,August 21 1939 | January 12 1940 | June 1 1939,2026-09-10T09:25:12.755133+00:00
History,multiple,medium,How old was the famous King Tutankhamen (Tut) when he died?,19,21 | 15 | 30,2026-09-10T09:25:12.755140+00:00
History,boolean,hard,The Emus won the Great Emu War of 1932.,True,False,2026-09-10T09:25:12.755145+00:00
History,multiple,medium,Against which country did the Dutch Republic fight the Eighty Years' War?,Spain,France | England | Portugal,2026-09-10T09:25:12.755153+00:00
History,multiple,easy,Which of these landmarks is not included in the original 'Seven Wonders of the Ancient World'?,Great Wall of China,Great Pyramid of Giza | Colossus of Rhodes | Hanging Gardens of Babylon,2026-09-10T09:25:12.755169+00:00
History,multiple,medium,Which of the following battles is often considered as marking the beginning of the fall of the Western Roman Empire?,Battle of Adrianople,Battle of Thessalonica | Battle of Pollentia | Battle of Constantinople,2026-09-10T09:25:12.755185+00:00
History,boolean,medium,Adolf Hitler was accepted into the Vienna Academy of Fine Arts.,False,True,2026-09-10T09:25:12.755191+00:00
History,multiple,hard,In 1547 who became the 1st Tsar of Russia,Ivan the Terrible,Alexis of Russia | Mikhail Romanov | Peter the Great,2026-09-10T09:25:12.755204+00:00
History,multiple,medium,Which historical conflict killed the most people?,World War II,Taiping Rebellion | Three Kingdoms War | Mongol conquests,2026-09-10T09:25:12.755216+00:00
History,boolean,medium,"""I disapprove of what you say, but I will defend to the death your right to say it"" is a quote from French philosopher Voltaire.",False,True,2026-09-10T09:25:12.755226+00:00
History,boolean,easy,The Cold War ended with Joseph Stalin's death.,False,True,2026-09-10T09:25:12.755231+00:00
History,multiple,hard,What Southeast Asian country was formerly known as 'Lan Xang'?,Laos,Cambodia | Vietnam | Thailand,2026-09-10T09:25:12.755256+00:00
History,multiple,hard,What year was the United States Declaration of Independence signed?,1776,1775 | 1774 | 1777,2026-09-10T09:25:12.755266+00:00
History,multiple,hard,Which countries participated in the Lobster War?,France and Brazil,Canada and Norway | Australia and New Zealand | United States and England,2026-09-10T09:25:12.755282+00:00
History,multiple,medium,"Which American civilization is the source of the belief that the world would end or drastically change on December 21st, 2012?",The Mayans,The Incas | The Aztecs | The Navajos,2026-09-10T09:25:12.755302+00:00
History,multiple,hard,How many women joined the United States Armed Services during World War II?,"350,000","225,000 | 100,000 | 500,000",2026-09-10T09:25:12.755316+00:00
History,multiple,medium,Which Nation did NOT have a Colony in modern-day North America?,Portugal,Spain | Sweden | Netherlands,2026-09-10T09:25:12.755323+00:00
History,multiple,medium,"When was ""The Gadget"", the first nuclear device to be detonated, tested?","July 16, 1945","June 22, 1945 | August 6, 1945 | April 5, 1945",2026-09-10T09:25:12.755339+00:00
History,boolean,easy,"The United States of America declared their independence from the British Empire on July 4th, 1776.",True,False,2026-09-10T09:25:12.755346+00:00
History,multiple,medium,The Panama Canal was finished under the administration of which U.S. president?,Woodrow Wilson,Franklin Delano Roosevelt | Herbert Hoover | Theodore Roosevelt,2026-09-10T09:25:12.755359+00:00
History,multiple,medium,When was the Grand Patriotic War in the USSR concluded?,"May 9th, 1945","September 2nd, 1945 | August 9th, 1945 | December 11th, 1945",2026-09-10T09:25:12.755373+00:00
History,multiple,easy,"According to legend, the ancient Greeks constructed a huge wooden model of which animal to gain entrance to Troy?",Horse,Goat | Elephant | Wolf,2026-09-10T09:25:12.755381+00:00
History,multiple,medium,Which Greek god was the god of the Sun?,Helios,Zeus | Hades | Poseidon,2026-09-10T09:25:12.755387+00:00
History,multiple,medium,"Who famously coined the phrase ""I think, therefore I am""?",Descartes,Plato | Aristotle | Shakespeare,2026-09-10T09:25:12.755394+00:00
History,multiple,hard,The Battle of Hastings was fought in which year?,1066,911 | 1204 | 1420,2026-09-10T09:25:12.755400+00:00
History,multiple,medium,"During what war did the ""Cuban Missile Crisis"" occur?",Cold War,World War I | World War II | Revolutionary War,2026-09-10T09:25:12.755413+00:00
History,boolean,medium,"Sir Issac Newton served as a Member of Parliament, but the only recorded time he spoke was to complain about a draft in the chambers.",True,False,2026-09-10T09:25:12.755422+00:00
History,multiple,hard,"What was the code name for the Allied invasion of Southern France on August 15th, 1944?",Operation Dragoon,Operation Overlord | Operation Market Garden | Operation Torch,2026-09-10T09:25:12.755437+00:00
History,multiple,medium,Who was the first wife of King Henry VIII?,Catherine of Aragon,Jane Seymour | Anne Boleyn | Anne of Cleves,2026-09-10T09:25:12.755449+00:00
History,multiple,hard,List the following Iranic empires in chronological order:,"Median, Achaemenid, Parthian, Sassanid","Median, Achaemenid, Sassanid, Parthian | Achaemenid, Median, Parthian, Sassanid | Achaemenid, Median, Sassanid, Parthian",2026-09-10T09:25:12.755466+00:00
History,multiple,medium,What year did the Boxing Day earthquake & tsunami occur in the Indian Ocean?,2004,2006 | 2008 | 2002,2026-09-10T09:25:12.755475+00:00
History,multiple,medium,"What happened on June 6, 1944?",D-Day,Atomic bombings of Hiroshima and Nagasaki | Attack on Pearl Harbor | The Liberation of Paris,2026-09-10T09:25:12.755488+00:00
History,boolean,medium,There are 13 months in the Ethiopian calendar.,True,False,2026-09-10T09:25:12.755493+00:00
History,multiple,hard,What age was King Henry V when he died?,35,62 | 87 | 73,2026-09-10T09:25:12.755499+00:00
History,multiple,easy,What was William Frederick Cody better known as?,Buffalo Bill,Billy the Kid | Wild Bill Hickok | Pawnee Bill,2026-09-10T09:25:12.755512+00:00
History,multiple,medium,Joseph Smith was the founder of what religion?,Mormonism,Buddhism | Christianity | Hinduism,2026-09-10T09:25:12.755517+00:00
History,multiple,medium,Which WWII tank ace is credited with having destroyed the most tanks?,Kurt Knispel,Michael Wittmann | Walter Kniep | Otto Carius,2026-09-10T09:25:18.354432+00:00
History,multiple,medium,Which Las Vegas casino was originally constructed and operated by mobster Bugsy Siegel?,The Flamingo,The MGM Grand | The Sands | The Sahara,2026-09-10T09:25:18.354458+00:00
History,multiple,medium,In what year did William the Conqueror take control of England?,1066,1123 | 1205 | 901,2026-09-10T09:25:18.354466+00:00
History,multiple,medium,Which Apollo mission was the last one in NASA's Apollo program?,Apollo 17,Apollo 13 | Apollo 11 | Apollo 15,2026-09-10T09:25:18.354480+00:00
History,multiple,medium,The catastrophic nuclear accident that occurred in Ukraine in 1986 occurred at which power plant?,Chernobyl,Ignalina | Mayak | Kursk,2026-09-10T09:25:18.354488+00:00
History,multiple,medium,"In the War of the Pacific (1879 - 1883), Bolivia lost its access to the Pacific Ocean after being defeated by which South American country?",Chile,Peru | Brazil | Argentina,2026-09-10T09:25:18.354500+00:00
History,multiple,medium,The minigun was designed in 1960 by which manufacturer.,General Electric,Colt Firearms | Heckler & Koch | Sig Sauer,2026-09-10T09:25:18.354532+00:00
History,multiple,easy,Pol Pot was the former dictator of which country?,Cambodia,Laos | North Korea | Vietnam,2026-09-10T09:25:18.354545+00:00
History,multiple,medium,When did the British hand-over sovereignty of Hong Kong back to China?,1997,1999 | 1841 | 1900,2026-09-10T09:25:18.354553+00:00
History,multiple,easy,Which one of these tanks was designed and operated by the United Kingdom?,Tog II,M4 Sherman | Tiger H1 | T-34,2026-09-10T09:25:18.354565+00:00
History,multiple,hard,The son of which pope supposedly held a lecherous fête involving 50 courtesans in the papal palace?,Alexander VI,Innocent V | Urban II | Pius III,2026-09-10T09:25:18.354582+00:00
History,multiple,hard,When did Canada leave the confederation to become their own nation?,"July 1st, 1867","July 1st, 1763 | July 1st, 1832 | July 1st, 1902",2026-09-10T09:25:18.354597+00:00
History,multiple,medium,Hong Kong was a part of which country's territory before Britain regained it in 1945?,Japan,China | Phillipines | French Indonesia,2026-09-10T09:25:18.354607+00:00
History,multiple,medium,Which country gifted the Statue of Liberty to the United States of America?,France,Spain | England | Germany,2026-09-10T09:25:18.354614+00:00
History,multiple,medium,What was the name of the first permanent English settlement in America?,Jamestown,New York | St. John's | Plymouth,2026-09-10T09:25:18.354625+00:00
History,multiple,hard,What was the name of the German offensive operation in October 1941 to take Moscow before winter?,Operation Typhoon,Operation Sunflower | Operation Barbarossa | Case Blue,2026-09-10T09:25:18.354639+00:00
History,multiple,easy,What is widely considered to be the oldest civilization known to mankind?,Sumeria,Babylon | Assyria | Phoenicia,2026-09-10T09:25:18.354646+00:00
History,multiple,medium,Which of the following is NOT classified as a Semetic language?,Sumerian,Maltese | Akkadian | Mandaic,2026-09-10T09:25:18.354653+00:00
History,multiple,medium,"What is the name of the ship which was only a few miles away from the RMS Titanic when it struck an iceberg on April 14, 1912?",Californian,Carpathia | Cristol | Commerce,2026-09-10T09:25:18.354664+00:00
History,multiple,hard,"What was the aim of the ""Umbrella Revolution"" in Hong Kong in 2014?",Genuine universal suffrage,Gaining Independence | Go back under British Rule | Lower taxes,2026-09-10T09:25:18.354679+00:00
History,multiple,medium,Which of the following is not in the Indo-European language family?,Finnish,English | Hindi | Russian,2026-09-10T09:25:18.354685+00:00
History,multiple,medium,What is the oldest US state?,Delaware,Rhode Island | Maine | Virginia,2026-09-10T09:25:18.354692+00:00
History,multiple,medium,What is the name given to the series of confrontations between the UK and Iceland over North Atlantic fishing rights?,The Cod Wars,The Lobster Wars | The Halibut Wars | The Mackerel Wars,2026-09-10T09:25:18.354708+00:00
History,multiple,medium,"The Fallingwater House, located in Pennsylvania, was designed by which architect?",Frank Lloyd Wright,Antoni Gaudi | Frank Gehry | Le Corbusier,2026-09-10T09:25:18.354733+00:00
History,multiple,easy,Which one of these countries was NOT in the Central Powers during WWI?,Spain,Austria-Hungary | Turkey | Germany,2026-09-10T09:25:18.354743+00:00
History,multiple,medium,Who was the leader of Sweden in the Great Northern War?,Charles XII,Per Albin Hansson | Peter the Great | Gustavus Adolphus,2026-09-10T09:25:18.354757+00:00
History,multiple,medium,"After his loss at the Battle of Waterloo, Napoleon Bonaparte was exiled to which island?",St. Helena,Elba | Corsica | Canary,2026-09-10T09:25:18.354766+00:00
History,multiple,medium,In what year was the famous 45 foot tall Hollywood sign first erected?,1923,1903 | 1913 | 1933,2026-09-10T09:25:18.354773+00:00
History,multiple,medium,Which U.S. President was in office when the Gulf War began?,George H. W. Bush,Richard Nixon | George W. Bush  | Ronald Regan,2026-09-10T09:25:18.354797+00:00
History,multiple,medium,The United States Army Air Corps became the United States Air Force on what date?,"September 18, 1947","December 14, 1946 | October 27, 1945 | November 08, 1944",2026-09-10T09:25:18.354812+00:00
History,multiple,hard,"When was the ""Siege of Leningrad"" lifted during World War II?",January 1944,September 1943 | November 1943 | March 1944,2026-09-10T09:25:18.354825+00:00
History,multiple,easy,What country joined the EU in 2013?,Croatia,Bulgaria | Slovenia | Turkey,2026-09-10T09:25:18.354831+00:00
History,multiple,easy,Which one of these was not a beach landing site in the Invasion of Normandy?,Silver,Gold | Juno | Sword,2026-09-10T09:25:18.354843+00:00
History,multiple,medium,On what day did Germany invade Poland?,"September 1, 1939","December 7, 1941 | June 22, 1941 | July 7, 1937",2026-09-10T09:25:18.354857+00:00
History,multiple,hard,Which of the following was not one of Joseph Stalin's ten blows during World War II?,Vistula-Oder Offensive,Crimean Offensive | Leningrad-Novgorod Offensive | Operation Bagration,2026-09-10T09:25:18.354871+00:00
History,multiple,hard,The Second Boer War in 1899 was fought where?,South Africa,Argentina | Nepal | Bulgaria,2026-09-10T09:25:18.354878+00:00
History,multiple,hard,Which day did World War I begin?,July 28,January 28 | June 28 | April 28,2026-09-10T09:25:18.354890+00:00
History,multiple,medium,"Which U.S. president took part in the Potsdam Conference, where the Allies reached a peace settlement with Germany?",Harry S. Truman,Dwight D. Eisenhower | Franklin D. Roosevelt | Herbert Hoover,2026-09-10T09:25:18.354906+00:00
History,boolean,medium,Oxford University is older than the Aztec Empire. ,True,False,2026-09-10T09:25:18.354912+00:00
History,multiple,easy,To what political party did Abraham Lincoln belong when elected POTUS?,Republican,Democrat | Independent | Whig,2026-09-10T09:25:18.354919+00:00
History,multiple,medium,The gunpowder plot was a well-known failed assassination attempt against which of England's then reigning monarchs?,James I,Elizabeth I | Charles II | Charles I,2026-09-10T09:25:18.354934+00:00
History,boolean,easy,"United States President John F. Kennedy was assassinated during his presidential motorcade in Atlanta, Georgia on November 22nd, 1963.",False,True,2026-09-10T09:25:18.354943+00:00
History,multiple,easy,When is the Ides of March?,March 15,March 14 | March 31 | March 1,2026-09-10T09:25:18.354954+00:00
History,multiple,hard,"During the Spanish Civil War (1936), Francisco Franco fought for which political faction?",Nationalist Spain,Republican Spain | Popular Front | Papal State,2026-09-10T09:25:18.354968+00:00
History,boolean,easy,The United States of America was the first country to launch a man into space.,False,True,2026-09-10T09:25:18.354975+00:00
History,multiple,hard,The ancient city of Chichén Itzá was built by which civilization?,Mayans,Aztecs | Incas | Toltecs,2026-09-10T09:25:18.354982+00:00
History,multiple,medium,"On which day did construction start on ""The Pentagon"", the headquarters for the United States Department of Defense?","September 11, 1941","June 15, 1947 | January 15, 1943 | September 2, 1962",2026-09-10T09:25:18.354999+00:00
History,multiple,medium,Who was the only US President to be elected four times?,Franklin Roosevelt,Theodore Roosevelt | George Washington | Abraham Lincoln,2026-09-10T09:25:18.355012+00:00
History,multiple,hard,Who was the last emperor of Mexico?,Ferdinand Maximilian,Andrés Manuel López Obrador | Napoleon III | Agustín de Iturbide,2026-09-10T09:25:18.355026+00:00
History,multiple,hard,"After the 1516 Battle of Marj Dabiq, the Ottoman Empire took control of Jerusalem from which sultanate?",Mamluk,Ayyubid | Ummayyad | Seljuq,2026-09-10T09:25:18.355035+00:00
Politics,multiple,medium,Who was the 40th President of the USA?,Ronald Reagan,Jimmy Carter | Bill Clinton | Richard Nixon,2026-09-10T09:25:29.580097+00:00
Politics,multiple,medium,Which president erased the national debt of the United States?,Andrew Jackson,Ronald Reagan | John F. Kennedy | Franklin Roosevelt,2026-09-10T09:25:29.580140+00:00
Politics,boolean,medium,Helen Clark was the 37th Prime Minister of Australia.,False,True,2026-09-10T09:25:29.580150+00:00
Politics,multiple,easy,Who was the 45th President of the United States?,Donald Trump,Barack Obama | Bill Clinton | George Bush,2026-09-10T09:25:29.580164+00:00
Politics,boolean,easy,One of Donald Trump's 2016 Presidential Campaign promises was to build a border wall between the United States and Mexico.,True,False,2026-09-10T09:25:29.580174+00:00
Politics,multiple,medium,"Due to the Nagoya Resolution, China agreed to allow Taiwan to compete separately in international sporting events under what name?",Chinese Taipei,Chinese Taiwan | Republic of Taiwan | Republic of Taipei ,2026-09-10T09:25:29.580191+00:00
Politics,multiple,easy,The largest consumer market in 2015 was...,The United States of America,Germany | Japan | United Kingdom,2026-09-10T09:25:29.580200+00:00
Politics,multiple,hard,What is centralism?, Concentration of power and authority in a central organization.,Conforming to one single common political agenda. | Remaining politically neutral. | The grey area in the spectrum of political left and right.,2026-09-10T09:25:29.580218+00:00
Politics,multiple,hard,Who is the only US president to serve two non-consecutive terms in office?,Grover Cleveland,James K. Polk | Franklin D. Roosevelt | Thomas Jefferson,2026-09-10T09:25:29.580233+00:00
Politics,boolean,medium,George W. Bush lost the popular vote in the 2004 United States presidential election.,False,True,2026-09-10T09:25:29.580240+00:00
Politics,multiple,medium,Who became Prime Minister of the United Kingdom in July 2016?,Theresa May,Boris Johnson | David Cameron | Tony Blair,2026-09-10T09:25:29.580254+00:00
Politics,multiple,hard,Which of the following United States Presidents served the shortest term in office?,William Henry Harrison,Zachary Taylor | James A. Garfield | Warren G. Harding,2026-09-10T09:25:29.580268+00:00
Politics,boolean,easy,The 2016 United States Presidential Election is the first time Hillary Clinton has run for President.,False,True,2026-09-10T09:25:29.580275+00:00
Politics,multiple,easy,"Which former US president was nicknamed ""Teddy"" after he refused to shoot a defenseless black bear?",Theodore Roosevelt,Woodrow Wilson | James F. Fielder | Andrew Jackson,2026-09-10T09:25:29.580290+00:00
Politics,multiple,medium,"In United States history, how many vice presidents did Franklin D. Roosevelt have during his time in office as president?",3,1 | 2 | 0,2026-09-10T09:25:29.580299+00:00
Politics,multiple,medium,"Which former US president used ""Let's Make America Great Again"" as his campaign slogan before Donald Trump's campaign?",Ronald Reagan,Jimmy Carter | Gerald Ford | Richard Nixon,2026-09-10T09:25:29.580315+00:00
Politics,multiple,medium,Who was elected leader of the UK Labour Party in September 2015?,Jeremy Corbyn,Ed Miliband | David Cameron | Theresa May,2026-09-10T09:25:29.580328+00:00
Politics,boolean,easy,"The S in Harry S. Truman stands for ""Samuel"".",False,True,2026-09-10T09:25:29.580334+00:00
Politics,multiple,medium,Who was the only president to not be in office in Washington D.C?,George Washington,Abraham Lincoln | Richard Nixon | Thomas Jefferson,2026-09-10T09:25:29.580347+00:00
Politics,boolean,medium,Vatican city is a full member of United Nations.,False,True,2026-09-10T09:25:29.580353+00:00
Politics,boolean,easy,Russia passed a law in 2013 which outlaws telling children that homosexuals exist.,True,False,2026-09-10T09:25:29.580359+00:00
Politics,multiple,hard,Which nation joined NATO as its 29th member in 2017?,Montenegro,Estonia | Andorra | Iceland,2026-09-10T09:25:29.580365+00:00
Politics,multiple,easy,"Whose 2016 presidential campaign slogan was ""Make America Great Again""?",Donald Trump,Ted Cruz | Marco Rubio | Bernie Sanders,2026-09-10T09:25:29.580392+00:00
Politics,multiple,hard,"""Yes, America Can!"" was this United States politician's de facto campaign slogan in 2004.",George W. Bush,John Kerry | Barack Obama | Al Gore,2026-09-10T09:25:29.580410+00:00
Politics,boolean,easy,Donald Trump won the popular vote in the 2016 United States presidential election.,False,True,2026-09-10T09:25:29.580417+00:00
Politics,boolean,medium,Theresa May was the first female Prime Minister of the United Kingdom.,False,True,2026-09-10T09:25:29.580424+00:00
Politics,multiple,medium,"What was the personal nickname of the 40th Governor of the US State Louisiana, Huey Long?",The Kingfish,The Champ | The Hoot Owl | The Oracle,2026-09-10T09:25:29.580438+00:00
Politics,multiple,medium,Which of these is NOT one of Donald Trump's children?,Julius,Donald Jr. | Ivanka | Eric,2026-09-10T09:25:29.580447+00:00
Politics,multiple,medium,What year did Gerald Ford Become President?,1974,1977 | 1973 | 1969,2026-09-10T09:25:29.580452+00:00
Politics,multiple,hard,Which Native American tribe/nation requires at least one half blood quantum (equivalent to one parent) to be eligible for membership?,Yomba Shoshone Tribe,Standing Rock Sioux Tribe | Kiowa Tribe of Oklahoma | Pawnee Nation of Oklahoma,2026-09-10T09:25:29.580470+00:00
Politics,boolean,medium,"During the 2016 United States presidential election, the State of California possessed the most electoral votes, having 55.",True,False,2026-09-10T09:25:29.580477+00:00
Politics,multiple,easy,Who was South Africa's first Black President?,Nelson Mandela,Mangosuthu Buthelezi | Steve Biko  | Bishop Tutu,2026-09-10T09:25:29.580490+00:00
Politics,multiple,medium,The Watergate Scandal occured in what year?,1972,1973 | 1974 | 1971,2026-09-10T09:25:29.580501+00:00
Politics,multiple,hard,"In June 2017, Saudi Arabia and Egypt broke off ties with which country over its supposed support for terrorism?",Qatar,Bahrain | United States of America | Russia,2026-09-10T09:25:29.580518+00:00
Politics,boolean,easy,"In 2016, the United Kingdom voted to stay in the EU.",False,True,2026-09-10T09:25:29.580525+00:00
Politics,boolean,medium,"Jeb Bush was elected as Governor of Florida in 2002, starting his political career.",False,True,2026-09-10T09:25:29.580531+00:00
Politics,multiple,medium,"Between 1973 to 1990, what country was ruled by dictator Augusto Pinochet?",Chile,Ethiopia | Indonesia | Nicaragua,2026-09-10T09:25:29.580538+00:00
Politics,boolean,easy,"Despite being seperated into multiple countries, The Scandinavian countries are unified by all having the same monarch.",False,True,2026-09-10T09:25:29.580546+00:00
Politics,multiple,easy,How many people are in the U.S. House of Representatives?,435,260 | 415 | 50,2026-09-10T09:25:29.580552+00:00
Politics,multiple,hard,Which of these was an official candidate in the 2017 British General Election?,Lord Buckethead,James Francis | Robert Wimbledon | Sir Crumpetsby,2026-09-10T09:25:29.580565+00:00
Politics,multiple,medium,"Before 2011, ""True Capitalist Radio"" was known by a different name. What was that name?",True Conservative Radio,True Republican Radio | Texan Capitalist Radio | United Capitalists,2026-09-10T09:25:29.580581+00:00
Politics,boolean,medium,"The State of Queensland, Australia voted NO to a referendum for daylight savings in 1992.",True,False,2026-09-10T09:25:29.580588+00:00
Politics,multiple,hard,Which of the following United States senators is known for performing a 24-hour long filibuster?,Strom Thurmond,Roy Blunt | John Barrasso | Chuck Schumer,2026-09-10T09:25:29.580601+00:00
Politics,multiple,medium,"Before 2016, in which other year did Donald Trump run for President?",2000,2012 | 1988 | 2008,2026-09-10T09:25:29.580608+00:00
Politics,multiple,easy,Former United States President Bill Clinton famously played which instrument?,Saxophone,Baritone horn | Piano | Violin,2026-09-10T09:25:29.580617+00:00
Politics,multiple,easy,What candidate won the 2012 US Presidential Election?,Barack Obama,Mitt Romney | Bob Hope | Ross Perot,2026-09-10T09:25:29.580629+00:00
Politics,multiple,hard,What year did the effort to deploy the Common Core State Standards (CCSS) in the US begin?,2009,2012 | 2006 | 1997,2026-09-10T09:25:29.580637+00:00
Politics,multiple,hard,Which major bank's collapse was notable as one of the causes of the Financal Crisis of 2008?,Lehman Brothers,HSBC | Barclays | Lloyds,2026-09-10T09:25:29.580647+00:00
Politics,multiple,hard,"Who was the longest-serving senator in US history, serving from 1959 to 2010?",Robert Byrd,Daniel Inouye | Strom Thurmond | Joe Biden,2026-09-10T09:25:29.580661+00:00
Politics,boolean,hard,Joko Widodo has appeared in the cover of a TIME magazine.,True,False,2026-09-10T09:25:29.580667+00:00
Art,multiple,medium,Which artist's style was to use small different colored dots to create a picture?,Georges Seurat,Paul Cézanne | Vincent Van Gogh | Henri Rousseau,2026-09-10T09:25:40.915251+00:00
Art,multiple,easy,What is the name of the Japanese art of folding paper into decorative shapes and figures?,Origami,Sumi-e | Ukiyo-e | Haiku,2026-09-10T09:25:40.915269+00:00
Art,multiple,easy,What is a fundamental element of the Gothic style of architecture?,pointed arch,coffered ceilings | façades surmounted by a pediment  | internal frescoes,2026-09-10T09:25:40.915286+00:00
Art,boolean,easy,Leonardo da Vinci was not the creator of the Mona Lisa.,False,True,2026-09-10T09:25:40.915293+00:00
Art,multiple,medium,"Who painted the painting ""Nighthawks""?",Edward Hopper,Johannes Vermeer | Vincent van Gogh | Salvador Dali,2026-09-10T09:25:40.915325+00:00
Art,multiple,easy,"Who painted ""Swans Reflecting Elephants"", ""Sleep"", and ""The Persistence of Memory""?",Salvador Dali,Jackson Pollock | Vincent van Gogh | Edgar Degas,2026-09-10T09:25:40.915347+00:00
Art,multiple,easy,Who sculpted the statue of David?,Michelangelo,Gian Lorenzo Bernini | Auguste Rodin | Donatello,2026-09-10T09:25:40.915359+00:00
Art,multiple,hard,"The painting ""The Starry Night"" by Vincent van Gogh was part of which art movement?",Post-Impressionism,Romanticism | Neoclassical | Impressionism,2026-09-10T09:25:40.915367+00:00
Art,multiple,hard,"What year did Albrecht Dürer create the painting ""The Young Hare""?",1502,1702 | 1402 | 1602,2026-09-10T09:25:40.915376+00:00
Art,boolean,hard,Ancient Greek and Roman sculptors often colored their statues.,True,False,2026-09-10T09:25:40.915382+00:00
Art,multiple,hard,What was the major distinction between the English and French Gothic styles of architecture?,Fan vaulting,Pinnacles | Gargoyles | Hemispherical Domes,2026-09-10T09:25:40.915393+00:00
Art,multiple,easy,Which Van Gogh painting depicts the view from his asylum in Saint-Rémy-de-Provence in southern France?,The Starry Night,Wheatfields with Crows | The Sower with Setting Sun | The Church at Auvers,2026-09-10T09:25:40.915410+00:00
Art,multiple,hard,"When was Salvador Dali's painting, ""The Persistence of Memory,"" completed?",1931,1932 | 1929 | 1934,2026-09-10T09:25:40.915418+00:00
Art,multiple,medium,What were Marcel Duchamp's readymades?,utilitarian objects elevated to the status of art,a series focused on color and light as opposed to line and shape | paintings with a barely visible outlined square | a group of identical steel boxes jutting from the wall ,2026-09-10T09:25:40.915438+00:00
Art,multiple,easy, What color is produced by mixing black and white?,Grey,Black | Brown | White,2026-09-10T09:25:40.915445+00:00
Art,multiple,easy,Which painting was not made by Vincent Van Gogh?,The Ninth Wave,Café Terrace at Night | Bedroom In Arles | Starry Night,2026-09-10T09:25:40.915460+00:00
Art,multiple,hard,What was the first successful and commercially viable photographic technique?,The Daguerreotype,Collodion process | The Turin Shroud | Kodachrome film,2026-09-10T09:25:40.915474+00:00
Art,multiple,hard,What year was the Mona Lisa finished?,1504,1487 | 1523 | 1511,2026-09-10T09:25:40.915480+00:00
Art,boolean,hard,"The name ""Impressionsim"" was first given to that art movement by a critic's satirical review of a Monet painting.",True,False,2026-09-10T09:25:40.915488+00:00
Art,multiple,hard,What French sculptor designed the Statue of Liberty? ,Frédéric Auguste Bartholdi,Jean-Léon Gérôme | Auguste Rodin | Henri Matisse,2026-09-10T09:25:40.915504+00:00
Art,multiple,hard,"The painting ""Guernica"" by Pablo Picasso expressed emotions of dread in response to which war?",Spanish Civil War,World War I | The Crimean War | Spanish-American War,2026-09-10T09:25:40.915519+00:00
Art,multiple,medium,Which of these paintings did Johannes Vermeer not paint?,Bacchus,Girl with a Pearl Earring | The Milkmaid | The Lacemaker,2026-09-10T09:25:40.915531+00:00
Art,multiple,hard,Paul Gauguin moved to which country in 1895?,Tahiti,France | Atuona | Lithuania,2026-09-10T09:25:40.915537+00:00
Art,multiple,hard,Albrecht Dürer's birthplace and place of death were in...,Nürnberg,Augsburg | Bamberg | Berlin,2026-09-10T09:25:40.915546+00:00
Art,multiple,easy,What is another name for La Gioconda / La Joconde?,The Mona Lisa,The Girl with a Pearl Earring | The Starry Night | Sunflowers,2026-09-10T09:25:40.915559+00:00
Art,multiple,medium,"Who painted ""The Scream""?",Edvard Munch,Vincent Van Gogh | Picasso | Henri Matisse,2026-09-10T09:25:40.915608+00:00
Art,multiple,medium,Which artist’s studio was known as 'The Factory'?,Andy Warhol,Roy Lichtenstein | David Hockney | Peter Blake,2026-09-10T09:25:40.915633+00:00
Art,multiple,easy,Who painted the Sistine Chapel?,Michelangelo,Leonardo da Vinci | Pablo Picasso | Raphael,2026-09-10T09:25:40.915643+00:00
Art,multiple,hard,What nationality was the famous artist Pablo Picasso?,Spanish,French | Italian | German,2026-09-10T09:25:40.915650+00:00
Art,multiple,medium,Who painted the epic mural Guernica?,Pablo Picasso,Francisco Goya | Leonardo da Vinci | Henri Matisse,2026-09-10T09:25:40.915662+00:00
Art,boolean,easy,Leonardo da Vinci's Mona Lisa does not have eyebrows.,True,False,2026-09-10T09:25:40.915668+00:00
Art,multiple,medium,Who designed the Chupa Chups logo?,Salvador Dali,Pablo Picasso | Andy Warhol | Vincent van Gogh,2026-09-10T09:25:40.915680+00:00
Art,multiple,medium,"Which artist painted “The Treachery of Images,” a painting of a pipe with the description ""this is not a pipe""?",Magritte,Matisse | Modigliani | Munch ,2026-09-10T09:25:40.915693+00:00
Art,multiple,easy,Who painted The Starry Night?,Vincent van Gogh,Pablo Picasso | Leonardo da Vinci | Michelangelo,2026-09-10T09:25:40.915703+00:00
Art,boolean,hard,A typical trait of the Expressionist art movement is to distort the world radically for emotional effect.,True,False,2026-09-10T09:25:40.915711+00:00
Art,boolean,medium,"Venus of Willendorf is one of the earliest works of art, depicting the planets Mars and Venus embrace in the heavens at night.",False,True,2026-09-10T09:25:40.915720+00:00
Art,multiple,hard,Painter Piet Mondrian (1872 - 1944) was a part of what movement?,Neoplasticism,Precisionism | Cubism | Impressionism,2026-09-10T09:25:40.915728+00:00
Art,multiple,easy,What is the world's oldest known piece of fiction?,Epic of Gilgamesh,Papyrus of Ani | Code of Hammurabi | Rosetta Stone,2026-09-10T09:25:40.915741+00:00
Art,multiple,medium,Which time signature is commonly known as “Cut Time?”,2/2,4/4 | 6/8 | 3/4,2026-09-10T09:25:40.915756+00:00
Art,multiple,easy,Who painted the Mona Lisa?,Leonardo da Vinci ,Pablo Picasso |  Vincent van Gogh | Michelangelo,2026-09-10T09:25:40.915767+00:00
Art,multiple,hard,"How many paint and pastel versions of ""The Scream"" is Norwegian painter Edvard Munch believed to have produced?",4,1 | 3 | 2,2026-09-10T09:25:40.915776+00:00
Art,multiple,medium,Which of these are the name of a famous marker brand?,Copic,Dopix | Cofix | Marx,2026-09-10T09:25:40.915783+00:00
Art,multiple,medium,"In ""Last Supper"" by Leonardo Da Vinci, what two colors were the robes worn by Jesus?",Red and Blue,Red and White | Red and Yellow | Red and Black,2026-09-10T09:25:40.915799+00:00
Art,multiple,medium,What nationality was the surrealist painter Salvador Dali?,Spanish,Italian | French | Portuguese,2026-09-10T09:25:40.915805+00:00
Art,multiple,hard,Which art movement was Pablo Picasso known for co-founding?,Cubism,Futurism | Expressionism | Impressionism,2026-09-10T09:25:40.915811+00:00
Art,multiple,hard,Which of these is not an additional variation of the color purple?,Kobicha,Byzantium | Pomp and Power | Palatinate,2026-09-10T09:25:40.915820+00:00
Art,multiple,easy,Who painted the Mona Lisa?,Leonardo da Vinci,Pablo Picasso | Claude Monet | Vincent van Gogh,2026-09-10T09:25:40.915831+00:00
Art,boolean,hard,The Statue of Liberty's official name is “Liberty Enlightening the World”.,True,False,2026-09-10T09:25:40.915839+00:00
Art,multiple,medium,Which one of these paintings is not by Caspar David Friedrich?,The Black Sea,The Sea of Ice | Wanderer above the Sea of Fog | The Monk by the Sea,2026-09-10T09:25:40.915854+00:00
Art,boolean,medium,"Pablo Picasso is one of the founding fathers of ""Cubism.""",True,False,2026-09-10T09:25:40.915860+00:00
Celebrities,multiple,easy,Neil Hamburger is played by which comedian?,Gregg Turkington,Nathan Fielder | Tim Heidecker | Todd Glass,2026-09-10T09:25:52.146159+00:00
Celebrities,multiple,medium,"In 2014, this new top 100 rapper who featured in ""Computers"" and ""Body Dance"" was arrested in a NYPD sting for murder.",Bobby Shmurda,DJ Snake | Swae Lee | Young Thug,2026-09-10T09:25:52.146189+00:00
Celebrities,multiple,easy,"Named after a character he played in a 1969 film, what is the name of the ski resort in Utah that Robert Redford bought in 1968?",Sundance,Woodward | Turner | Booker,2026-09-10T09:25:52.146201+00:00
Celebrities,multiple,medium,"Which radio personality calls himself ""The King of All Media""?",Howard Stern,Rush Limbaugh | Pete Tong | Ryan Seacrest,2026-09-10T09:25:52.146215+00:00
Celebrities,multiple,easy,Which celebrity announced his presidency in 2015?,Kanye West,Donald Trump | Leonardo DiCaprio | Miley Cyrus,2026-09-10T09:25:52.146239+00:00
Celebrities,multiple,easy,What does film maker Dan Bell typically focus his films on?,Abandoned Buildings and Dead Malls,Historic Landmarks | Action Films | Documentaries ,2026-09-10T09:25:52.146254+00:00
Celebrities,multiple,medium,What year was O.J. Simpson aquitted of his murder charges?,1995,1992 | 1996 | 1991,2026-09-10T09:25:52.146261+00:00
Celebrities,multiple,medium,In which situation was musician John Lennon assassinated?,Attempting to enter the Dakota Apartments building,During an impromptu walk through Central Park | Signing an autograph outside the Record Plant studio | Waiting outside a music venue in Manhattan following a gig,2026-09-10T09:25:52.146281+00:00
Celebrities,multiple,medium,Donald J. Trump's Middle Name is...,John,Jeff | Jerald | Jason,2026-09-10T09:25:52.146287+00:00
Celebrities,boolean,hard,Lady Gaga's real name is Stefani Joanne Angelina Germanotta.,True,False,2026-09-10T09:25:52.146292+00:00
Celebrities,multiple,medium,"Which TV chef wrote an autobiography titled ""Humble Pie""?",Gordon Ramsay,Jamie Oliver | Ainsley Harriott | Antony Worrall Thompson,2026-09-10T09:25:52.146306+00:00
Celebrities,multiple,hard,"What was the religion of famous singer ""Freddie Mercury""?",Zoroastrianism,Paganism | Ashurism | Judaism,2026-09-10T09:25:52.146313+00:00
Celebrities,boolean,medium,"Terry Gilliam is the only American member of the comedy troupe ""Monty Python.""",True,False,2026-09-10T09:25:52.146320+00:00
Celebrities,multiple,medium,"What is the real name of ""moot"", founder of the imageboard 4chan?",Christopher Poole,Mark Zuckerberg | Allison Harvard | Catie Wayne,2026-09-10T09:25:52.146334+00:00
Celebrities,multiple,medium,"Who is ""James Rolfe"" better known as?",The Angry Video Game Nerd,TotalBiscuit | PeanutButterGamer | PewDiePie,2026-09-10T09:25:52.146342+00:00
Celebrities,multiple,hard,How tall is Tom Cruise?,5′ 7″,5′ 9″ | 5′ 4″ | 5′ 5″,2026-09-10T09:25:52.146361+00:00
Celebrities,multiple,hard,The eccentric natural philosopher Tycho Brahe kept what as a pet?,Moose,Dog | Bear | Goat,2026-09-10T09:25:52.146368+00:00
Celebrities,multiple,hard,"Which school in Surrey, England did Steve Backshall attend?",Collingwood College,Tomlinscote School | Kings International College | Lyndhurst School,2026-09-10T09:25:52.146398+00:00
Celebrities,multiple,medium,"Which American celebrity died in 1977 playing golf in La Moraleja, Madrid?",Bing Crosby,Elvis Presley | Charlie Chaplin | Groucho Marx,2026-09-10T09:25:52.146416+00:00
Celebrities,multiple,medium,Which television show has Dan Gheesling been on?,Big Brother,Jeopardy | Survivor | The Bachelor,2026-09-10T09:25:52.146426+00:00
Celebrities,multiple,medium,"If he was still alive, in what year would Elvis Presley celebrate his 100th birthday?",2035,2030 | 2040 | 2045,2026-09-10T09:25:52.146434+00:00
Celebrities,multiple,medium,Which famous New York Yankees outfielder did Marilyn Monroe marry?,Joe DiMaggio,Tino Martinez | Babe Ruth | Mason Williams,2026-09-10T09:25:52.146448+00:00
Celebrities,multiple,medium,What is Doug Walker's YouTube name?,The Nostalgia Critic,The Angry Video Game Nerd | AngryJoeShow | The Cinema Snob,2026-09-10T09:25:52.146460+00:00
Celebrities,multiple,medium,Which of these people is NOT a part of the Internet comedy group Mega64?,Jon Jafari,Rocco Botte | Derrick Acosta | Shawn Chatfield,2026-09-10T09:25:52.146474+00:00
Celebrities,multiple,medium,In which of these TV shows did the chef Gordon Ramsay not appear?,Auction Hunters,Ramsay's Kitchen Nightmares | Hotel Hell | Hell's Kitchen,2026-09-10T09:25:52.146489+00:00
Celebrities,boolean,easy,"Marilyn Monroe was born on July 1, 1926.",False,True,2026-09-10T09:25:52.146494+00:00
Celebrities,multiple,medium,"In what year did ""Bob Ross"" die?",1995,1986 | 1989 | 1997,2026-09-10T09:25:52.146500+00:00
Celebrities,multiple,medium,"Nikki Diamond portrayed which Gladiator in the 1992 TV show ""Gladiators""?",Scorpio,Jet | Nightshade | Falcon,2026-09-10T09:25:52.146507+00:00
Celebrities,multiple,easy,By what name is Carlos Estevez better known? ,Charlie Sheen,Ricky Martin | Bruno Mars | Joaquin Phoenix,2026-09-10T09:25:52.146520+00:00
Celebrities,multiple,easy,Gwyneth Paltrow has a daughter named...?,Apple,Lily | French | Dakota,2026-09-10T09:25:52.146526+00:00
Celebrities,multiple,medium,Paul McCartney has always used his middle name. What is his real first name? ,James,John | Jack | Justin,2026-09-10T09:25:52.146533+00:00
Celebrities,multiple,medium,What was the name of Marilyn Monroe's first husband?,James Dougherty,Joe Dimaggio | Kirk Douglas | Arthur Miller,2026-09-10T09:25:52.146546+00:00
Celebrities,multiple,medium,Who out of these actresses is the youngest?,Kiernan Shipka,Ariel Winter | Emma Watson | Bonnie Wright,2026-09-10T09:25:52.146558+00:00
Celebrities,multiple,hard,Gabe Newell was born in which year?,1962 ,1970 | 1960 | 1972,2026-09-10T09:25:52.146566+00:00
Celebrities,multiple,medium,Where was Kanye West born?,"Atlanta, Georgia","Chicago, Illinois | Los Angeles, California | Detroit, Michigan",2026-09-10T09:25:52.146579+00:00
Celebrities,multiple,medium,What year did radio icon Howard Stern start a job at radio station WNBC?,1982,1985 | 1984 | 1995,2026-09-10T09:25:52.146586+00:00
Celebrities,multiple,easy,Aubrey Graham is better known as,Drake,Travis Scott | Lil Wayne | 2 Chainz,2026-09-10T09:25:52.146597+00:00
Celebrities,multiple,easy,What was James Coburn's last film role before his death?,American Gun,Monsters Inc | Texas Rangers | Snow Dogs,2026-09-10T09:25:52.146610+00:00
Celebrities,multiple,medium,"Before voicing Pearl in Steven Universe, Deedee Magno Hall was part of which American band?",The Party,The Weather Girls | The Pussycat Dolls | The Cheetah Girls,2026-09-10T09:25:52.146625+00:00
Celebrities,boolean,medium,Michael Jackson had a pet python named ‘Crusher’.,True,False,2026-09-10T09:25:52.146632+00:00
Celebrities,multiple,hard,Billy Herrington is from which US state?,New York,Arizona | California | Georgia,2026-09-10T09:25:52.146640+00:00
Celebrities,multiple,medium,How old was Muhammad Ali when he died?,74,61 | He's still alive | 56,2026-09-10T09:25:52.146648+00:00
Celebrities,multiple,medium,When was Elvis Presley born?,"January 8, 1935","December 13, 1931 | July 18, 1940 | April 17, 1938",2026-09-10T09:25:52.146669+00:00
Celebrities,multiple,easy,What was the cause of Marilyn Monroes suicide?,Drug Overdose,Knife Attack | House Fire | Gunshot,2026-09-10T09:25:52.146680+00:00
Celebrities,multiple,medium,"How much weight did Chris Pratt lose for his role as Star-Lord in ""Guardians of the Galaxy""?",60 lbs,30 lbs | 50 lbs | 70 lbs,2026-09-10T09:25:52.146695+00:00
Celebrities,multiple,easy,Which actress married Michael Douglas in 2000?,Catherine Zeta-Jones,Ruth Jones | Pam Ferris | Sara Sugarman,2026-09-10T09:25:52.146708+00:00
Celebrities,multiple,hard,Who was Donald Trump's first wife?,Ivana Zelníčková,Melania Knauss | Marla Maples | Nancy Davis,2026-09-10T09:25:52.146722+00:00
Celebrities,multiple,medium,What caused Jake Lloyd who played Anakin Skywalker in The Phantom Menace to quit acting?,Bullying,Criminal Record | Nomination for Worst Actor | Racism,2026-09-10T09:25:52.146752+00:00
Celebrities,boolean,easy,Tupac Shakur died due to complications from being stabbed in 1996.,False,True,2026-09-10T09:25:52.146760+00:00
Celebrities,multiple,easy,By which name is Ramon Estevez better known as?,Martin Sheen,Charlie Sheen | Ramon Sheen | Emilio Estevez,2026-09-10T09:25:52.146773+00:00
Animals,boolean,easy,A slug’s blood is green.,True,False,2026-09-10T09:26:03.372895+00:00
Animals,multiple,medium,"What is the scientific name for the ""Polar Bear""?",Ursus Maritimus,Polar Bear | Ursus Spelaeus | Ursus Arctos,2026-09-10T09:26:03.372924+00:00
Animals,boolean,medium,Finnish Lapphund dogs were used for herding reindeer.,True,False,2026-09-10T09:26:03.372930+00:00
Animals,multiple,easy,What is the scientific name for modern day humans?,Homo Sapiens,Homo Ergaster | Homo Erectus | Homo Neanderthalensis,2026-09-10T09:26:03.372944+00:00
Animals,boolean,easy,"In 2016, the IUCN reclassified the status of Giant Pandas from endangered to vulnerable.",True,False,2026-09-10T09:26:03.372952+00:00
Animals,boolean,medium,The echidna is a monotreme.,True,False,2026-09-10T09:26:03.372957+00:00
Animals,multiple,easy,What is Grumpy Cat's real name?,Tardar Sauce,Sauce | Minnie | Broccoli,2026-09-10T09:26:03.372965+00:00
Animals,multiple,medium,What is the collective noun for bears?,Sloth,Drove | Tribe | Husk,2026-09-10T09:26:03.372971+00:00
Animals,boolean,easy,The Killer Whale is considered a type of dolphin.,True,False,2026-09-10T09:26:03.372976+00:00
Animals,boolean,easy,A flock of crows is known as a homicide.,False,True,2026-09-10T09:26:03.372982+00:00
Animals,multiple,easy,Which breed of dog is traditionally associated with firefighters?,Dalmatians,German Shepard | Great Dane | Mastiff,2026-09-10T09:26:03.372992+00:00
Animals,multiple,medium,What is the name for a male bee that comes from an unfertilized egg?,Drone,Soldier | Worker | Male,2026-09-10T09:26:03.372999+00:00
Animals,multiple,easy,What colour is the female blackbird?,Brown,Black | White | Yellow,2026-09-10T09:26:03.373005+00:00
Animals,boolean,easy,A bear does NOT defecate during hibernation. ,True,False,2026-09-10T09:26:03.373010+00:00
Animals,multiple,easy,"The Kākāpō is a large, flightless, nocturnal parrot native to which country?",New Zealand,South Africa | Australia | Madagascar,2026-09-10T09:26:03.373023+00:00
Animals,boolean,medium,"The Ceratosaurus, a dinosaur known for having a horn on the top of its nose, is also known to be a decendent of the Tyrannosaurus Rex.",False,True,2026-09-10T09:26:03.373033+00:00
Animals,boolean,easy,Elephants are physically unable to jump.,True,False,2026-09-10T09:26:03.373038+00:00
Animals,multiple,hard,"To which biological phylum do all mammals, birds and reptiles belong?",Chordata,Echinodermata | Annelida | Placazoa,2026-09-10T09:26:03.373045+00:00
Animals,boolean,medium,Otters have pockets under their arms for carrying their favourite snacks and rocks.,True,False,2026-09-10T09:26:03.373051+00:00
Animals,multiple,easy,Hippocampus is the Latin name for which marine creature?,Seahorse,Dolphin | Whale | Octopus,2026-09-10T09:26:03.373057+00:00
Animals,multiple,hard,What is the Gray Wolf's scientific name?,Canis Lupus,Canis Aureus | Canis Latrans | Canis Lupus Lycaon,2026-09-10T09:26:03.373069+00:00
Animals,multiple,hard,What bird is born with claws on its wing digits?,Hoatzin,Cormorant | Cassowary | Secretary bird,2026-09-10T09:26:03.373077+00:00
Animals,boolean,medium,Sea sponges can have hearts.,False,True,2026-09-10T09:26:03.373082+00:00
Animals,boolean,medium,"""Kamea,"" the Gilbertese Islander word for dog, is derived from the English phrase ""Come here!""",True,False,2026-09-10T09:26:03.373091+00:00
Animals,multiple,easy,"By definition, where does an abyssopelagic animal live?",At the bottom of the ocean,In the desert | On top of a mountain | Inside a tree,2026-09-10T09:26:03.373106+00:00
Animals,multiple,medium,Which animal was part of an Russian domestication experiment in 1959?,Foxes,Pigeons | Bears | Alligators,2026-09-10T09:26:03.373113+00:00
Animals,multiple,medium,About how much of their body weight in food do sea otters eat every day?,25%,10% | 80% | 45%,2026-09-10T09:26:03.373128+00:00
Animals,boolean,easy,Rabbits can't vomit.,True,False,2026-09-10T09:26:03.373132+00:00
Animals,boolean,easy,The internet browser Firefox is named after the Red Panda.,True,False,2026-09-10T09:26:03.373138+00:00
Animals,multiple,easy,What is the name of a rabbit's abode?,Burrow,Nest | Den | Dray,2026-09-10T09:26:03.373144+00:00
Animals,boolean,medium,An octopus can fit through any hole larger than its beak.,True,False,2026-09-10T09:26:03.373151+00:00
Animals,multiple,easy,What color is a Steller's Jay?,blue and black,blue and grey | blue and white | grey and black,2026-09-10T09:26:03.373180+00:00
Animals,multiple,medium,What are the scales on all snakes and most lizards are made of?,Keratin,Ecdysis | Epidermis | Ankyloglossia,2026-09-10T09:26:03.373190+00:00
Animals,multiple,hard,What type of creature is a Bonobo?,Ape,Lion | Parrot | Wildcat,2026-09-10T09:26:03.373197+00:00
Animals,multiple,easy,What do you call a baby bat?,Pup,Cub | Chick | Kid,2026-09-10T09:26:03.373203+00:00
Animals,multiple,easy,Which is the national animal of India?,Tiger,Lion | Horse | Camel,2026-09-10T09:26:03.373208+00:00
Animals,multiple,medium,Which of these species is not extinct?,Komodo dragon,Japanese sea lion | Tasmanian tiger | Saudi gazelle,2026-09-10T09:26:03.373222+00:00
Animals,multiple,hard,"Which of the following is another name for the ""Poecilotheria Metallica Tarantula""?",Gooty,Hopper | Silver Stripe | Woebegone,2026-09-10T09:26:03.373231+00:00
Animals,multiple,medium,"""Decapods"" are an order of ten-footed crustaceans.  Which of these are NOT decapods?",Krill,Lobsters | Shrimp | Crabs,2026-09-10T09:26:03.373239+00:00
Animals,multiple,hard,What scientific family does the Aardwolf belong to?,Hyaenidae,Canidae | Felidae | Eupleridae,2026-09-10T09:26:03.373245+00:00
Animals,boolean,easy,Zebras are white with black stripes.,False,True,2026-09-10T09:26:03.373250+00:00
Animals,multiple,medium,"The now extinct species ""Thylacine"" was native to where?","Tasmania, Australia","Baluchistan, Pakistan | Wallachia, Romania | Oregon, United States",2026-09-10T09:26:03.373269+00:00
Animals,multiple,medium,"A carnivorous animal eats flesh, what does a nucivorous animal eat?",Nuts,Nothing | Fruit | Seaweed,2026-09-10T09:26:03.373276+00:00
Animals,boolean,medium,"The ""mountain chicken"" is a chicken.",False,True,2026-09-10T09:26:03.373282+00:00
Animals,multiple,medium,What type of animal is a natterjack?,Toad,Bird | Fish | Insect,2026-09-10T09:26:03.373288+00:00
Animals,multiple,hard,How many known living species of hyenas are there?,4,8 | 2 | 6,2026-09-10T09:26:03.373295+00:00
Animals,multiple,hard,What was the name of the Ethiopian Wolf before they knew it was related to wolves?,Simien Jackel,Ethiopian Coyote | Amharic Fox | Canis Simiensis,2026-09-10T09:26:03.373310+00:00
Animals,multiple,medium,What is the fastest animal?,Peregrine Falcon,Golden Eagle | Cheetah | Horsefly,2026-09-10T09:26:03.373319+00:00
Animals,multiple,easy,Wombats are native to which Country?,Australia,New Zealand | Papua New Guinea | Palau,2026-09-10T09:26:03.373328+00:00
Animals,multiple,hard,What is the collective noun for vultures?,Wake,Ambush | Building | Gaze,2026-09-10T09:26:03.373334+00:00
Vehicles,multiple,hard,Which Audi does not use Haldex based all wheel drive system?,Audi A8,Audi TT | Audi S3 | Audi A3,2026-09-10T09:26:14.630624+00:00
Vehicles,multiple,easy,"Which car tire manufacturer is famous for its ""P Zero"" line?",Pirelli,Goodyear | Bridgestone | Michelin,2026-09-10T09:26:14.630644+00:00
Vehicles,multiple,hard,What year did the Chevrolet LUV mini truck make its debut?,1972,1982 | 1975 | 1973,2026-09-10T09:26:14.630652+00:00
Vehicles,multiple,easy,"During World War 2, with tank was the most fear by the allies?",PanzerKampfwagen V Panther,Marder III | Mks Matilda II | PanzerKampfwagen VI Tiger ,2026-09-10T09:26:14.630669+00:00
Vehicles,multiple,medium,Which country has the international vehicle registration letter 'A'?,Austria,Afghanistan | Australia | Armenia,2026-09-10T09:26:14.630676+00:00
Vehicles,boolean,medium,The Japanese Shinkansen beat the French TGV's speed record for fastest electric rail train.,False,True,2026-09-10T09:26:14.630706+00:00
Vehicles,multiple,medium,When was Tesla founded?,2003,2008 | 2005 | 2007,2026-09-10T09:26:14.630714+00:00
Vehicles,multiple,medium,"What country is the Hussarya supercar, made by the car manufacturer ""Arrinera"", assembled in?",Poland,China | Sweden | Italy,2026-09-10T09:26:14.630724+00:00
Vehicles,multiple,medium,Which supercar company is from Sweden?,Koenigsegg,Bugatti | Lamborghini | McLaren,2026-09-10T09:26:14.630730+00:00
Vehicles,multiple,easy,What are the cylinder-like parts that pump up and down within the engine?,Pistons,Leaf Springs | Radiators | ABS,2026-09-10T09:26:14.630740+00:00
Vehicles,multiple,easy,Jaguar Cars was previously owned by which car manfacturer?,Ford,Chrysler | General Motors | Fiat,2026-09-10T09:26:14.630749+00:00
Vehicles,multiple,medium,What was the first vehicle that came with air conditioning as a factory standard?,Packard,Tucker | Ford | Hudson,2026-09-10T09:26:14.630756+00:00
Vehicles,multiple,medium,What do the 4 Rings in Audi's Logo represent?,Previously independent automobile manufacturers,States in which Audi makes the most sales | Main cities vital to Audi | Countries in which Audi makes the most sales,2026-09-10T09:26:14.630774+00:00
Vehicles,multiple,hard,Which Variable Valve Timing technology is used by BMW?,VANOS,VVT-iw | VVEL | MultiAir,2026-09-10T09:26:14.630781+00:00
Vehicles,multiple,hard,"What kind of train was Stepney, a train on the Bluebell Railway notable for his appearance in ""The Railway Series""?",LB&SCR A1X,LB&SCR E2 | LB&SCR J1 | LB&SCR D1,2026-09-10T09:26:14.630809+00:00
Vehicles,multiple,medium,Which of the following passenger jets is the longest?,Boeing 747-8,Airbus A350-1000 | Airbus A330-200 | Boeing 787-10,2026-09-10T09:26:14.630823+00:00
Vehicles,multiple,medium,What was the aircraft registration for the last Concorde built?,G-BOAF,F-BTSC | G-BOAC | F-BVFF,2026-09-10T09:26:14.630830+00:00
Vehicles,multiple,easy,Which Italian city is home of the car manufacturer 'Fiat'?,Turin,Maranello | Modena | Rome,2026-09-10T09:26:14.630841+00:00
Vehicles,multiple,easy,The Italian automaker Lamborghini uses what animal as its logo?,Bull,Bat | Horse | Snake,2026-09-10T09:26:14.630848+00:00
Vehicles,multiple,medium,Which of the following car models has been badge-engineered (rebadged) the most?,Isuzu Trooper,Holden Monaro | Suzuki Swift | Chevy Camaro,2026-09-10T09:26:14.630862+00:00
Vehicles,multiple,medium,When was Cadillac founded?,1902,1964 | 1898 | 1985,2026-09-10T09:26:14.630867+00:00
Vehicles,boolean,easy,The Honda Motor Corporation originates in Japan,True,False,2026-09-10T09:26:14.630872+00:00
Vehicles,multiple,medium,Which of the following countries has officially banned the civilian use of dash cams in cars?,Austria,United States | Czechia | South Korea,2026-09-10T09:26:14.630883+00:00
Vehicles,boolean,medium,Ferrari has never made a V10 engine for any of its cars.,False,True,2026-09-10T09:26:14.630889+00:00
Vehicles,multiple,easy,"Which car tire manufacturer is famous for its ""Eagle"" brand of tires, and is the official tire supplier of NASCAR?",Goodyear,Pirelli | Bridgestone | Michelin,2026-09-10T09:26:14.630898+00:00
Vehicles,multiple,hard,What was the name of the first front-wheel-drive car produced by Datsun (now Nissan)?,Cherry,Sunny | Bluebird | Skyline,2026-09-10T09:26:14.630906+00:00
Vehicles,boolean,easy,The full English name of the car manufacturer BMW is Bavarian Motor Works,True,False,2026-09-10T09:26:14.630912+00:00
Vehicles,multiple,hard,What engine is in the Lexus SC400?,1UZ-FE,2JZ-GTE | 7M-GTE | 5M-GE,2026-09-10T09:26:14.630918+00:00
Vehicles,multiple,medium,"The British Rail Class 700, Class 707 and the Class 717 are part of what train family?",Desiro City,Networker | Aventra | Electrostar,2026-09-10T09:26:14.630927+00:00
Vehicles,multiple,medium,Which one of the following is not made by Ford?,Camry,Fusion | Model A | F-150,2026-09-10T09:26:14.630935+00:00
Vehicles,multiple,easy,What animal is pictured on the logo of the automobile manufacturer Porsche?,Horse,Bull | Lion | Cheetah,2026-09-10T09:26:14.630942+00:00
Vehicles,multiple,easy,What UK Train does NOT go over 125MPH?,Sprinter,Class 43 | Javelin | Pendolino,2026-09-10T09:26:14.630950+00:00
Vehicles,multiple,medium,What nickname was given to Air Canada Flight 143 after it ran out of fuel and glided to safety in 1983?,Gimli Glider,Gimli Microlight | Gimli Chaser | Gimli Superb,2026-09-10T09:26:14.630965+00:00
Vehicles,multiple,easy,What is the name of Nissan's most popular electric car?,Leaf,Tree | Deer | Roots,2026-09-10T09:26:14.630972+00:00
Vehicles,boolean,medium,The Chevrolet Corvette has always been made exclusively with V8 engines only.,False,True,2026-09-10T09:26:14.630978+00:00
Vehicles,multiple,easy,Which of the following collision avoidance systems helps airplanes avoid colliding with each other?,TCAS,GPWS | OCAS | TAWS,2026-09-10T09:26:14.630986+00:00
Vehicles,multiple,hard,What car manufacturer gave away their patent for the seat-belt in the interest of saving lives?,Volvo,Ferrari | Ford | Renault,2026-09-10T09:26:14.630993+00:00
Vehicles,boolean,medium,The first true automobile ever made was the 1886 Benz Patent-Motorwagen.,True,False,2026-09-10T09:26:14.630999+00:00
Vehicles,multiple,easy,Which of the following vehicles from Ford is named after a WW2 Fighter Plane?,Mustang,Explorer | Ranger | Galaxy,2026-09-10T09:26:14.631007+00:00
Vehicles,boolean,medium,The majority of Subaru vehicles are made in China.,False,True,2026-09-10T09:26:14.631012+00:00
Vehicles,multiple,hard,Volkswagen's legendary VR6 engine has cylinders positioned at what degree angle?,15 Degree,30 Degree | 45 Degree | 90 Degree,2026-09-10T09:26:14.631025+00:00
Vehicles,boolean,medium,Arriva is owned by the Deutsche Bahn.,True,False,2026-09-10T09:26:14.631031+00:00
Vehicles,boolean,medium,"When BMW was established in 1916, it was producing automobiles.",False,True,2026-09-10T09:26:14.631036+00:00
Vehicles,boolean,medium,"Mitsubishi Motors has had a 30-year partnership with Jackie Chan, whose movies have prominently featured their vehicles.",True,False,2026-09-10T09:26:14.631044+00:00
Vehicles,multiple,easy,Which of these automotive brands originated in Sweden?,Volvo,Mercedes | Acura | Lincoln,2026-09-10T09:26:14.631050+00:00
Vehicles,multiple,medium,Complete the following analogy: Audi is to Volkswagen as Infiniti is to ?,Nissan,Honda | Hyundai | Subaru,2026-09-10T09:26:14.631057+00:00
Vehicles,boolean,medium,The General Motors EV1 was the first street-legal production electric vehicle.,False,True,2026-09-10T09:26:14.631063+00:00
Vehicles,multiple,medium,"What part of an automobile engine uses lobes to open and close intake and exhaust valves, and allows an air/fuel mixture into the engine?",Camshaft,Piston | Drive shaft | Crankshaft,2026-09-10T09:26:14.631075+00:00
Vehicles,multiple,easy,The LS3 engine is how many cubic inches?,376,346 | 364 | 427,2026-09-10T09:26:14.631081+00:00
Vehicles,multiple,hard,Which one of these chassis codes are used by BMW 3-series?,E46,E39 | E85 | F10,2026-09-10T09:26:14.631087+00:00
Entertainment: Comics,multiple,hard,"What are the names of the two ""Canon fan trolls"" in ""Homestuck""?",Mierfa Durgas and Nektan Whelan,The Wrycrown and Voksea Olkido | Aikter Frekik and Xagrai Ollomu | Grekei Ceknux and Riya Camacho,2026-09-10T09:26:25.866313+00:00
Entertainment: Comics,multiple,hard,"In the ""Archie"" comics, who was Jughead's first girlfriend?",Joani,Ethel | Debbi | Margret,2026-09-10T09:26:25.866332+00:00
Entertainment: Comics,multiple,medium,Who authored The Adventures of Tintin?,Hergé,E.P. Jacobs | Rin Tin Tin | Chic Young,2026-09-10T09:26:25.866347+00:00
Entertainment: Comics,multiple,medium,Who created Ultron of Earth-616?,Henry Pym,Amadeus Cho | Tony Stark | Reed Richards,2026-09-10T09:26:25.866360+00:00
Entertainment: Comics,boolean,easy,Deadpool's identity is Slade Wilson.,False,True,2026-09-10T09:26:25.866365+00:00
Entertainment: Comics,multiple,medium,What is Hellboy's true name?,Anung Un Rama,Right Hand of Doom | Ogdru Jahad | Azzael,2026-09-10T09:26:25.866376+00:00
Entertainment: Comics,multiple,medium,What's the name of Batman's parents?,Thomas & Martha,Joey & Jackie | Jason & Sarah | Todd & Mira,2026-09-10T09:26:25.866392+00:00
Entertainment: Comics,multiple,medium,"The success of DC Comics' Swamp Thing, Sandman, and other books in a similar style, led to the creation of what new imprint in 1993?",Vertigo,Impact | New Universe | Red Circle,2026-09-10T09:26:25.866406+00:00
Entertainment: Comics,boolean,hard,"In the comic book ""Archie"", Betty is friends with Veronica because she is rich.",False,True,2026-09-10T09:26:25.866413+00:00
Entertainment: Comics,multiple,medium,"In the Hellboy universe, who founded the BPRD?",Trevor Bruttenholm,Kate Corrigan | Johann Kraus | Benjamin Daimio,2026-09-10T09:26:25.866445+00:00
Entertainment: Comics,multiple,medium,"In Calvin and Hobbes, what is the name of the principal at Calvin's school?",Mr. Spittle,Mr. Boreman | Mr. Spitling | Mr. Moe,2026-09-10T09:26:25.866460+00:00
Entertainment: Comics,multiple,easy,"In DC comics, what is Owlman's real name?",Thomas Wayne Jr.,Thomas Wayne | Bruce Wayne | Joseph Chill ,2026-09-10T09:26:25.866474+00:00
Entertainment: Comics,multiple,medium,"In Calvin and Hobbes, what is the name of the babysitter's boyfriend?",Charlie,Dave | Charles | Nathaniel,2026-09-10T09:26:25.866481+00:00
Entertainment: Comics,multiple,easy,Which one of these superhero teams appears in the Invincible comics?,Guardians of the Globe,Avengers | Justice League | Teenage Mutant Ninja Turtles,2026-09-10T09:26:25.866494+00:00
Entertainment: Comics,multiple,easy,What's the race of Invincible's father?,Viltrumite,Kryptonian | Kree | Irken,2026-09-10T09:26:25.866500+00:00
Entertainment: Comics,multiple,hard,"In the Batman comics, by what other name is the villain Dr. Jonathan Crane known?",Scarecrow,Bane | Calendar Man | Clayface,2026-09-10T09:26:25.866509+00:00
Entertainment: Comics,multiple,medium,What is the designation given to the Marvel Cinematic Universe?,Earth-199999,Earth-616 | Earth-10005 | Earth-2008,2026-09-10T09:26:25.866516+00:00
Entertainment: Comics,multiple,easy,What is the full first name of the babysitter in Calvin and Hobbes?,Rosalyn,Rose | Ruby | Rachel,2026-09-10T09:26:25.866523+00:00
Entertainment: Comics,multiple,hard,"In the webcomic ""Ava's Demon"", what sin is ""Nevy Nervine"" based off of? ",Envy ,Sloth | Wrath  | Lust,2026-09-10T09:26:25.866535+00:00
Entertainment: Comics,multiple,medium,"In Pre-Super Genesis universe of ""Sonic the Hedgehog"" comic, what was the name of  Sally Acorn's brother?",Elias Acorn,Maximillian Acorn | Alexis Acorn | Frederick Acorn,2026-09-10T09:26:25.866551+00:00
Entertainment: Comics,multiple,easy,The main six year old protagonist in Calvin and Hobbes is named after what theologian?,John Calvin,Calvin Klein | Calvin Coolidge | Phillip Calvin McGraw,2026-09-10T09:26:25.866566+00:00
Entertainment: Comics,multiple,easy,"In ""Homestuck"" what is Dave Strider's guardian?",Bro,Becquerel | Doc Scratch | Halley,2026-09-10T09:26:25.866574+00:00
Entertainment: Comics,multiple,hard,"Which of the following rings from the DC Comics' ""Lantern Corps"" are classified as Parasitic?",Indigo (Compassion),Green (Willpower) | White (Life) | Yellow (Fear),2026-09-10T09:26:25.866590+00:00
Entertainment: Comics,multiple,medium,"Which Doom Patrol member was a later addition, first appearing in 1989?",Crazy Jane,Elast-Girl | Robotman | Negative Man,2026-09-10T09:26:25.866601+00:00
Entertainment: Comics,multiple,easy,"In Black Hammer, what city did the heroes save from the Anti-God?",Spiral City,Mega-City One | Rockwood | Star City,2026-09-10T09:26:25.866612+00:00
Entertainment: Comics,multiple,medium,"In Calvin and Hobbes, what is the name of Susie's stuffed rabbit?",Mr. Bun,Mr. Bunbun | Mr. Rabbit | Mr. Hoppy,2026-09-10T09:26:25.866626+00:00
Entertainment: Comics,multiple,medium,"In the DC Comics 2016 reboot, Rebirth, which speedster escaped from the Speed Force after he had been erased from existance?",Wally West,Johnny Quick | Jay Garrick | Eobard Thawne,2026-09-10T09:26:25.866642+00:00
Entertainment: Comics,multiple,medium,"In Bionicle, who was formerly a Av-Matoran and is now the Toa of Light?",Takua,Jaller | Vakama | Tahu,2026-09-10T09:26:25.866649+00:00
Entertainment: Comics,boolean,easy,"The ""Pepe"" meme originated from a comic drawn by Matt Furie called ""Boy's Club""?",True,False,2026-09-10T09:26:25.866657+00:00
Entertainment: Comics,multiple,medium,Who was the first American Vampire (Scott Snyder's American Vampire)?,Skinner Sweet,"Hattie Hargrove | Pearl Jones | James ""Jim"" Book",2026-09-10T09:26:25.866671+00:00
Entertainment: Comics,multiple,easy,Which planet did Superman come from?,Krypton,Avalon | Xolnar | Starhaven,2026-09-10T09:26:25.866676+00:00
Entertainment: Comics,multiple,easy,"In ""Homestuck"" the ""Kingdom of Darkness"" is also known as?",Derse,Skaia | Prospit | The Medium,2026-09-10T09:26:25.866685+00:00
Entertainment: Comics,multiple,easy,"What is the alter-ego of the DC comics character ""Superman""?",Clark Kent,Bruce Wayne | Arthur Curry | John Jones,2026-09-10T09:26:25.866698+00:00
Entertainment: Comics,multiple,easy,Who is Batman?,Bruce Wayne,Clark Kent | Barry Allen | Tony Stark,2026-09-10T09:26:25.866710+00:00
Entertainment: Comics,multiple,easy,"This Marvel superhero is often called ""The man without fear"".",Daredevil,Thor | Wolverine | Hulk,2026-09-10T09:26:25.866716+00:00
Entertainment: Comics,multiple,hard,What are the Three Virtues of Bionicle?,"Unity, Duty, Destiny","Build, Play, Change | Work, Play, Live | Forge, Build, Fight",2026-09-10T09:26:25.866732+00:00
Entertainment: Comics,multiple,medium,"In the comics, which Sonic character took command of the Dark Legion after Luger's assassination?",Lien-Da,Kragok | Dimitri | Remington,2026-09-10T09:26:25.866740+00:00
Entertainment: Comics,multiple,medium,What otherworldly land does Thor come from?,Asgard,Midgard | Jotunheim | Sovengarde,2026-09-10T09:26:25.866746+00:00
Entertainment: Comics,multiple,medium,What is Homestuck character Gamzee's last name?,Makara,Makera | Makare | Makrea,2026-09-10T09:26:25.866751+00:00
Entertainment: Comics,multiple,medium,Which of these game-based comics were published in 2011 by DC Comics?,Infamous,Left 4 Dead: The Sacrifice | Prototype | Kane & Lynch,2026-09-10T09:26:25.866763+00:00
Entertainment: Comics,multiple,medium,What's the weakness of american vampires (Scott Snyder's American Vampire)?,Gold,Sunlight | Wood | Silver,2026-09-10T09:26:25.866771+00:00
Entertainment: Comics,multiple,medium,"What is the real name of the ""Master Of Magnetism"" Magneto?",Max Eisenhardt,Charles Xavier | Pietro Maximoff | Johann Schmidt,2026-09-10T09:26:25.866784+00:00
Entertainment: Comics,multiple,medium,"Found in the Marvel Comics fictional universe, what is the name of the nearly indestructible metal that coats Wolverine's bones and claws?",Adamantium,Titanium | Vibranium | Carbonadium,2026-09-10T09:26:25.866794+00:00
Entertainment: Comics,multiple,easy,"Which universe crossover was introduced in the ""Sonic the Hedgehog"" comic issue #247?",Mega Man,Super Mario Brothers | Alex Kidd | Super Monkey Ball,2026-09-10T09:26:25.866809+00:00
Entertainment: Comics,multiple,medium,What was the name of the first Robin in the Batman comics?,Dick Grayson,Bruce Wayne | Jason Todd | Tim Drake,2026-09-10T09:26:25.866831+00:00
Entertainment: Comics,multiple,hard,What is the real hair colour of the mainstream comic book version (Earth-616) of Daredevil?,Blonde,Auburn | Brown | Black,2026-09-10T09:26:25.866839+00:00
Entertainment: Comics,multiple,medium,What is the real full name of Captain America?,Steven Grant Rogers ,Steven John Rogers | Steven Peggy Rogers | Steven William Rogers,2026-09-10T09:26:25.866852+00:00
Entertainment: Comics,multiple,hard,"In 1978, Superman teamed up with what celebrity, to defeat an alien invasion?",Muhammad Ali,Mike Tyson | Sylvester Stallone | Arnold Schwarzenegger,2026-09-10T09:26:25.866866+00:00
Entertainment: Comics,multiple,medium,Who was the inspiration for Cuthbert Calculus in the Tintin series?,Auguste Picard,Jacques Piccard | Will Morris | J. Cecil Maby,2026-09-10T09:26:25.866879+00:00
Entertainment: Comics,multiple,medium,"In Black Hammer, what dimension does Colonel Weird travel through?",Para-Zone,Hyperspace | Mirror Universe | Phantom Zone,2026-09-10T09:26:25.866889+00:00
Entertainment: Japanese Anime & Manga,multiple,medium,"The heroine of ""Humanity Has Declined"" is a mediator between humans and what?",Fairies,Elves | The Earth | Animals,2026-09-10T09:26:42.790310+00:00
Entertainment: Japanese Anime & Manga,multiple,hard,"In what year did the manga ""Ping Pong"" begin serialization?",1996,2014 | 2010 | 2003,2026-09-10T09:26:42.790328+00:00
Entertainment: Japanese Anime & Manga,multiple,easy,"In ""A Certain Scientific Railgun"", how many ""sisters"" did Accelerator have to kill to achieve the rumored level 6?","20,000","128 | 10,000 | 5,000",2026-09-10T09:26:42.790346+00:00
Entertainment: Japanese Anime & Manga,multiple,medium,"In the ""To Love-Ru"" series, how many Trans-weapons were created?",3,1 | 2 | 4,2026-09-10T09:26:42.790354+00:00
Entertainment: Japanese Anime & Manga,multiple,easy,Which of the following originated as a manga?,Akira,Cowboy Bebop | High School DxD | Gurren Lagann,2026-09-10T09:26:42.790367+00:00
Entertainment: Japanese Anime & Manga,multiple,medium,Which one of these Manga titles was not created by Urasawa Naoki?,My Father's Journal,Billy Bat | 20th Century Boys | Monster,2026-09-10T09:26:42.790400+00:00
Entertainment: Japanese Anime & Manga,multiple,medium,Who was the first Legendary Pokemon to be defeated by Ash Ketchum in the Pokémon anime?,Articuno,Darkrai | Latios | Regice,2026-09-10T09:26:42.790413+00:00
Entertainment: Japanese Anime & Manga,multiple,hard,"In ""Hunter x Hunter"", what are members in Killua's family known for being?",Assassins,Bandits | Hunters | Ninjas,2026-09-10T09:26:42.790422+00:00
Entertainment: Japanese Anime & Manga,multiple,medium,"In the 2011 TV anime series, ""THE iDOLM@STER"", what was the name of Iori's stuffed toy bunny?",Charles,Bubsy | Kero | Usagi,2026-09-10T09:26:42.790431+00:00
Entertainment: Japanese Anime & Manga,multiple,medium,When was the first episode of Soul Eater released?,2008,2003 | 2005 | 2011,2026-09-10T09:26:42.790438+00:00
Entertainment: Japanese Anime & Manga,multiple,medium,In the anime Assassination Classroom what is the class that Korosensei teaches?,Class 3-E,Class 3-A | Class 3-B | Class 3-D,2026-09-10T09:26:42.790452+00:00
Entertainment: Japanese Anime & Manga,boolean,easy,"The anime ""Lucky Star"" follows the story of one girl who is unaware she is God.",False,True,2026-09-10T09:26:42.790459+00:00
Entertainment: Japanese Anime & Manga,multiple,medium,"In the anime series ""Full Metal Alchemist"", what do Alchemists consider the greatest taboo?",Human Transmutation ,Transmuting Lead Into Gold | Using Alchemy For Crime  | Preforming Without A Permit,2026-09-10T09:26:42.790476+00:00
Entertainment: Japanese Anime & Manga,multiple,hard,"In the ""Dragon Ball"" franchise, what is the name of Goku's brother?",Raditz,Gohan | Vegeta | Bardock,2026-09-10T09:26:42.790484+00:00
Entertainment: Japanese Anime & Manga,multiple,medium,What studio animated Fullmetal Alchemist?,Bones,Trigger | Pierrot | xebec,2026-09-10T09:26:42.790495+00:00
Entertainment: Japanese Anime & Manga,multiple,medium,"In JoJo's Bizarre Adventure, who says ""Yare yare daze""?",Jotaro Kujo,Joseph Joestar | Jolyne Cujoh | Koichi Hirose,2026-09-10T09:26:42.790512+00:00
Entertainment: Japanese Anime & Manga,multiple,medium,"Who voices the character ""Reigen""  in the English dub of ""Mob Psycho 100""?",Chris Niosi,Max Mittelman | Kyle McCarley | Casey Mongillo,2026-09-10T09:26:42.790528+00:00
Entertainment: Japanese Anime & Manga,multiple,medium,The main protagonist of the fifth part of JoJo's Bizarre Adventure is which of the following?,Giorno Giovanna,Guido Mista | Jonathan Joestar | Joey JoJo,2026-09-10T09:26:42.790543+00:00
Entertainment: Japanese Anime & Manga,boolean,easy,"In the ""Melancholy of Haruhi Suzumiya"" series, the narrator goes by the nickname Kyon.",True,False,2026-09-10T09:26:42.790550+00:00
Entertainment: Japanese Anime & Manga,multiple,easy,"In ""Fairy Tail"", what is the nickname of Natsu Dragneel?",The Salamander,The Dragon Slayer | The Dragon | The Demon,2026-09-10T09:26:42.790565+00:00
Entertainment: Japanese Anime & Manga,multiple,hard,"The ""To Love-Ru"" Manga was started in what year?",2006,2007 | 2004 | 2005,2026-09-10T09:26:42.790571+00:00
Entertainment: Japanese Anime & Manga,boolean,easy,"Studio Ghibli is a Japanese animation studio responsible for the films ""Wolf Children"" and ""The Boy and the Beast"".",False,True,2026-09-10T09:26:42.790580+00:00
Entertainment: Japanese Anime & Manga,multiple,medium,"In ""One Piece"", which one of the following is NOT an Ancient Weapon?",Jupiter,Uranus | Poseidon | Pluton,2026-09-10T09:26:42.790588+00:00
Entertainment: Japanese Anime & Manga,multiple,medium,"In JoJo's Bizarre Adventure, which character is able to accelerate time?",Enrico Pucci,Jotaro Kujo | Jolyne Cujoh | Kujo Jotaro,2026-09-10T09:26:42.790602+00:00
Entertainment: Japanese Anime & Manga,multiple,easy,"In the 9th Pokemon movie, who is the Prince of the Sea?",Manaphy,Ash | May | Phantom,2026-09-10T09:26:42.790608+00:00
Entertainment: Japanese Anime & Manga,multiple,easy,"In ""Inuyasha"", what are the heros are looking to collect?",Jewel Shards,Dragon Balls | Rave Stones | Sacred Stones,2026-09-10T09:26:42.790622+00:00
Entertainment: Japanese Anime & Manga,boolean,hard,"In the ""Kagerou Daze"" series, Shintaro Kisaragi is prominently shown with the color red.",True,False,2026-09-10T09:26:42.790629+00:00
Entertainment: Japanese Anime & Manga,multiple,easy,"The characters of ""Log Horizon"" are trapped in what game?",Elder Tale,Sword Art Online | Tower Unite | Yggdrasil,2026-09-10T09:26:42.790641+00:00
Entertainment: Japanese Anime & Manga,multiple,medium,"What year did the anime ""Himouto! Umaru-chan"" air?",2015,2014 | 2012 | 2013,2026-09-10T09:26:42.790647+00:00
Entertainment: Japanese Anime & Manga,multiple,easy,"Who was given the title ""Full Metal"" in the anime series ""Full Metal Alchemist""?",Edward Elric,Alphonse Elric | Van Hohenheim | Izumi Curtis,2026-09-10T09:26:42.790661+00:00
Entertainment: Japanese Anime & Manga,multiple,medium,"Which Japanese music group was formed to produce theme music for the anime ""Guilty Crown""?",Egoist,Goose house | Babymetal | Garnidelia,2026-09-10T09:26:42.790671+00:00
Entertainment: Japanese Anime & Manga,multiple,medium,Which studio animated Soul Eater?,Bones,Kyoto Animation | xebec | Production I.G,2026-09-10T09:26:42.790680+00:00
Entertainment: Japanese Anime & Manga,multiple,medium,"The character Momonga from the ""Overlord"" series orders his servants to call him by what name?",Ainz Ooal Gown,Master | Yggdrasil | Kugane Maruyama,2026-09-10T09:26:42.790691+00:00
Entertainment: Japanese Anime & Manga,multiple,easy,Kirito and Asuna are main characters from which anime?,Sword Art Online,One Piece | Death Note | Fairy Tail,2026-09-10T09:26:42.790704+00:00
Entertainment: Japanese Anime & Manga,multiple,medium,"Krusty is the guild master of which guild in ""Log Horizon""?",D. D. D,Silver Sword | West Wind Brigade | Oceanic Systems (Marine Agency),2026-09-10T09:26:42.790719+00:00
Entertainment: Japanese Anime & Manga,multiple,medium,"In the anime, ""Fullmetal Alchemist"", who is known as the 'Flame Alchemist'?",Roy Mustang,Edward Elric | Maes Hughes | Lin Yao,2026-09-10T09:26:42.790733+00:00
Entertainment: Japanese Anime & Manga,multiple,easy,"In ""Future Diary"", what is the name of Yuno Gasai's Phone Diary?",Yukiteru Diary,Murder Diary | Escape Diary  | Justice Diary ,2026-09-10T09:26:42.790747+00:00
Entertainment: Japanese Anime & Manga,multiple,medium,"The character Plum from ""No Game No Life"" is of what race?",Dhampir,Flügel | Imanity | Seiren,2026-09-10T09:26:42.790757+00:00
Entertainment: Japanese Anime & Manga,multiple,easy,What color is Ryūko Matoi's half of the Scissor Blade in the anime Kill la KIll?,Red,Green | Blue | Purple,2026-09-10T09:26:42.790766+00:00
Entertainment: Japanese Anime & Manga,multiple,easy,"In the anime Black Butler, who is betrothed to be married to Ciel Phantomhive?",Elizabeth Midford,Rachel Phantomhive | Alexis Leon Midford | Angelina Dalles,2026-09-10T09:26:42.790780+00:00
Entertainment: Japanese Anime & Manga,boolean,easy,"In the anime ""Naruto"", the main character is a female.",False,True,2026-09-10T09:26:42.790786+00:00
Entertainment: Japanese Anime & Manga,multiple,easy,"What year did ""Attack on Titan"" first air?",2013,2014 | 2012 | 2015,2026-09-10T09:26:42.790792+00:00
Entertainment: Japanese Anime & Manga,multiple,easy,"In Ms. Kobayashi's Dragon Maid, who is Kobayashi's maid?",Tohru,Lucoa | Kanna | Elma,2026-09-10T09:26:42.790798+00:00
Entertainment: Japanese Anime & Manga,multiple,easy,"Satella in ""Re:Zero"" is the witch of what?",Envy,Pride | Sloth | Wrath,2026-09-10T09:26:42.790804+00:00
Entertainment: Japanese Anime & Manga,multiple,easy,"Who is the main heroine of the anime, Full Metal Panic!",Kaname Chidori,Teletha Testarossa | Melissa Mao | Kyoko Tokiwa,2026-09-10T09:26:42.790817+00:00
Entertainment: Japanese Anime & Manga,multiple,medium,"What year did ""Bishoujo Senshi Sailor Moon"" air in Japan?",1992,1989 | 1990 | 1994,2026-09-10T09:26:42.790824+00:00
Entertainment: Japanese Anime & Manga,multiple,medium,"How does the character Dragowizard, Qinus Axia's from the anime ""Buddyfight"" differ between the Japanese and English dubs?",Different Gender,Different Body Proportions | Different Backstory | Different Appearance,2026-09-10T09:26:42.790840+00:00
Entertainment: Japanese Anime & Manga,multiple,hard,"Which animation studio animated ""Psycho Pass""?",Production I.G,Kyoto Animation | Shaft | Trigger,2026-09-10T09:26:42.790848+00:00
Entertainment: Japanese Anime & Manga,boolean,easy,"In Chobits, Hideki found Chii in his apartment.",False,True,2026-09-10T09:26:42.790854+00:00
Entertainment: Japanese Anime & Manga,multiple,medium,"What was the reason for the banning of episode 35 of the ""Pokémon Original Series"" Anime?",Gun Usage,Flashing Images | Jynx | Strong Violence,2026-09-10T09:26:42.790868+00:00
Entertainment: Japanese Anime & Manga,multiple,medium,Who is the main character in One Piece?,Luffy,Shanks | Zoro | Smoker,2026-09-10T09:26:48.402033+00:00
Entertainment: Japanese Anime & Manga,multiple,medium,"What is the name of the main character of the anime ""One-Punch Man""?",Saitama,Genos | Sonic | King,2026-09-10T09:26:48.402052+00:00
Entertainment: Japanese Anime & Manga,multiple,medium,"In ""Little Witch Academia"", what is Shiny Chariot's alias at Luna Nova Academy?",Ursula Callistis,Croix Meridies | Miranda Holbrook | Anne Finnelan,2026-09-10T09:26:48.402070+00:00
Entertainment: Japanese Anime & Manga,multiple,medium,"In the anime, ""Super Sonico"", what is Super Sonico's favorite food?",Macroons,Ice Cream | Pizza | Chips,2026-09-10T09:26:48.402080+00:00
Entertainment: Japanese Anime & Manga,multiple,hard,"What is the last line muttered in the anime film ""The End of Evangelion""?","""How disgusting.""","""Idiot, I won't let you kill me!"" | ""Nothing."" | ""Goddammit, Shinji.""",2026-09-10T09:26:48.402097+00:00
Entertainment: Japanese Anime & Manga,multiple,easy,What is the age of Ash Ketchum in Pokemon when he starts his journey?,10,11 | 12 | 9,2026-09-10T09:26:48.402105+00:00
Entertainment: Japanese Anime & Manga,multiple,hard,"""Silhouette"", a song performed by the group 'KANA-BOON' is featured as the sixteenth opening of which anime?",Naruto: Shippūden,One Piece | Naruto | Gurren Lagann,2026-09-10T09:26:48.402121+00:00
Entertainment: Japanese Anime & Manga,multiple,medium,Which anime did Seiji Kishi NOT direct?,Another,Humanity Has Declined | Assassination Classroom | Danganronpa: The Animation,2026-09-10T09:26:48.402132+00:00
Entertainment: Japanese Anime & Manga,multiple,hard,"In the anime, ""Hunter X Hunter"", what is the main protagonist's name?",Gon,Gin | Gan | Gen,2026-09-10T09:26:48.402140+00:00
Entertainment: Japanese Anime & Manga,multiple,medium,Which character in Touhou is able to control dolls?,Alice Margatroid,Marisa Kirisame | Clownpiece | Flandre Scarlet,2026-09-10T09:26:48.402151+00:00
Entertainment: Japanese Anime & Manga,multiple,medium,"Who voices ""Shou Suzuki"" in the English dub of ""Mob Psycho 100""?",Casey Mongillo,Ben Diskin | Chris Niosi | David Naughton,2026-09-10T09:26:48.402165+00:00
Entertainment: Japanese Anime & Manga,multiple,medium,"What is the name of the device that allows for infinite energy in the anime ""Dimension W""?",Coils,Wires | Collectors | Tesla,2026-09-10T09:26:48.402173+00:00
Entertainment: Japanese Anime & Manga,multiple,easy,What is the name of the stuffed lion in Bleach?,Kon,Jo | Urdiu | Chad,2026-09-10T09:26:48.402179+00:00
Entertainment: Japanese Anime & Manga,multiple,easy,"In ""To Love-Ru"", Ren and Run are from what planet?",Memorze,Deviluke | Mistletoe | Okiwana,2026-09-10T09:26:48.402186+00:00
Entertainment: Japanese Anime & Manga,multiple,easy,Who is the main character with yellow hair in the anime Naruto?,Naruto,Ten Ten | Sasuke | Kakashi,2026-09-10T09:26:48.402195+00:00
Entertainment: Japanese Anime & Manga,multiple,medium,"In ""Shakugan no Shana"" what was the Shana usually referred as?",Flame-Haired Burning-Eyed Hunter,Flame Haze | Flame-Haired Burning-Eyed Haze | Shana,2026-09-10T09:26:48.402207+00:00
Entertainment: Japanese Anime & Manga,multiple,hard,Who was the Author of the manga Monster Hunter Orage?,Hiro Mashima,Shin Yamamoto | Keiichi Hikami | Hirohiko Araki,2026-09-10T09:26:48.402220+00:00
Entertainment: Japanese Anime & Manga,multiple,hard,Which of these names are not a character of JoJo's Bizarre Adventure?,JoJo Kikasu,Jean-Pierre Polnareff | George Joestar | Risotto Nero,2026-09-10T09:26:48.402233+00:00
Entertainment: Japanese Anime & Manga,multiple,easy,What is the name of JoJo's Bizarre Adventure Part 5?,Vento Aureo,Vento Oreo | Vanto Aureo | Vento Eureo,2026-09-10T09:26:48.402245+00:00
Entertainment: Japanese Anime & Manga,multiple,hard,"Which song was the callsign for Stefan Verdemann's KWFM radio station in Urasawa Naoki's ""Monster""?",Over the Rainbow,What a Wonderful World | When You Wish Upon A Star | Singing In The Rain,2026-09-10T09:26:48.402262+00:00
Entertainment: Japanese Anime & Manga,boolean,easy,Gosho Aoyama Made This Series: (Detective Conan / Case Closed!),True,False,2026-09-10T09:26:48.402269+00:00
Entertainment: Japanese Anime & Manga,multiple,easy,"What name is the main character Chihiro given in the 2001 movie ""Spirited Away""?",Sen (Thousand),Hyaku (Hundred) | Ichiman (Ten thousand) | Juu (Ten),2026-09-10T09:26:48.402284+00:00
Entertainment: Japanese Anime & Manga,multiple,easy,"In the anime ""My Hero Academia"", which character is shown with the ability to manipulate gravity?",Uraraka,Bakugo | Deku | Asui ,2026-09-10T09:26:48.402294+00:00
Entertainment: Japanese Anime & Manga,multiple,easy,Who was a voice actor for the English dubbing of HOWL'S MOVING CASTLE (2004)?,Christian Bale,Matt Damon | Joseph Gordon-Levitt | Willem Dafoe,2026-09-10T09:26:48.402308+00:00
Entertainment: Japanese Anime & Manga,multiple,medium,"In ""Highschool DxD"", Koneko Toujou is from what race?",Nekomata,Kitsune | Human | Kappa,2026-09-10T09:26:48.402314+00:00
Entertainment: Japanese Anime & Manga,multiple,easy,Which Pokémon and it's evolutions were banned from appearing in a main role after the Episode 38 Incident?,The Porygon Line,The Pikachu Line | The Elekid Line | The Magby Line,2026-09-10T09:26:48.402340+00:00
Entertainment: Japanese Anime & Manga,boolean,hard,Kiznaiver is an adaptation of a manga.,False,True,2026-09-10T09:26:48.402345+00:00
Entertainment: Japanese Anime & Manga,multiple,hard,"Which of these anime have over 7,500 episodes?",Sazae-san,Naruto | One Piece | Chibi Maruko-chan,2026-09-10T09:26:48.402355+00:00
Entertainment: Japanese Anime & Manga,multiple,hard,Who was the Author of the manga Uzumaki?,Junji Ito,	Noboru Takahashi | Akira Toriyama | Masashi Kishimoto,2026-09-10T09:26:48.402367+00:00
Entertainment: Japanese Anime & Manga,multiple,medium,"In ""To Love-Ru: Darkness"", which of the girls attempt making a harem for Rito Yuuki?",Momo Deviluke,Yami (Golden Darkness) | Haruna Sairenji | Mea Kurosaki,2026-09-10T09:26:48.402382+00:00
Entertainment: Japanese Anime & Manga,multiple,medium,"What year did ""Attack on Titan"" Season 2 begin airing?",2017,2018 | 2019 | 2020,2026-09-10T09:26:48.402388+00:00
Entertainment: Japanese Anime & Manga,multiple,easy,"Who is the armored titan in ""Attack On Titan""?",Reiner Braun,Armin Arlelt | Mikasa Ackermann | Eren Jaeger,2026-09-10T09:26:48.402401+00:00
Entertainment: Japanese Anime & Manga,multiple,hard,"In ""One Piece"", who confirms the existence of the legendary treasure, One Piece?","Edward ""Whitebeard"" Newgate",Former Marine Fleet Admiral Sengoku | Pirate King Gol D Roger | Silvers Rayleigh,2026-09-10T09:26:48.402418+00:00
Entertainment: Japanese Anime & Manga,boolean,hard,"The protagonist in ""Humanity Has Declined"" has no discernable name and is simply referred to as 'I' for most of the series.",True,False,2026-09-10T09:26:48.402427+00:00
Entertainment: Japanese Anime & Manga,multiple,hard,"In the anime, Full Metal Panic!, who is Kaname's best friend?",Kyoko Tokiwa,"Melissa Mao | Ren Mikihara | Teletha ""Tessa"" Testarossa",2026-09-10T09:26:48.402442+00:00
Entertainment: Japanese Anime & Manga,multiple,hard,"Which of the following countries does ""JoJo's Bizarre Adventure: Stardust Crusaders"" not take place in?",Philippines,India | Pakistan | Egypt,2026-09-10T09:26:48.402450+00:00
Entertainment: Japanese Anime & Manga,multiple,hard,"In the Naruto manga, what is the last name of Tsunade?",Senju,Haruno | Uzumaki | Yamanaka,2026-09-10T09:26:48.402457+00:00
Entertainment: Japanese Anime & Manga,boolean,easy,Clefairy was intended to be Ash's starting Pokémon in the pilot episode of the cartoon.,True,False,2026-09-10T09:26:48.402464+00:00
Entertainment: Japanese Anime & Manga,multiple,hard,"Which one of these characters is from ""Legendz : Tale of the Dragon Kings""?",Shiron,Jack | Axia | Drum,2026-09-10T09:26:48.402471+00:00
Entertainment: Japanese Anime & Manga,multiple,easy,"How many ""JoJos"" that are protagonists are there in the series ""Jojo's Bizarre Adventure""?",8+,6+ | 4+ | 5+,2026-09-10T09:26:48.402486+00:00
Entertainment: Japanese Anime & Manga,boolean,medium,"The anime Attack on Titan was directed by Tetsurō Araki, the same person who directed the anime Highschool of the Dead.",True,False,2026-09-10T09:26:48.402495+00:00
Entertainment: Japanese Anime & Manga,multiple,easy,"What is the theme song of ""Neon Genesis Evangelion""?",A Cruel Angel's Thesis,Stardust Crusaders | Requiem for a Dream | God Knows,2026-09-10T09:26:48.402510+00:00
Entertainment: Japanese Anime & Manga,multiple,medium,Which of the following manga have the most tankouban volumes?,Golgo 13,JoJo's Bizarre Adventure | Detective Conan | One Piece,2026-09-10T09:26:48.402524+00:00
Entertainment: Japanese Anime & Manga,multiple,medium,"What year does Part 7 of ""JoJo's Bizarre Adventure"" take place in?",1890,1888 | 1999 | 2003,2026-09-10T09:26:48.402531+00:00
Entertainment: Japanese Anime & Manga,multiple,hard,"What is the name of the school in the anime and manga ""Gosick""?",St. Marguerite,St. Augustine | St. Mary | St. Bernadette,2026-09-10T09:26:48.402545+00:00
Entertainment: Japanese Anime & Manga,multiple,medium,"In ""Black Lagoon"", what colour is Rock's tie?",Teal,Crimson | Dark Brown | Black,2026-09-10T09:26:48.402553+00:00
Entertainment: Japanese Anime & Manga,multiple,medium,"Which of these is not a world in the anime ""Buddyfight""?",Ancient Dragon World,Dragon World | Star Dragon World | Darkness Dragon World,2026-09-10T09:26:48.402567+00:00
Entertainment: Japanese Anime & Manga,multiple,easy,"What anime studio was in charge of the hit anime ""Made in Abyss""?",Kinema Citrus,Trigger | Studio 3hz | 8bit,2026-09-10T09:26:48.402577+00:00
Entertainment: Japanese Anime & Manga,multiple,medium,"In ""A Certain Magical Index,"" what is Accelerator able to control?",Vectors,Velocity | Quantums | Wormholes,2026-09-10T09:26:48.402584+00:00
Entertainment: Japanese Anime & Manga,multiple,medium,"In ""Toriko"", which of the following Heavenly Kings has an enhanced sense of Hearing?",Zebra,Coco | Sunny | Toriko,2026-09-10T09:26:48.402592+00:00
Entertainment: Japanese Anime & Manga,multiple,medium,"What is the name of the final villain in the manga series ""Bleach""?",Yhwach,Juha Bach | Yuhabah | Juhabach,2026-09-10T09:26:53.995502+00:00
Entertainment: Japanese Anime & Manga,multiple,medium,What year did the popular Vocaloid: Hatsune Miku come out?,2007,2000 | 2008 | 2010,2026-09-10T09:26:53.995521+00:00
Entertainment: Japanese Anime & Manga,boolean,medium,"In ""To Love-Ru: Darkness"", Yami reveals her real name is Eve.",True,False,2026-09-10T09:26:53.995529+00:00
Entertainment: Japanese Anime & Manga,multiple,medium,"What song plays in the ending credits of the anime ""Ergo Proxy""?",Paranoid Android,Sadistic Summer | Bittersweet Symphony | Mad World,2026-09-10T09:26:53.995545+00:00
Entertainment: Japanese Anime & Manga,multiple,hard,Which studio animated Afro Samurai?,Gonzo,Kyoto Animation | xebec | Production I.G,2026-09-10T09:26:53.995554+00:00
Entertainment: Japanese Anime & Manga,multiple,medium,"On what date did the original ""Fruits Basket"" anime air in Japan?","July 5th, 2001","November 1st, 2006 | December 27th, 2001 | October 11th, 2001",2026-09-10T09:26:53.995569+00:00
Entertainment: Japanese Anime & Manga,multiple,easy,The name of Junko Enoshima's imposter at the beginning of Danganronpa: Trigger Happy Havoc is?,Mukuro Ikusaba,Ryota Mitarai | Ultimate Imposter | Komaru Naegi,2026-09-10T09:26:53.995625+00:00
Entertainment: Japanese Anime & Manga,multiple,hard,"Akatsuki's subclass in ""Log Horizon"" is what?", Tracker,Assassin | Scribe | Apprentice,2026-09-10T09:26:53.995637+00:00
Entertainment: Japanese Anime & Manga,boolean,easy,No Game No Life first aired in 2014.,True,False,2026-09-10T09:26:53.995643+00:00
Entertainment: Japanese Anime & Manga,multiple,easy,"What animation studio produced ""Gurren Lagann""?",Gainax,Kyoto Animation | Pierrot | A-1 Pictures,2026-09-10T09:26:53.995653+00:00
Entertainment: Japanese Anime & Manga,multiple,easy,"In ""One Piece,"" what color is Tony Tony Chopper's nose?",Blue,Black | Grey | Red,2026-09-10T09:26:53.995660+00:00
Entertainment: Japanese Anime & Manga,multiple,hard,"Medaka Kurokami from ""Medaka Box"" has what abnormality?",The End,Perfection | Sandbox | Fairness,2026-09-10T09:26:53.995668+00:00
Entertainment: Japanese Anime & Manga,multiple,hard,"In the first episode of Yu-Gi-Oh: Duel Monsters, what book is Seto Kaiba seen reading at Domino High School?",Thus Spoke Zarathustra,Beyond Good and Evil | The Republic | Meditations,2026-09-10T09:26:53.995700+00:00
Entertainment: Japanese Anime & Manga,multiple,hard,Who is One Punch Man voiced by in the Japanese version.,Makoto Furukawa,Zach Aguilar | Kaito Ishikawa | Max Mittelman ,2026-09-10T09:26:53.995725+00:00
Entertainment: Japanese Anime & Manga,multiple,easy,"In ""The Melancholy of Haruhi Suzumiya"" series, the SOS Brigade club leader is unknowingly treated as a(n) __ by her peers.",God,Alien | Time Traveler | Esper,2026-09-10T09:26:53.995738+00:00
Entertainment: Japanese Anime & Manga,multiple,medium,"In ""JoJo's Bizarre Adventure: Stardust Crusaders"", what is the last name of the protagonist Jotaro?",Kujo,Cujoh | Joestar | Higashikata,2026-09-10T09:26:53.995746+00:00
Entertainment: Japanese Anime & Manga,multiple,medium,"In ""JoJo's Bizarre Adventure"", which of the following Stands does NOT have a time-based ability?",20th Century Boy,Made in Heaven | Star Platinum | The World,2026-09-10T09:26:53.995762+00:00
Entertainment: Japanese Anime & Manga,multiple,medium,"In ""Puella Magi Madoka Magica"", what is the first name of Madoka's younger brother?",Tatsuya,Montoya | Tomohisa | Minato,2026-09-10T09:26:53.995770+00:00
Entertainment: Japanese Anime & Manga,multiple,medium,"In Haikyuu!!, who is not a member of Karasuno VBC?",Shigeru Yahaba,Tadashi Yamaguchi | Hisashi Kinoshita | Kazuhito Narita,2026-09-10T09:26:53.995783+00:00
Entertainment: Japanese Anime & Manga,boolean,medium,"In ""JoJo's Bizarre Adventure"", Father Enrico Pucchi uses a total of 3 stands in Part 6: Stone Ocean.",True,False,2026-09-10T09:26:53.995792+00:00
Entertainment: Japanese Anime & Manga,boolean,easy,"In the 1988 film ""Akira"", Tetsuo ends up destroying Tokyo.",True,False,2026-09-10T09:26:53.995798+00:00
Entertainment: Japanese Anime & Manga,multiple,medium,"In the anime ""Gintama"" which accessory/article of clothing is the character Shinpachi commonly referred to as?",Glasses,Nose Ring | T-Shirt | Underwear,2026-09-10T09:26:53.995808+00:00
Entertainment: Japanese Anime & Manga,multiple,hard,"In the anime Initial D, how does Takumi Fujiwara describe a drift?",'. . . the front tires slide so the car won't face the inside',"'. . . the wheels lose traction, making the car slide sideways' | '. . . the car oversteers through a curve, causing it to turn faster' | '. . . you turn a lot'",2026-09-10T09:26:53.995988+00:00
Entertainment: Japanese Anime & Manga,boolean,hard,"Throughout the entirety of ""Dragon Ball Z"", Goku only kills two characters: a miniboss named Yakon and Kid Buu.",True,False,2026-09-10T09:26:53.995999+00:00
Entertainment: Japanese Anime & Manga,multiple,easy,"In Digimon, what is the Japanese name for the final evolutionary stage?",Ultimate,Mega | Adult | Champion,2026-09-10T09:26:53.996007+00:00
Entertainment: Japanese Anime & Manga,multiple,easy,"What is the name of Funny Valentine's stand in Jojo's Bizarre Adventure Part 7, Steel Ball Run?",Dirty Deeds Done Dirt Cheap,Filthy Acts Done For A Reasonable Price | Civil War | God Bless The USA,2026-09-10T09:26:53.996025+00:00
Entertainment: Japanese Anime & Manga,multiple,medium,"In ""Love Live: School Idol Project"" what pseudonym does Kotori Minami use in her job as a maid?",Minalinsky,Stanoytchev | Kuznetsov | Aqours,2026-09-10T09:26:53.996034+00:00
Entertainment: Japanese Anime & Manga,multiple,medium,"In ""To Love-Ru"", who is the first to hear of Yami's past from her?",Rito,Mikan | Lala | Haruna,2026-09-10T09:26:53.996042+00:00
Entertainment: Japanese Anime & Manga,multiple,hard,"In ""Jewelpet Sunshine"", what is the song that plays when Kanon and her friends bust out of prison?",I Don't Want to Miss a Thing,Eye Of The Tiger | Born to be Wild | Ruby Ring,2026-09-10T09:26:53.996059+00:00
Entertainment: Japanese Anime & Manga,multiple,hard,"In ""One Piece"", what does ""the Pirate King"" mean to the captain of the Straw Hat Pirates?",Freedom,Promise | Adventure | Friendship,2026-09-10T09:26:53.996067+00:00
Entertainment: Japanese Anime & Manga,multiple,easy,"In the 2012 animated film ""Wolf Children"", what are the names of the wolf children?",Ame & Yuki,Hana & Yuki | Ame & Hana | Chuck & Anna,2026-09-10T09:26:53.996086+00:00
Entertainment: Japanese Anime & Manga,multiple,medium,"In the series JoJo's Bizarre Adventure, which main character makes the greatest number of recurring appearances?",Jotaro Kujo,Giorno Giovanna | Joseph Joestar | Josuke Higashikata,2026-09-10T09:26:53.996100+00:00
Entertainment: Japanese Anime & Manga,multiple,medium,Which of the following films was NOT directed by Hayao Miyazaki?,Wolf Children,Princess Mononoke | Spirited Away | Kiki's Delivery Service,2026-09-10T09:26:53.996114+00:00
Entertainment: Japanese Anime & Manga,multiple,easy,What is the name of the corgi in Cowboy Bebop?,Einstein,Edward | Rocket | Joel,2026-09-10T09:26:53.996120+00:00
Entertainment: Japanese Anime & Manga,multiple,hard,"Which animation studio animated ""Hidamari Sketch""?",Shaft,Trigger | Kyoto Animation | Production I.G,2026-09-10T09:26:53.996130+00:00
Entertainment: Japanese Anime & Manga,multiple,hard,"In ""One Piece"", who is the girl who overcame her enslaved past and became an agent of an army to fight the corrupt government?",Koala,Boa Hancock | Nico Robin | Emporio Ivankov ,2026-09-10T09:26:53.996145+00:00
Entertainment: Japanese Anime & Manga,multiple,hard,"Which animation studio produced ""Log Horizon""?",Satelite,Sunrise | Xebec | Production I.G,2026-09-10T09:26:53.996152+00:00
Entertainment: Japanese Anime & Manga,multiple,hard,"In ""Hunter x Hunter"", which of the following is NOT a type of Nen aura?",Restoration,Emission | Transmutation | Specialization,2026-09-10T09:26:53.996160+00:00
Entertainment: Japanese Anime & Manga,multiple,easy,What is Gatomon's name in the original Japanese version of Digimon Adventure?,Tailmon,Pawmon | Catmon | Nekomon,2026-09-10T09:26:53.996167+00:00
Entertainment: Japanese Anime & Manga,multiple,medium,"In Dragon Ball Z, who was the first character to go Super Saiyan 2?",Gohan,Goku | Vegeta | Trunks,2026-09-10T09:26:53.996174+00:00
Entertainment: Japanese Anime & Manga,multiple,easy,Who is the true moon princess in Sailor Moon?,Sailor Moon,Sailor Venus | Sailor Mars | Sailor Jupiter,2026-09-10T09:26:53.996187+00:00
Entertainment: Japanese Anime & Manga,multiple,medium,"What is the name of the infamous pachinko machine from ""Kaiji""?",The Bog,The Devil | The Undefeated | The Dragon,2026-09-10T09:26:53.996200+00:00
Entertainment: Japanese Anime & Manga,multiple,medium,"In ""Highschool DxD"", what is the name of the item some humans are born with?",Sacred Gear,Imperial Arm | Hallowed Relic | Blessed Artifact,2026-09-10T09:26:53.996214+00:00
Entertainment: Japanese Anime & Manga,multiple,medium,The main protagonist of the fourth part of JoJo's Bizarre Adventure is which of the following?,Josuke Higashikata,Yoshikage kira | Koichi Hirose | Joey JoJo,2026-09-10T09:26:53.996229+00:00
Entertainment: Japanese Anime & Manga,multiple,easy,What was Ash Ketchum's second Pokemon?,Caterpie,Charmander | Pikachu | Pidgey,2026-09-10T09:26:53.996235+00:00
Entertainment: Japanese Anime & Manga,multiple,hard,In the Overlord Anime who was Cocytus made by?,Warrior Takemikazuchi,Peroroncino | Ulbert Alain Odle | Bukubukuchagama,2026-09-10T09:26:53.996245+00:00
Entertainment: Japanese Anime & Manga,multiple,medium,"In the ""Sailor Moon"" series, what is Sailor Jupiter's civilian name?",Makoto Kino,Minako Aino | Usagi Tsukino | Rei Hino,2026-09-10T09:26:53.996258+00:00
Entertainment: Japanese Anime & Manga,multiple,hard,"Who was the Director of the 1988 Anime film ""Grave of the Fireflies""?",Isao Takahata,Hayao Miyazaki | Satoshi Kon | Sunao Katabuchi,2026-09-10T09:26:53.996272+00:00
Entertainment: Japanese Anime & Manga,multiple,medium,The main antagonist of the second part of JoJo's Bizarre Adventure is which of the following?,Kars,Erina Joestar | Santana | Wired Beck,2026-09-10T09:26:53.996283+00:00
Entertainment: Japanese Anime & Manga,multiple,medium,My Hero Academia's main character Midoriya goes by what superhero name?,Deku,All Might | Saitama | Kona,2026-09-10T09:26:53.996291+00:00
Entertainment: Japanese Anime & Manga,multiple,easy,"In 2013, virtual pop-star Hatsune Miku had a sponsorship with which pizza chain?",Domino's,Papa John's | Pizza Hut | Sabarro's,2026-09-10T09:26:59.585321+00:00
Entertainment: Japanese Anime & Manga,multiple,easy,What is the last name of Edward and Alphonse in the Fullmetal Alchemist series.,Elric,Ellis | Eliek | Elwood,2026-09-10T09:26:59.585340+00:00
Entertainment: Japanese Anime & Manga,multiple,medium,What was studio Trigger's first original long-form animated series for television?,Kill la Kill,Kiznaiver | Inferno Cop | Gurren Lagann,2026-09-10T09:26:59.585354+00:00
Entertainment: Japanese Anime & Manga,multiple,easy,"The two main characters of ""No Game No Life"", Sora and Shiro, together go by what name?",Blank,Immanity | Disboard | Warbeasts,2026-09-10T09:26:59.585363+00:00
Entertainment: Japanese Anime & Manga,boolean,easy,"The name of the attack ""Kamehameha"" in Dragon Ball Z was named after a famous king of Hawaii.",True,False,2026-09-10T09:26:59.585372+00:00
Entertainment: Japanese Anime & Manga,multiple,medium,"Ikki Kurogane is known by what nickname at the beginning of ""Chivalry of a Failed Knight""?",Worst One,Another One | Blazer | Princess,2026-09-10T09:26:59.585383+00:00
Entertainment: Japanese Anime & Manga,multiple,easy,"On what medium was ""Clannad"" first created?",Visual novel,Anime | Manga | Light novel,2026-09-10T09:26:59.585393+00:00
Entertainment: Japanese Anime & Manga,multiple,easy,"Which anime heavily features music from the genre ""Eurobeat""?",Initial D,Wangan Midnight | Kino no Tabi | Cowboy Bebop,2026-09-10T09:26:59.585407+00:00
Entertainment: Japanese Anime & Manga,boolean,easy,"In the ""Toaru Kagaku no Railgun"" anime,  espers can only reach a maximum of level 6 in their abilities.",False,True,2026-09-10T09:26:59.585415+00:00
Entertainment: Japanese Anime & Manga,multiple,medium,"Which of the stands from ""JoJo's Bizarre Adventure"" mimics the likeness of a tomato?",Pearl Jam,Red Hot Chili Pepper | Cream Starter | Nut King Call,2026-09-10T09:26:59.585430+00:00
Entertainment: Japanese Anime & Manga,multiple,easy,In the anime Noragami who is one of the main protagonists?,Yukine,Karuha | Mineha | Mayu,2026-09-10T09:26:59.585437+00:00
Entertainment: Japanese Anime & Manga,multiple,medium,Which studio made Cowboy Bebop?,Sunrise,Bones | Madhouse | Pierriot,2026-09-10T09:26:59.585442+00:00
Entertainment: Japanese Anime & Manga,boolean,hard,"Druid is a mage class in ""Log Horizon"".",False,True,2026-09-10T09:26:59.585448+00:00
Entertainment: Japanese Anime & Manga,multiple,medium,"In the ""Toaru Majutsu no Index"" anime, Touma Kamijou is a level 0 esper that has the ability to do what?",Dispell any esper or magical powers,Teleport | Make telepathic communications | Create electricity from his own body,2026-09-10T09:26:59.585464+00:00
Entertainment: Japanese Anime & Manga,boolean,easy,"In Kill La Kill, the weapon of the main protagonist is a katana. ",False,True,2026-09-10T09:26:59.585471+00:00
Entertainment: Japanese Anime & Manga,multiple,medium,"Who wrote and directed the animated movie ""Spirited Away"" (2001)?",Hayao Miyazaki,Isao Takahata | Mamoru Hosoda | Hidetaka Miyazaki,2026-09-10T09:26:59.585485+00:00
Entertainment: Japanese Anime & Manga,multiple,hard,"Which animation studio animated ""To Love-Ru""?",Xebec,Trigger | Sunrise | Kyoto Animation,2026-09-10T09:26:59.585492+00:00
Entertainment: Japanese Anime & Manga,multiple,easy,"What's the English Dub Name of ""Smile Precure""?",Glitter Force,Sparkle Girls | Fairy Tale Patrol | Power Princesses,2026-09-10T09:26:59.585505+00:00
Entertainment: Japanese Anime & Manga,multiple,medium,What studio animated Ouran High School Host Club?,Bones,Production I.G | Kyoto Animation | xebec,2026-09-10T09:26:59.585514+00:00
Entertainment: Japanese Anime & Manga,multiple,medium,Which of the following anime of the mecha genre began airing in 1982?,The Super Dimension Fortress Macross,Mobile Suit Gundam | Armored Trooper VOTOMS | Neon Genesis Evangelion,2026-09-10T09:26:59.585529+00:00
Entertainment: Japanese Anime & Manga,multiple,medium,Which JoJo's Bizarre Adventure character possesses the Stand named Silver Chariot?,Jean Pierre Polnareff,Noriaki Kakyoin | Hol Horse | Hermes Costello,2026-09-10T09:26:59.585543+00:00
Entertainment: Japanese Anime & Manga,multiple,easy,"Who is the colossal titan in ""Attack On Titan""?",Bertolt Hoover,Reiner | Eren | Sasha,2026-09-10T09:26:59.585551+00:00
Entertainment: Japanese Anime & Manga,multiple,medium,"Aoi Miyamori is the production manager of what anime in ""Shirobako""?",The Third Aerial Girls Squad,Exodus! | Andes Chucky | Angel Beats!,2026-09-10T09:26:59.585566+00:00
Entertainment: Japanese Anime & Manga,multiple,hard,"What year was ""JoJo's Bizarre Adventure: Phantom Blood"" first released?",1987,2013 | 1983 | 1995,2026-09-10T09:26:59.585573+00:00
Entertainment: Japanese Anime & Manga,multiple,medium,What sport is being played in the Anime Eyeshield 21?,American Football,Baseball | Football | Basketball,2026-09-10T09:26:59.585581+00:00
Entertainment: Japanese Anime & Manga,multiple,hard,Who is the horror manga artist who made Uzumaki?,Junji Ito,Kazuo Umezu | Shintaro Kago | Sui Ishida,2026-09-10T09:26:59.585598+00:00
Entertainment: Japanese Anime & Manga,multiple,medium,"In ""Toriko"", which of the following foods is knowingly compatible with Toriko?",Poison Potato,Mors Oil | Alpacookie | Parmesansho Fruit,2026-09-10T09:26:59.585611+00:00
Entertainment: Japanese Anime & Manga,multiple,hard,"In the superhero anime, ""One Punch Man"", what is the main protagonist's Hero name?",Caped Baldy,Strong Fist | Mad Boxer | Justice Puncher,2026-09-10T09:26:59.585626+00:00
Entertainment: Japanese Anime & Manga,multiple,medium,"In Pokémon Chronicles, why was Misty afraid of Gyarados?",She crawled into it's mouth as a baby.,She found it scary. | She was badly injured from it. | It is part Bug.,2026-09-10T09:26:59.585644+00:00
Entertainment: Japanese Anime & Manga,multiple,medium,"Which animation studio animated the 2016 anime ""Mob Psycho 100""?",Bones,A-1 Pictures | Shaft | Madhouse,2026-09-10T09:26:59.585652+00:00
Entertainment: Japanese Anime & Manga,multiple,hard,"In ""Highschool of the Dead"", where did Komuro and Saeko establish to meet after the bus explosion?",Eastern Police Station,The Center Mall | Komuro's House | On The Main Bridge,2026-09-10T09:26:59.585669+00:00
Entertainment: Japanese Anime & Manga,boolean,easy,"In Miss Kobayashi's Dragon Maid, Tohru is a member of the harmony faction.",False,True,2026-09-10T09:26:59.585676+00:00
Entertainment: Japanese Anime & Manga,multiple,easy,"What caused the titular mascot of Yo-Kai Watch, Jibanyan, to become a yokai?",Being run over by a truck,Ate one too many chocobars | Through a magical ritual | When he put on the harmaki,2026-09-10T09:26:59.585693+00:00
Entertainment: Japanese Anime & Manga,multiple,medium,"Which band name isn't a Stand in ""JoJo's Bizarre Adventure""?",AC/DC,Green Day | Survivor | Red Hot Chili Peppers,2026-09-10T09:26:59.585706+00:00
Entertainment: Japanese Anime & Manga,multiple,medium,"What is the name of the protagonist of the 2017 anime ""Land of the Lustrous""?",Phosphophyllite,Watermelon Tourmaline | Cinnabar | Padparadscha,2026-09-10T09:26:59.585716+00:00
Entertainment: Japanese Anime & Manga,boolean,medium,"The animated film ""Spirited Away"" won the Academy Award for Best Animated Feature at the 75th Academy Awards in 2003.",True,False,2026-09-10T09:26:59.585724+00:00
Entertainment: Japanese Anime & Manga,multiple,easy,Which part from the JoJo's Bizarre Adventure manga is about a horse race across America?,Part 7: Steel Ball Run,Part 6: Stone Ocean | Part 3: Stardust Crusaders | Part 5: Golden Wind,2026-09-10T09:26:59.585741+00:00
Entertainment: Japanese Anime & Manga,multiple,easy,In the anime Seven Deadly Sins what is the name of one of the sins?,Diane,Sakura | Ayano | Sheska,2026-09-10T09:26:59.585749+00:00
Entertainment: Japanese Anime & Manga,boolean,hard,"In the ""To Love-Ru"" series, Peke is considered a female robot.",True,False,2026-09-10T09:26:59.585755+00:00
Entertainment: Japanese Anime & Manga,boolean,hard,"The character Plum from ""No Game No Life"" is a girl.",False,True,2026-09-10T09:26:59.585761+00:00
Entertainment: Japanese Anime & Manga,multiple,hard,"Which animation studio produced the anime adaptation of ""xxxHolic""?",Production I.G,Sunrise | Xebec | Kyoto Animation,2026-09-10T09:26:59.585771+00:00
Entertainment: Japanese Anime & Manga,multiple,hard,"Which person from ""JoJo's Bizarre Adventure"" does NOT house a reference to a band, artist, or song earlier than 1980?",Giorno Giovanna,Josuke Higashikata | Jolyne Cujoh | Johnny Joestar,2026-09-10T09:26:59.585787+00:00
Entertainment: Japanese Anime & Manga,boolean,medium,"In Full Metal Panic!, Whispered are those who are capable of creating Black Technology.",True,False,2026-09-10T09:26:59.585794+00:00
Entertainment: Japanese Anime & Manga,multiple,easy,"Who is the author of the manga series ""Astro Boy""?",Osamu Tezuka,Mitsuteri Yokoyama | Takao Saito | Yoshihiro Tatsumi,2026-09-10T09:26:59.585807+00:00
Entertainment: Japanese Anime & Manga,boolean,easy,"In Pokémon, Ash's Pikachu refuses to go into a pokeball.",True,False,2026-09-10T09:26:59.585814+00:00
Entertainment: Japanese Anime & Manga,multiple,hard,"In which manga did the ""404 Girl"" from 4chan originate from?",Yotsuba&!,Azumanga Daioh | Lucky Star | Clover,2026-09-10T09:26:59.585833+00:00
Entertainment: Japanese Anime & Manga,multiple,hard,"Which animation studio produced ""Sword Art Online""?",A-1 Pictures,Production I.G | Silver Link | Kyoto Animation,2026-09-10T09:26:59.585846+00:00
Entertainment: Japanese Anime & Manga,multiple,medium,What colour hair does the main character of the Yu-Gi-Oh! original anime series have?,"Red, black and yellow","Red, yellow and green | Red, black and green | Red, purple and blue",2026-09-10T09:26:59.585862+00:00
Entertainment: Japanese Anime & Manga,boolean,easy,"In the ""To Love-Ru"" series, Golden Darkness is sent to kill Lala Deviluke.",False,True,2026-09-10T09:26:59.585869+00:00
Entertainment: Japanese Anime & Manga,multiple,medium,"In the ADV (English) Dub of the anime ""Ghost Stories"", which character is portrayed as a Pentacostal Christian?",Momoko Koigakubo,Hajime Aoyama | Satsuki Miyanoshita | Mio Itai,2026-09-10T09:26:59.585884+00:00
Entertainment: Cartoon & Animations,multiple,easy,"What is Everest's favorite food in the Nickelodeon/Nick Jr. series ""PAW Patrol""?",Liver,Chicken | Steak | Caribou,2026-09-10T09:27:10.824792+00:00
Entertainment: Cartoon & Animations,boolean,easy,"Waylon Smithers from ""The Simpsons"" was originally black when he first appeared in the series.",True,False,2026-09-10T09:27:10.824812+00:00
Entertainment: Cartoon & Animations,multiple,easy,Which of the following is not a Flintstones character?,Lord Rockingham IX,Rockhead Slate | The Great Gazoo | Barney Rubble,2026-09-10T09:27:10.824829+00:00
Entertainment: Cartoon & Animations,multiple,easy,Which of these is NOT a Disney cartoon character?,Daffy Duck,Donald Duck | Daisy Duck | Scrooge McDuck,2026-09-10T09:27:10.824843+00:00
Entertainment: Cartoon & Animations,boolean,medium,"In ""Avatar: The Last Airbender"" and ""The Legend of Korra"", Lavabending is a specialized bending technique of Firebending.",False,True,2026-09-10T09:27:10.824868+00:00
Entertainment: Cartoon & Animations,multiple,hard,"What town was ""Springfield"" from ""The Simpsons"" originally named after?","Springfield, Oregon","Springfield, Missouri | Springfield, Illinois | Springfield, Massachusetts",2026-09-10T09:27:10.824889+00:00
Entertainment: Cartoon & Animations,boolean,hard,Snagglepuss was part of the Yogi Yahooies in the 1977 show Scooby's All-Star Laff-a-Lympics.,False,True,2026-09-10T09:27:10.824897+00:00
Entertainment: Cartoon & Animations,multiple,medium,"The character White Diamond from Steven Universe, is voiced by who?",Christine Ebersole,Ellen McLain | Aly Michalka | Rihanna,2026-09-10T09:27:10.824910+00:00
Entertainment: Cartoon & Animations,multiple,easy,Who was the villain of ''The Lion King''?,Scar,Fred | Jafar | Vada,2026-09-10T09:27:10.824917+00:00
Entertainment: Cartoon & Animations,multiple,medium,"Who is the ""dumb blonde"" character in Nickelodeon's ""The Loud House""?",Leni,Luan | Luna | Lincoln,2026-09-10T09:27:10.824925+00:00
Entertainment: Cartoon & Animations,multiple,medium,"In ""My Little Pony: Friendship is Magic"", which of these ponies represents the quality of honesty?",Applejack,Twilight Sparkle | Pinkie Pie | Rarity,2026-09-10T09:27:10.824938+00:00
Entertainment: Cartoon & Animations,multiple,easy,"In the show ""Foster's Home For Imaginary Friends"", which character had an obsession with basketball?",Wilt,Coco | Mac | Cheese,2026-09-10T09:27:10.824947+00:00
Entertainment: Cartoon & Animations,multiple,easy,"Which of these is NOT a catchphrase used by Rick Sanchez in the TV show ""Rick and Morty""?","Slam dunk, nothing but net!","Hit the sack, Jack! | Rikki-Tikki-Tavi, biatch! | Wubba-lubba-dub-dub!",2026-09-10T09:27:10.824970+00:00
Entertainment: Cartoon & Animations,multiple,easy,"In The Simpsons, which war did Seymour Skinner serve in the USA Army as a Green Beret?",Vietnam War,World War 2 | World War 1 | Cold War,2026-09-10T09:27:10.824985+00:00
Entertainment: Cartoon & Animations,multiple,medium,"When did the last episode of ""Futurama"" air before returning in 2023?","September 4, 2013","December 25, 2010 | March 28, 1999 | November 4, 2021",2026-09-10T09:27:10.825001+00:00
Entertainment: Cartoon & Animations,multiple,hard,"Benny, Brain, Fancy-Fancy, Spook and Choo-Choo were known associates of what Hanna Barbera cartoon character?",Top Cat,Yogi Bear | Snagglepuss | Scooby-Doo,2026-09-10T09:27:10.825013+00:00
Entertainment: Cartoon & Animations,multiple,medium,Who voiced Finn in Adventure Time?,Jeremy Shada,Nolan North | John DiMaggio | Tom Kenny,2026-09-10T09:27:10.825026+00:00
Entertainment: Cartoon & Animations,multiple,medium,"In the show ""Fat Albert and the Cosby Kids"", what is the name of the characters' fictional gang?",The Junkyard Gang,The Trash Troupe | The Scrapyard Seven | The Rotten Posse,2026-09-10T09:27:10.825042+00:00
Entertainment: Cartoon & Animations,multiple,easy,What was the first Disney movie to use CGI?,The Black Cauldron,Tron | Toy Story | Fantasia,2026-09-10T09:27:10.825052+00:00
Entertainment: Cartoon & Animations,multiple,hard,"In ""Gravity Falls"", how much does Waddles weigh when Mable wins him in ""The Time Traveler's Pig""?",15 pounds,20 pounds | 10 pounds | 30 pounds,2026-09-10T09:27:10.825068+00:00
Entertainment: Cartoon & Animations,multiple,medium,"What Cartoon Network show aired its first episode on November 4th, 2013?",Steven Universe,Regular Show | Adventure Time | The Amazing World of Gumball,2026-09-10T09:27:10.825083+00:00
Entertainment: Cartoon & Animations,multiple,easy,Which of the following did not feature in the cartoon 'Wacky Races'?,The Dragon Wagon,The Bouldermobile | The Crimson Haybailer | The Compact Pussycat,2026-09-10T09:27:10.825097+00:00
Entertainment: Cartoon & Animations,boolean,medium,Donald Duck played the role of Bob Cratchit in Disney's 1983 adaptation of A Christmas Carol.,False,True,2026-09-10T09:27:10.825105+00:00
Entertainment: Cartoon & Animations,multiple,easy,"What was the name of the sea witch in the 1989 Disney film ""The Little Mermaid""?",Ursula,Madam Mim | Maleficent | Lady Tremaine,2026-09-10T09:27:10.825116+00:00
Entertainment: Cartoon & Animations,boolean,medium,Blue Danube was one of the musical pieces featured in Disney's 1940's film Fantasia.,False,True,2026-09-10T09:27:10.825123+00:00
Entertainment: Cartoon & Animations,multiple,medium,What is Scooby-Doo's real name?,Scoobert,Scooter | Scrappy | Shooby,2026-09-10T09:27:10.825129+00:00
Entertainment: Cartoon & Animations,multiple,hard,"In the 1968 Cartoon Show ""Wacky Races"" what was the name of cavemen duo who rode in The Boulder Mobile?",The Slag Brothers,The Slate Brothers | The Rock Brothers | The Stone Brothers,2026-09-10T09:27:10.825145+00:00
Entertainment: Cartoon & Animations,multiple,medium,"Which city did Anger berate for ruining pizza in ""Inside Out""?",San Francisco,Minnesota | Washington | California,2026-09-10T09:27:10.825154+00:00
Entertainment: Cartoon & Animations,multiple,medium,"What is the name of Sid's dog in ""Toy Story""?",Scud,Buster | Whiskers | Mr. Jones,2026-09-10T09:27:10.825163+00:00
Entertainment: Cartoon & Animations,multiple,hard,"In the ""Star Wars"" universe, what species is Grand Admiral Thrawn?",Chiss,Gungans | Pantorans | Twi'lek,2026-09-10T09:27:10.825172+00:00
Entertainment: Cartoon & Animations,multiple,easy,"Who created the Cartoon Network series ""Regular Show""?",J. G. Quintel,Ben Bocquelet | Pendleton Ward | Rebecca Sugar,2026-09-10T09:27:10.825185+00:00
Entertainment: Cartoon & Animations,multiple,easy,"What is the relationship between Rick and Morty in the show ""Rick and Morty""?",Grandfather and Grandson,Father and Son | Best Friends | Crimefighting Partners,2026-09-10T09:27:10.825199+00:00
Entertainment: Cartoon & Animations,multiple,hard,"In ""Gravity Falls"", what does Quentin Trembley do when he is driven out from the White House?",Eat a salamander and jump out the window.,"Leave in peace. | Jump out the window. | Release 1,000 captive salamanders into the white house.",2026-09-10T09:27:10.825218+00:00
Entertainment: Cartoon & Animations,multiple,easy,What is the surname of one of the male teachers in the BBC series Postman Pat?,Pringle,Walker | Dorito | Lays,2026-09-10T09:27:10.825226+00:00
Entertainment: Cartoon & Animations,multiple,medium,"In the Dreamworks animated movie ""Madagascar,"" who voices Maurice the lemur?",Cedric the Entertainer,Jack Black | Sacha Baron Cohen | Chris Rock,2026-09-10T09:27:10.825241+00:00
Entertainment: Cartoon & Animations,multiple,easy,What is the name of the city that The Flintstones is based in?,Bedrock,Stoneville | Rockhampton | Boulder City,2026-09-10T09:27:10.825250+00:00
Entertainment: Cartoon & Animations,multiple,medium,How many episodes were in season five of Samurai Jack?,10,12 | 11 | 13,2026-09-10T09:27:10.825256+00:00
Entertainment: Cartoon & Animations,multiple,medium,Adam West was the mayor of which cartoon town?,Quahog,Springfield | South Park | Langley Falls,2026-09-10T09:27:10.825265+00:00
Entertainment: Cartoon & Animations,multiple,medium,"In ""The Simpsons"", where did Homer and Marge first meet?",At Summer Camp,At High School | At Church | At 742 Evergreen Terrace,2026-09-10T09:27:10.825280+00:00
Entertainment: Cartoon & Animations,multiple,hard,What is Scooby Doo's full name?,Scoobert Doo,Scooter Doo | Scooby Dooby Doo | Scoobity Doo,2026-09-10T09:27:10.825292+00:00
Entertainment: Cartoon & Animations,multiple,hard,"Which of the following films was Don Bluth both the writer, director, and producer for?",All Dogs Go To Heaven,Titan A.E. | Anastasia | The Land Before Time,2026-09-10T09:27:10.825306+00:00
Entertainment: Cartoon & Animations,multiple,medium,Which Sanrio character was introduced in 1996?,Pompompurin,My Melody | Badtz-Maru | Kerropi,2026-09-10T09:27:10.825314+00:00
Entertainment: Cartoon & Animations,boolean,medium,Nutcracker Suite was one of the musical pieces featured in Disney's 1940's film Fantasia.,True,False,2026-09-10T09:27:10.825321+00:00
Entertainment: Cartoon & Animations,boolean,medium,Nickelodeon rejected the pilot to Adventure Time.,True,False,2026-09-10T09:27:10.825326+00:00
Entertainment: Cartoon & Animations,multiple,easy,Who is the only voice actor to have a speaking part in all of the Disney Pixar feature films? ,John Ratzenberger,Tom Hanks | Dave Foley | Geoffrey Rush,2026-09-10T09:27:10.825341+00:00
Entertainment: Cartoon & Animations,multiple,easy,"Who created the Cartoon Network series ""Adventure Time""?",Pendleton Ward,J. G. Quintel | Ben Bocquelet | Rebecca Sugar,2026-09-10T09:27:10.825353+00:00
Entertainment: Cartoon & Animations,multiple,medium,"Who created ""RWBY""?",Monty Oum,Miles Luna | Kerry Shawcross | Shane Newville,2026-09-10T09:27:10.825366+00:00
Entertainment: Cartoon & Animations,multiple,medium,"In ""SpongeBob SquarePants"", what is the name of Sandy Cheek's place of residence?",Sandy's Treedome,"""The Dome"" | Sandy's Bubble | Auquatic Reseach Centre",2026-09-10T09:27:10.825382+00:00
Entertainment: Cartoon & Animations,multiple,hard,"What was Maggie Simpson's first canonical word, not including the Tracey Ullman shorts?",Daddy.,Sequel? | Ja! | Rusty!,2026-09-10T09:27:10.825394+00:00
Entertainment: Cartoon & Animations,multiple,medium,"What is the cartoon character, Andy Capp, known as in Germany?",Willi Wakker,Dick Tingeler | Helmut Schmacker | Rod Tapper,2026-09-10T09:27:10.825412+00:00
Entertainment: Cartoon & Animations,multiple,hard,Which of these cartoon girlfriends of popular characters first appeared before their boyfriends?,Olive Oyl,Minnie Mouse | Lola Bunny | Daisy Duck,2026-09-10T09:27:16.418664+00:00
Entertainment: Cartoon & Animations,multiple,hard,"Which cartoon family lives in 31 Spooner Street, Quahog, Rhode Island USA?",The Griffins,The Simpsons | The Jetsons | The Hills,2026-09-10T09:27:16.418691+00:00
Entertainment: Cartoon & Animations,multiple,medium,Which of these is not a real character in the cartoon series My Little Pony: Friendship is Magic?,Rose Marene,Pinkie Pie | Maud Pie | Rainbow Dash,2026-09-10T09:27:16.418708+00:00
Entertainment: Cartoon & Animations,multiple,easy,"In ""Avatar: The Last Airbender"", which element does Aang begin to learn after being defrosted?",Water,Air | Earth | Fire,2026-09-10T09:27:16.418718+00:00
Entertainment: Cartoon & Animations,multiple,hard,What was the name of Jonny's pet dog in The Adventures of Jonny Quest?,Bandit,Lucky | Rocky | Max,2026-09-10T09:27:16.418727+00:00
Entertainment: Cartoon & Animations,boolean,medium,Night on Bald Mountain was one of the musical pieces featured in Disney's 1940's film Fantasia.,True,False,2026-09-10T09:27:16.418735+00:00
Entertainment: Cartoon & Animations,multiple,easy,"In South Park, what is Stan's surname?",Marsh,Stotch | Broflovski | Tweak,2026-09-10T09:27:16.418741+00:00
Entertainment: Cartoon & Animations,multiple,easy,"In the 1993 Disney animated series ""Bonkers"", what is the name of Bonker's second partner?",Miranda Wright,Dick Tracy | Eddie Valiant | Dr. Ludwig von Drake,2026-09-10T09:27:16.418757+00:00
Entertainment: Cartoon & Animations,boolean,easy,"Bill Cipher in the show ""Gravity Falls"" is the good guy.",False,True,2026-09-10T09:27:16.418763+00:00
Entertainment: Cartoon & Animations,multiple,easy,Which Teenage Mutant Ninja Turtle traditionally wears an orange bandana?,Michelangelo,Leonardo | Donatello | Raphael,2026-09-10T09:27:16.418770+00:00
Entertainment: Cartoon & Animations,multiple,easy,"In My Little Pony, what is the name of Applejack's younger sister?",Apple Bloom,Red Delicious | Apple Sweets | Apple Fritter,2026-09-10T09:27:16.418784+00:00
Entertainment: Cartoon & Animations,multiple,hard,"In ""Gravity Falls"", the character Bill Cipher remarks that ""the universe is what?""",A hologram ,An illusion  | A simulation | Corrupting,2026-09-10T09:27:16.418798+00:00
Entertainment: Cartoon & Animations,multiple,easy,Which 'Family Guy' character got his own spin-off show in 2009?,Cleveland Brown,Glenn Quagmire | Joe Swanson | The Greased-up Deaf Guy,2026-09-10T09:27:16.418813+00:00
Entertainment: Cartoon & Animations,multiple,medium,Nickelodeon is owned by what parent company?,Viacom,CBS | FOX | ABC,2026-09-10T09:27:16.418819+00:00
Entertainment: Cartoon & Animations,multiple,medium,"Which singer provided the voice of Metroid's Mother Brain in the animated series ""Captain N: The Game Master""?",Levi Stubbs,Freddie Mercury | Janet Jackson | Joan Jett,2026-09-10T09:27:16.418834+00:00
Entertainment: Cartoon & Animations,multiple,easy,The song 'Little April Shower' features in which Disney cartoon film?,Bambi,Cinderella | Pinocchio | The Jungle Book,2026-09-10T09:27:16.418843+00:00
Entertainment: Cartoon & Animations,multiple,medium,"Before becoming the Autobot leader, Optimus Prime was known by what name on Cybertron?",Orion Pax,Long Haul | P-138 | Teletran-1,2026-09-10T09:27:16.418854+00:00
Entertainment: Cartoon & Animations,multiple,easy,"Who voiced the Genie in Disney's ""Aladdin""?",Robin Williams,Billy Crystal | Adam Sandler | Jim Carrey,2026-09-10T09:27:16.418867+00:00
Entertainment: Cartoon & Animations,multiple,hard,"Who played Stan's dog in the South Park episode ""Big Gay Al's Big Gay Boat Ride""?",George Clooney,Jay Leno | Matt Stone | Robert Smith,2026-09-10T09:27:16.418899+00:00
Entertainment: Cartoon & Animations,multiple,easy,Who is Winnie the Pooh's gloomy donkey friend?,Eeyore,Piglet | Tigger | Kanga,2026-09-10T09:27:16.418910+00:00
Entertainment: Cartoon & Animations,multiple,medium,"What year was the Disney film ""A Goofy Movie"" released?",1995,1999 | 2001 | 1997,2026-09-10T09:27:16.418918+00:00
Entertainment: Cartoon & Animations,multiple,easy,"Butters Stotch, Pip Pirrup, and Wendy Testaburger are all characters in which long running animated TV series?",South Park,The Simpsons | Family Guy | Bob's Burgers,2026-09-10T09:27:16.418934+00:00
Entertainment: Cartoon & Animations,multiple,medium,Which one of these cartoon characters is NOT voiced by Rob Paulsen?,Max Tennyson (Ben 10),"Carl Wheezer (Jimmy Neutron) | Yakko Warner (Animaniacs) | The Mask (The Mask, TV Series)",2026-09-10T09:27:16.418952+00:00
Entertainment: Cartoon & Animations,multiple,hard,"In the TV show ""Rick and Morty"", Rick uses the catchphrase ""Wubba Lubba Dub Dub"", which means what in Birdperson?","I am in great pain, please help me.","I pray that my life ends soon. | Lets get this party started! | I am suffering, please help me.",2026-09-10T09:27:16.418973+00:00
Entertainment: Cartoon & Animations,multiple,medium,What ability does Princess Sofia the First have from her amulet that allows her to breathe underwater?,Mermaid Transformation,Artificial Gills | Bubble Head | Bubble Shield,2026-09-10T09:27:16.418992+00:00
Entertainment: Cartoon & Animations,multiple,medium,"The stop motion comedy show ""Robot Chicken"" was created by which of the following?",Seth Green,Seth MacFarlane | Seth Rogen | Seth Rollins,2026-09-10T09:27:16.419006+00:00
Entertainment: Cartoon & Animations,multiple,medium,"What is Dipper's real name from ""Gravity Falls""?",Mason Pines,Mable Pines | Jason Pines | Mark Pines,2026-09-10T09:27:16.419019+00:00
Entertainment: Cartoon & Animations,multiple,hard,"Who voice acted the character Hiccup in the movie ""How to Train Your Dragon""?",Jay Baruchel,Jack Brauchel | John Powell | Gerard Butler,2026-09-10T09:27:16.419033+00:00
Entertainment: Cartoon & Animations,multiple,easy,What is the name of the creatures that the protagonists of the webshow RWBY fight against?,Grimm,Reavers | Heartless | Dark Ones,2026-09-10T09:27:16.419042+00:00
Entertainment: Cartoon & Animations,multiple,medium,What is the standard frame rate for animation?,24 FPS,12 FPS | 30 FPS | 60 FPS,2026-09-10T09:27:16.419056+00:00
Entertainment: Cartoon & Animations,multiple,medium,"In what year did the anime adaptation of ""March Comes In Like A Lion"" air?",2016,2017 | 2018 | 2015,2026-09-10T09:27:16.419064+00:00
Entertainment: Cartoon & Animations,multiple,easy,"Which of these characters live in a pineapple under the sea in the cartoon ""SpongeBob SquarePants"".",SpongeBob SquarePants ,Patrick Star | Squidward Tentacles | Mr. Krabs,2026-09-10T09:27:16.419079+00:00
Entertainment: Cartoon & Animations,multiple,medium,"Which ""Toy Story"" character was voiced by Don Rickles?",Mr. Potato Head,Slinky Dog | Hamm | Rex,2026-09-10T09:27:16.419089+00:00
Entertainment: Cartoon & Animations,boolean,easy,"In the ""Shrek"" film franchise, Donkey is played by Eddie Murphy.",True,False,2026-09-10T09:27:16.419096+00:00
Entertainment: Cartoon & Animations,multiple,hard,"What was the release date of the first episode of ""The Powerpuff Girls""?","November 18, 1998","June 25, 1999 | July 28, 2000 | April 14, 2001",2026-09-10T09:27:16.419112+00:00
Entertainment: Cartoon & Animations,multiple,easy,"Wendy O. Koopa appeared in the Super Mario DIC Cartoons, but what was she known as?",Kootie Pie,Sweetie Pie | Wendy Pie | Honey Pie,2026-09-10T09:27:16.419126+00:00
Entertainment: Cartoon & Animations,multiple,easy,"In the Pixar film, ""Toy Story"" what was the name of the child who owned the toys?",Andy,Edward | Danny | Matt,2026-09-10T09:27:16.419134+00:00
Entertainment: Cartoon & Animations,multiple,easy,Who voices for Ruby in the animated series RWBY?,Lindsay Jones,Tara Strong | Jessica Nigri | Hayden Panettiere,2026-09-10T09:27:16.419147+00:00
Entertainment: Cartoon & Animations,multiple,easy,"Which cartoon family lives in 742 Evergreen Terrace, Springfield USA?",The Simpsons,The Hills | The Flintstones | The Griffins,2026-09-10T09:27:16.419159+00:00
Entertainment: Cartoon & Animations,multiple,easy,"In the show ""Steven Universe"", who are the main two employees of The Big Donut?",Sadie and Lars,Steven and James | Erik and Julie | Bob and May,2026-09-10T09:27:16.419175+00:00
Entertainment: Cartoon & Animations,multiple,medium,What is the name of Ruby Rose's weapon from RWBY?,Crescent Rose,Thorned Rosebud | Magnhild | Crooked Scythe,2026-09-10T09:27:16.419186+00:00
Entertainment: Cartoon & Animations,multiple,easy,Which of these cartoons had a character named Heinz Doofenshmirtz?,Phineas & Ferb,Ren & Stimpy | Ben 10 | Batman: The Animated Series,2026-09-10T09:27:16.419203+00:00
Entertainment: Cartoon & Animations,multiple,hard,"Townsend Coleman provided the voice for which turtle in the original 1987 series of ""Teenage Mutant Ninja Turtles""?",Michelangelo,Leonardo | Donatello | Raphael,2026-09-10T09:27:16.419211+00:00
Entertainment: Cartoon & Animations,multiple,hard,"In the web-comic Homestuck, what is the name of the game the 4 kids play?",Sburb,Homesick | Husslie | Hiveswap,2026-09-10T09:27:16.419219+00:00
Entertainment: Cartoon & Animations,multiple,easy,What type of animal is Disney's Bambi?,Deer,Elephant | Wolf | Mouse,2026-09-10T09:27:16.419224+00:00
Entertainment: Cartoon & Animations,multiple,medium,"What was the number on Gerald's shirt in ""Hey Arnold!""?",33,88 | 38 | 83,2026-09-10T09:27:16.419231+00:00
Entertainment: Cartoon & Animations,multiple,medium,Which episode from The Amazing World Of Gumball won the Childrens Choice Award at the British Animation Awards in 2016?,The Shell,The Limit | The Kids | The Gripes,2026-09-10T09:27:16.419246+00:00
Entertainment: Cartoon & Animations,multiple,easy,"What is lost in Hawaiian and is also the name of a little girl in a 2002 film which features a alien named ""Stitch""?",Lilo,Lolo | Lucy | Lulu,2026-09-10T09:27:16.419256+00:00
Entertainment: Cartoon & Animations,multiple,medium,"In ""The Amazing World of Gumball"", who is the principal of Elmore Junior High?",Principal Brown,Principal Small | Principal Brawn | Principal Simeon,2026-09-10T09:27:16.419270+00:00
Entertainment: Cartoon & Animations,multiple,medium,Which Hanna-Barbera cartoon character travelled with a canine companion named Beegle Beagle?,Grape Ape,Boss Gator | Wally Gator | Yogi Bear,2026-09-10T09:27:16.419284+00:00
